id,first_name,last_name,email,gender,ip_address
1,Terence,Emlen,temlen0@networksolutions.com,Genderfluid,226.106.166.103
2,Tillie,Jubert,tjubert1@odnoklassniki.ru,Non-binary,228.180.225.15
3,Doug,Lewsey,dlewsey2@google.com,Genderfluid,121.169.30.108
4,Leah,Hannon,lhannon3@bizjournals.com,Non-binary,209.79.26.74
5,Amitie,Spellman,aspellman4@theguardian.com,Female,180.204.140.73
6,Bennie,Anwell,banwell5@technorati.com,Agender,14.95.142.174
7,Levin,Blofeld,lblofeld6@simplemachines.org,Bigender,238.59.229.231
8,Washington,Godar,wgodar7@51.la,Polygender,191.85.8.35
9,Colman,Reston,creston8@jugem.jp,Non-binary,168.109.9.234
10,Astrix,Seilmann,aseilmann9@tripadvisor.com,Non-binary,102.126.151.241
11,Juan,Emney,jemneya@home.pl,Genderqueer,48.253.39.81
12,Casandra,McGrouther,cmcgroutherb@theglobeandmail.com,Polygender,238.140.105.68
13,Juanita,Orgee,jorgeec@harvard.edu,Non-binary,156.149.169.227
14,Derek,Bordman,dbordmand@github.com,Non-binary,128.156.24.158
15,Adelice,Langan,alangane@state.tx.us,Genderqueer,61.29.242.2
16,Jacobo,Collerd,jcollerdf@loc.gov,Non-binary,12.27.42.199
17,Rubia,Creaser,rcreaserg@w3.org,Female,171.192.181.241
18,Rudolfo,Plevey,rpleveyh@gizmodo.com,Female,79.215.215.180
19,Tomi,Deverille,tdeverillei@vimeo.com,Genderfluid,43.1.179.5
20,Helyn,Guiduzzi,hguiduzzij@storify.com,Polygender,116.131.145.180
21,Dene,Beecheno,dbeechenok@wikia.com,Female,225.110.143.174
22,Zane,Chupin,zchupinl@amazon.co.uk,Genderqueer,178.213.56.89
23,Dorelle,Aggett,daggettm@jiathis.com,Non-binary,231.171.111.65
24,Lou,McNerlin,lmcnerlinn@redcross.org,Non-binary,198.187.40.203
25,Tadio,Wisker,twiskero@cyberchimps.com,Agender,101.116.95.94
26,Rochella,Jeanes,rjeanesp@va.gov,Genderqueer,27.190.78.1
27,Christophorus,Klejin,cklejinq@amazon.co.uk,Male,163.240.225.194
28,Theo,Fishley,tfishleyr@histats.com,Bigender,113.50.78.171
29,Richmond,Crayke,rcraykes@bigcartel.com,Male,24.137.146.8
30,Desiree,Stibbs,dstibbst@pen.io,Non-binary,120.39.65.96
31,Quinta,MacShirrie,qmacshirrieu@instagram.com,Genderqueer,62.189.0.0
32,Joan,O'Beirne,jobeirnev@nationalgeographic.com,Genderqueer,161.180.46.200
33,Prissie,Guynemer,pguynemerw@huffingtonpost.com,Non-binary,199.190.71.133
34,Rinaldo,Liddard,rliddardx@furl.net,Non-binary,238.219.202.215
35,Quintin,Rubberts,qrubbertsy@bloomberg.com,Agender,93.185.79.66
36,Elfreda,Ternent,eternentz@examiner.com,Female,184.41.192.15
37,Mariette,Dani,mdani10@macromedia.com,Genderfluid,112.188.132.244
38,Florrie,Paridge,fparidge11@sakura.ne.jp,Bigender,218.15.229.16
39,Leona,Tizard,ltizard12@irs.gov,Non-binary,44.166.240.168
40,Moishe,Grayling,mgrayling13@nature.com,Male,186.214.238.188
41,Teriann,Lockwood,tlockwood14@gov.uk,Non-binary,85.136.10.123
42,Thane,Valencia,tvalencia15@bloglines.com,Bigender,252.127.57.150
43,Esmeralda,Walthew,ewalthew16@naver.com,Male,236.241.175.105
44,Alikee,Cleiment,acleiment17@xinhuanet.com,Genderqueer,224.117.76.254
45,Meggi,Kalf,mkalf18@fda.gov,Bigender,227.182.200.117
46,Fifi,Napoli,fnapoli19@youku.com,Female,74.79.146.168
47,Bambi,Morad,bmorad1a@woothemes.com,Agender,92.12.26.193
48,Consuelo,Benoi,cbenoi1b@ed.gov,Female,114.176.65.231
49,Bronnie,Allpress,ballpress1c@arizona.edu,Agender,203.191.177.71
50,Waverley,McNiff,wmcniff1d@reference.com,Non-binary,206.173.163.228
51,Amii,Todman,atodman1e@webnode.com,Male,74.246.154.148
52,Iggie,Moriarty,imoriarty1f@nasa.gov,Male,225.81.248.156
53,Malynda,Monson,mmonson1g@tiny.cc,Genderfluid,251.121.40.20
54,Benedetta,Rothchild,brothchild1h@live.com,Female,74.11.11.27
55,Kaspar,Hullin,khullin1i@washingtonpost.com,Genderfluid,129.238.125.112
56,Del,Iscowitz,discowitz1j@istockphoto.com,Genderfluid,247.221.28.160
57,Georgi,Terzi,gterzi1k@unblog.fr,Bigender,70.156.215.173
58,Barrie,Stones,bstones1l@wisc.edu,Genderfluid,146.179.8.32
59,Milly,Crellim,mcrellim1m@surveymonkey.com,Agender,214.18.120.103
60,Jaquith,Harroway,jharroway1n@cisco.com,Non-binary,222.198.255.72
61,Sherwood,Lydiatt,slydiatt1o@google.co.jp,Bigender,247.163.97.199
62,Bartolemo,Eberst,beberst1p@nhs.uk,Female,118.110.71.131
63,Terry,Chessum,tchessum1q@xrea.com,Non-binary,191.180.115.162
64,Johan,Hinks,jhinks1r@samsung.com,Male,55.152.224.245
65,Goldy,Dudley,gdudley1s@jalbum.net,Genderfluid,41.112.183.46
66,Suzette,Salomon,ssalomon1t@etsy.com,Agender,220.31.136.11
67,Lizette,de Courcey,ldecourcey1u@vk.com,Bigender,196.212.79.139
68,Celestyna,Fackrell,cfackrell1v@china.com.cn,Genderqueer,220.88.130.104
69,Henrieta,Helbeck,hhelbeck1w@gizmodo.com,Bigender,172.191.180.54
70,Cristi,Sebyer,csebyer1x@issuu.com,Genderqueer,208.37.106.140
71,Elise,Lago,elago1y@intel.com,Bigender,190.158.64.203
72,Tiertza,Bone,tbone1z@howstuffworks.com,Non-binary,137.62.170.191
73,Pancho,Showell,pshowell20@ebay.co.uk,Genderqueer,57.244.172.176
74,Annette,Millen,amillen21@ovh.net,Non-binary,215.90.139.40
75,Adorne,Hiley,ahiley22@github.com,Genderqueer,50.10.204.131
76,Benn,Power,bpower23@cargocollective.com,Genderqueer,136.245.109.76
77,Tannie,Beck,tbeck24@goo.ne.jp,Genderfluid,232.75.191.217
78,Gannon,Favey,gfavey25@twitter.com,Polygender,160.210.140.144
79,Filbert,Guppy,fguppy26@admin.ch,Genderqueer,79.254.187.170
80,Hymie,Kestin,hkestin27@google.fr,Polygender,149.137.59.253
81,Noah,Brannan,nbrannan28@mozilla.com,Bigender,177.154.78.154
82,Korey,Allcock,kallcock29@webs.com,Non-binary,91.50.181.212
83,Editha,Ambrosetti,eambrosetti2a@mediafire.com,Non-binary,244.164.63.181
84,Merwyn,Spong,mspong2b@multiply.com,Non-binary,173.115.51.8
85,Irv,Longforth,ilongforth2c@instagram.com,Polygender,200.206.168.1
86,Jeralee,Burry,jburry2d@ow.ly,Agender,187.239.112.85
87,Fannie,O'Hagirtie,fohagirtie2e@wisc.edu,Genderqueer,200.129.42.202
88,Denice,Penniell,dpenniell2f@wunderground.com,Non-binary,216.21.215.170
89,Lane,Ellens,lellens2g@yellowbook.com,Genderqueer,168.210.44.126
90,Hubert,Seth,hseth2h@weibo.com,Female,25.159.139.72
91,Shamus,Skalls,sskalls2i@angelfire.com,Non-binary,80.20.205.132
92,Minetta,Slide,mslide2j@scribd.com,Genderfluid,159.132.35.17
93,Cyndi,Rintoul,crintoul2k@usgs.gov,Non-binary,57.168.215.41
94,Tremain,Blagdon,tblagdon2l@histats.com,Polygender,233.97.208.247
95,Kittie,Overil,koveril2m@virginia.edu,Non-binary,68.85.174.59
96,Enrika,Desquesnes,edesquesnes2n@bbb.org,Bigender,11.82.150.24
97,Fleming,Antunez,fantunez2o@latimes.com,Non-binary,57.90.27.193
98,Devan,Cappel,dcappel2p@constantcontact.com,Polygender,124.222.33.76
99,Emmie,Guilford,eguilford2q@mapquest.com,Non-binary,130.51.210.73
100,Glenine,Mayou,gmayou2r@devhub.com,Non-binary,223.246.57.42
101,Elaina,Yanele,eyanele2s@stanford.edu,Agender,42.161.168.24
102,Guendolen,Feek,gfeek2t@prnewswire.com,Bigender,151.193.146.4
103,Jody,Radclyffe,jradclyffe2u@wired.com,Male,148.179.29.112
104,Andres,Maylour,amaylour2v@ca.gov,Non-binary,84.109.215.177
105,Lon,Wraight,lwraight2w@twitpic.com,Female,99.115.191.136
106,Tallie,Carriage,tcarriage2x@pen.io,Polygender,115.148.189.244
107,Stanislaw,Kerrod,skerrod2y@printfriendly.com,Genderfluid,50.136.217.223
108,Amata,Rodmell,arodmell2z@stumbleupon.com,Bigender,211.79.151.40
109,Morna,Medd,mmedd30@google.co.uk,Agender,119.233.146.197
110,Thibaud,Begin,tbegin31@ustream.tv,Agender,225.111.245.119
111,Sadye,Connichie,sconnichie32@slideshare.net,Genderqueer,11.221.100.7
112,Vally,Cluelow,vcluelow33@newyorker.com,Male,169.187.42.206
113,Elnore,Tabourel,etabourel34@reverbnation.com,Genderfluid,133.27.38.194
114,Yoko,Adolf,yadolf35@delicious.com,Polygender,138.73.244.18
115,Lola,Ventom,lventom36@ihg.com,Agender,212.116.128.101
116,Earle,Janusz,ejanusz37@github.io,Male,109.125.195.167
117,Brandy,Wainwright,bwainwright38@ovh.net,Female,133.107.60.185
118,Hall,Gokes,hgokes39@msu.edu,Non-binary,136.96.3.219
119,Mellisent,Giorgio,mgiorgio3a@stumbleupon.com,Male,154.18.178.141
120,Leanora,Dressel,ldressel3b@google.co.uk,Genderfluid,236.36.240.179
121,Annis,Vala,avala3c@deliciousdays.com,Genderfluid,35.182.119.66
122,Clyve,Conibere,cconibere3d@omniture.com,Agender,105.193.89.241
123,Bobbie,Allery,ballery3e@ycombinator.com,Agender,175.167.188.56
124,Constantine,Willmer,cwillmer3f@nature.com,Agender,110.200.129.56
125,Constancia,Castlake,ccastlake3g@scientificamerican.com,Male,244.251.24.126
126,Garland,Niemiec,gniemiec3h@sohu.com,Non-binary,117.64.59.49
127,Ashley,Balharrie,abalharrie3i@indiegogo.com,Genderfluid,130.27.96.151
128,Thornie,Esley,tesley3j@fda.gov,Polygender,30.248.205.1
129,Elvis,McKennan,emckennan3k@netscape.com,Bigender,18.178.115.122
130,Ami,Krop,akrop3l@technorati.com,Polygender,134.15.211.208
131,Kala,Fielding,kfielding3m@stanford.edu,Genderqueer,43.12.39.141
132,Flo,Turle,fturle3n@army.mil,Non-binary,243.232.53.228
133,Ilsa,Schach,ischach3o@flickr.com,Genderfluid,104.218.151.192
134,Chlo,Palmar,cpalmar3p@princeton.edu,Genderfluid,30.39.142.6
135,Elvira,Veasey,eveasey3q@newyorker.com,Female,13.162.221.229
136,Heriberto,Leatham,hleatham3r@ameblo.jp,Genderfluid,39.2.117.5
137,Susi,Abella,sabella3s@arstechnica.com,Bigender,81.252.36.229
138,Pia,Danelutti,pdanelutti3t@imgur.com,Genderfluid,253.128.6.132
139,Efren,Orpin,eorpin3u@amazon.com,Female,152.158.205.8
140,Stacee,Holyard,sholyard3v@bandcamp.com,Female,189.214.18.108
141,Mady,Asprey,masprey3w@mlb.com,Male,0.37.96.14
142,Xaviera,Radley,xradley3x@apple.com,Polygender,128.217.223.234
143,Blinny,Moors,bmoors3y@dailymail.co.uk,Female,215.51.202.14
144,Oralla,Draycott,odraycott3z@amazonaws.com,Female,5.255.81.93
145,Marion,Windus,mwindus40@virginia.edu,Genderfluid,234.191.142.177
146,Drusie,Dudding,ddudding41@uiuc.edu,Genderfluid,12.221.158.73
147,Gary,Szymczyk,gszymczyk42@blogspot.com,Non-binary,122.239.239.26
148,Brion,Livzey,blivzey43@mysql.com,Genderqueer,182.46.24.183
149,Star,Fabbri,sfabbri44@g.co,Agender,56.121.171.114
150,Geoff,Senussi,gsenussi45@reddit.com,Female,48.154.203.80
151,Brandtr,Maudson,bmaudson46@fotki.com,Genderfluid,206.24.122.12
152,Samuele,Peplow,speplow47@purevolume.com,Bigender,76.86.157.190
153,Jordain,Tunkin,jtunkin48@nba.com,Non-binary,57.60.159.147
154,Pier,Huyge,phuyge49@facebook.com,Female,20.196.236.168
155,Nixie,Chastel,nchastel4a@typepad.com,Agender,47.197.164.115
156,Uta,Yurygyn,uyurygyn4b@auda.org.au,Bigender,144.155.54.75
157,Bibby,Butcher,bbutcher4c@elpais.com,Agender,48.108.204.218
158,Celestine,Gammidge,cgammidge4d@umn.edu,Male,167.37.122.223
159,Anatola,Griston,agriston4e@canalblog.com,Non-binary,246.99.229.21
160,Egbert,Burnand,eburnand4f@sphinn.com,Polygender,203.161.250.118
161,Erminie,Dainton,edainton4g@sina.com.cn,Genderfluid,12.56.31.212
162,Armstrong,Fateley,afateley4h@ning.com,Genderfluid,50.77.207.247
163,Rubin,Prestage,rprestage4i@alibaba.com,Bigender,99.0.230.253
164,Inesita,Ventura,iventura4j@mapquest.com,Polygender,11.210.200.2
165,Yasmin,Tucsell,ytucsell4k@youtu.be,Female,71.181.222.228
166,Ricky,Dawidman,rdawidman4l@google.com.au,Agender,134.1.180.201
167,Emlyn,Hurdman,ehurdman4m@dion.ne.jp,Agender,66.108.198.139
168,Lisette,Cass,lcass4n@ox.ac.uk,Bigender,228.230.250.3
169,Blisse,Tixall,btixall4o@answers.com,Agender,90.20.2.42
170,Audry,Duggan,aduggan4p@spiegel.de,Non-binary,240.30.195.116
171,Bettine,Testro,btestro4q@microsoft.com,Female,30.72.71.218
172,Calida,Collymore,ccollymore4r@nymag.com,Male,251.163.249.86
173,Lonnie,Yushkov,lyushkov4s@mail.ru,Genderfluid,116.124.203.250
174,Toma,Pozer,tpozer4t@hao123.com,Polygender,7.176.17.169
175,Meaghan,Maxwaile,mmaxwaile4u@rambler.ru,Female,3.252.183.139
176,Dreddy,Facher,dfacher4v@gizmodo.com,Agender,200.112.130.128
177,Gus,Oriel,goriel4w@si.edu,Genderqueer,7.201.194.110
178,Ross,Pullar,rpullar4x@networksolutions.com,Polygender,237.130.96.182
179,Derrek,Eric,deric4y@a8.net,Non-binary,249.103.169.73
180,Emmy,Bocock,ebocock4z@google.com,Genderfluid,234.154.112.145
181,Sayers,Fasse,sfasse50@tumblr.com,Bigender,72.32.246.9
182,Itch,Pyrah,ipyrah51@cnet.com,Genderqueer,40.136.124.197
183,Andy,Garrud,agarrud52@state.tx.us,Genderfluid,181.62.178.163
184,Wash,Spirritt,wspirritt53@myspace.com,Female,254.214.113.56
185,Suzanne,Grayham,sgrayham54@bravesites.com,Polygender,98.255.206.110
186,Helga,Tommasetti,htommasetti55@archive.org,Polygender,20.167.80.25
187,Myrtia,McRuvie,mmcruvie56@privacy.gov.au,Male,30.232.181.218
188,Kylie,Gallafant,kgallafant57@imgur.com,Male,188.183.138.210
189,Waylen,Alliband,walliband58@go.com,Bigender,24.212.251.241
190,Marcia,Kierans,mkierans59@google.co.uk,Genderqueer,189.16.34.227
191,Edy,Petranek,epetranek5a@edublogs.org,Non-binary,187.111.6.16
192,Salvidor,Tackell,stackell5b@naver.com,Genderfluid,14.204.244.9
193,Charil,Tiner,ctiner5c@telegraph.co.uk,Polygender,211.9.174.215
194,Erik,Deware,edeware5d@samsung.com,Genderqueer,130.41.250.115
195,Zorine,Falconer,zfalconer5e@ustream.tv,Agender,238.180.137.70
196,Joyous,Woolway,jwoolway5f@123-reg.co.uk,Genderqueer,69.130.15.213
197,Erich,Kingaby,ekingaby5g@symantec.com,Genderfluid,36.246.21.29
198,Nathanael,Brosio,nbrosio5h@marriott.com,Polygender,56.203.48.30
199,Fifine,Gummie,fgummie5i@seesaa.net,Non-binary,72.75.176.237
200,Guilbert,Sondon,gsondon5j@ucoz.com,Non-binary,180.151.29.233
201,Maison,Tonkinson,mtonkinson5k@amazon.com,Polygender,17.83.0.18
202,Dell,Squibbs,dsquibbs5l@miibeian.gov.cn,Polygender,11.135.163.114
203,Erna,Prestedge,eprestedge5m@pagesperso-orange.fr,Agender,100.72.161.204
204,Felizio,Lilford,flilford5n@forbes.com,Male,10.63.192.116
205,Brianna,Kimbury,bkimbury5o@issuu.com,Genderfluid,20.96.216.39
206,Obed,Slot,oslot5p@wikimedia.org,Bigender,80.236.168.70
207,Roderich,Paskin,rpaskin5q@behance.net,Genderqueer,71.118.209.27
208,Sheff,Franzolini,sfranzolini5r@goodreads.com,Genderqueer,20.133.7.163
209,Brew,Copcote,bcopcote5s@mac.com,Polygender,51.215.121.159
210,Godwin,Exall,gexall5t@histats.com,Agender,140.173.213.204
211,Michele,Sibthorpe,msibthorpe5u@berkeley.edu,Non-binary,60.40.227.76
212,Aurel,Gadney,agadney5v@bandcamp.com,Genderqueer,149.180.139.230
213,Jolie,Lineker,jlineker5w@springer.com,Male,253.2.203.51
214,Georgette,Oblein,goblein5x@rediff.com,Non-binary,85.183.244.67
215,Yard,January,yjanuary5y@comcast.net,Agender,29.173.127.3
216,Gale,Antonazzi,gantonazzi5z@nymag.com,Non-binary,75.155.123.235
217,Mariele,Camilleri,mcamilleri60@hp.com,Bigender,7.34.106.141
218,Cecil,Raoul,craoul61@hao123.com,Genderfluid,163.6.160.157
219,Willabella,Oseman,woseman62@home.pl,Bigender,107.17.84.149
220,Stefano,Scrimgeour,sscrimgeour63@japanpost.jp,Genderqueer,246.118.178.44
221,Talia,Belch,tbelch64@foxnews.com,Genderqueer,51.194.105.221
222,Nara,Bointon,nbointon65@cocolog-nifty.com,Bigender,193.91.224.3
223,Murry,Pinock,mpinock66@businesswire.com,Male,179.107.118.23
224,Ricard,Mayo,rmayo67@symantec.com,Polygender,91.98.134.99
225,Farr,Scamerden,fscamerden68@delicious.com,Genderfluid,192.60.58.121
226,Franchot,Szimoni,fszimoni69@google.com.br,Non-binary,242.241.227.221
227,Townie,Rooson,trooson6a@scribd.com,Bigender,23.215.6.78
228,Phylys,Bowmen,pbowmen6b@oakley.com,Agender,153.57.123.179
229,Eddi,Copland,ecopland6c@parallels.com,Genderfluid,86.226.219.105
230,Amelina,Outridge,aoutridge6d@posterous.com,Agender,199.104.89.34
231,Killie,Spreckley,kspreckley6e@uiuc.edu,Bigender,183.125.27.166
232,Jordanna,Grene,jgrene6f@constantcontact.com,Polygender,233.126.15.179
233,Eldridge,Grigson,egrigson6g@usatoday.com,Non-binary,190.167.151.17
234,Lanette,Boxhall,lboxhall6h@digg.com,Male,10.193.109.15
235,Tucker,Sushams,tsushams6i@cornell.edu,Male,55.0.105.154
236,Silva,Hamberston,shamberston6j@dailymotion.com,Female,152.20.50.39
237,Lauretta,Selwin,lselwin6k@cyberchimps.com,Female,156.141.141.145
238,Colas,Heintz,cheintz6l@mail.ru,Agender,115.132.55.217
239,Minor,Caton,mcaton6m@nytimes.com,Female,67.94.73.6
240,Marlo,Coffelt,mcoffelt6n@edublogs.org,Genderfluid,68.143.128.178
241,Lemar,Bonde,lbonde6o@examiner.com,Bigender,21.104.185.83
242,Cahra,Fellos,cfellos6p@mozilla.com,Non-binary,127.136.189.194
243,Ardisj,Champagne,achampagne6q@amazon.co.uk,Male,157.140.42.129
244,Josselyn,Gilgryst,jgilgryst6r@google.de,Agender,74.253.137.167
245,Leon,Rizzone,lrizzone6s@ask.com,Polygender,159.4.4.120
246,Jereme,Rushby,jrushby6t@unicef.org,Agender,98.243.207.63
247,Gael,Cohr,gcohr6u@addtoany.com,Non-binary,125.69.98.190
248,Dyann,Bysouth,dbysouth6v@liveinternet.ru,Male,14.65.171.14
249,Emlynn,Coote,ecoote6w@pinterest.com,Genderfluid,73.150.104.249
250,Adi,Wybern,awybern6x@yolasite.com,Male,232.68.80.214
251,Pincas,Denisard,pdenisard6y@boston.com,Genderfluid,23.135.53.125
252,Immanuel,Gemson,igemson6z@mozilla.org,Polygender,228.88.39.81
253,Hillyer,Jekel,hjekel70@marriott.com,Agender,24.98.167.210
254,Elayne,Tithacott,etithacott71@dailymail.co.uk,Agender,211.102.136.98
255,Carmelle,Pimbley,cpimbley72@t-online.de,Bigender,184.78.15.30
256,Patricio,McMechan,pmcmechan73@youtu.be,Genderfluid,36.61.252.166
257,Clywd,Shulem,cshulem74@weebly.com,Agender,63.11.203.198
258,Louie,Vargas,lvargas75@cnbc.com,Agender,76.80.248.51
259,Renae,Joskovitch,rjoskovitch76@ezinearticles.com,Bigender,74.67.115.210
260,Caralie,Broddle,cbroddle77@behance.net,Male,9.106.22.3
261,Aldis,Kobke,akobke78@ow.ly,Non-binary,61.165.192.194
262,Teodoor,Jedraszek,tjedraszek79@about.me,Agender,73.220.252.176
263,Wrennie,Clemmens,wclemmens7a@slashdot.org,Polygender,210.168.196.166
264,Terese,Angell,tangell7b@reddit.com,Non-binary,230.175.26.42
265,Auguste,Peres,aperes7c@princeton.edu,Agender,181.151.179.14
266,Stearne,Wyndham,swyndham7d@acquirethisname.com,Male,8.129.111.233
267,Arni,Gabbat,agabbat7e@diigo.com,Bigender,159.219.190.206
268,Lizzy,Gabbitus,lgabbitus7f@go.com,Polygender,197.115.2.218
269,Arleyne,Reisenstein,areisenstein7g@wordpress.com,Genderqueer,96.20.186.193
270,Sapphira,Cheyenne,scheyenne7h@sciencedaily.com,Male,105.25.156.162
271,Theobald,Eliet,teliet7i@multiply.com,Non-binary,242.109.22.46
272,Vera,Stonebridge,vstonebridge7j@apache.org,Female,63.233.104.217
273,Gilbertina,Semrad,gsemrad7k@vistaprint.com,Non-binary,88.24.37.53
274,Mill,Schulz,mschulz7l@webnode.com,Genderfluid,158.15.229.143
275,Norrie,Phillips,nphillips7m@unblog.fr,Non-binary,192.158.66.166
276,Spenser,Rolstone,srolstone7n@chronoengine.com,Genderqueer,62.89.137.226
277,Rosana,Epple,repple7o@eepurl.com,Genderqueer,2.96.88.48
278,Giacinta,Oehm,goehm7p@redcross.org,Polygender,242.221.208.8
279,Hetty,Downes,hdownes7q@networksolutions.com,Female,193.157.130.145
280,Ardenia,Taudevin,ataudevin7r@ustream.tv,Female,142.153.6.126
281,Roselin,Fortnam,rfortnam7s@multiply.com,Genderqueer,50.45.103.216
282,Antonetta,Briatt,abriatt7t@princeton.edu,Genderfluid,77.45.137.184
283,Arie,Crothers,acrothers7u@japanpost.jp,Genderfluid,5.135.111.16
284,Xavier,Sich,xsich7v@cbsnews.com,Bigender,237.119.4.125
285,Alisa,Witherop,awitherop7w@businessweek.com,Non-binary,117.61.255.217
286,Fairleigh,Nanni,fnanni7x@freewebs.com,Male,182.45.68.194
287,Tatiana,Marriage,tmarriage7y@adobe.com,Genderfluid,68.148.170.28
288,Romy,Camelia,rcamelia7z@photobucket.com,Non-binary,187.205.177.183
289,Norrie,Stonman,nstonman80@ed.gov,Genderqueer,191.31.113.248
290,Rayna,Britten,rbritten81@sun.com,Female,201.114.21.71
291,Tess,Matei,tmatei82@berkeley.edu,Agender,52.24.230.50
292,Raynell,Poulglais,rpoulglais83@php.net,Non-binary,79.211.100.85
293,Ronalda,Lucia,rlucia84@comcast.net,Non-binary,67.225.248.104
294,Sigismund,Elnor,selnor85@hostgator.com,Genderfluid,240.56.180.126
295,Maxy,Ashbolt,mashbolt86@scribd.com,Agender,41.160.47.206
296,Pam,Whittenbury,pwhittenbury87@dropbox.com,Female,124.123.13.229
297,Denny,Kipping,dkipping88@omniture.com,Non-binary,232.122.134.153
298,Selle,Eadmeades,seadmeades89@dedecms.com,Male,27.246.51.125
299,Edythe,Lackemann,elackemann8a@deviantart.com,Agender,9.11.70.52
300,Shelly,Ramshaw,sramshaw8b@eventbrite.com,Male,127.230.110.106
301,Cleon,Hamnet,chamnet8c@examiner.com,Genderqueer,72.59.72.141
302,Gilemette,Stormonth,gstormonth8d@wordpress.com,Genderqueer,68.4.111.129
303,Katharina,Domokos,kdomokos8e@privacy.gov.au,Genderfluid,243.231.213.136
304,Inez,Young,iyoung8f@columbia.edu,Agender,156.252.193.26
305,Annissa,Raatz,araatz8g@redcross.org,Genderfluid,246.135.16.224
306,Bronny,Ancketill,bancketill8h@creativecommons.org,Agender,53.251.111.102
307,Jamil,Whitesel,jwhitesel8i@netlog.com,Female,124.131.149.48
308,Merle,Joblin,mjoblin8j@networkadvertising.org,Agender,47.2.115.206
309,Brigid,Van den Hof,bvandenhof8k@archive.org,Polygender,196.67.187.70
310,Urban,Doag,udoag8l@icio.us,Agender,38.33.235.61
311,Beryle,Brumfield,bbrumfield8m@patch.com,Genderfluid,125.92.139.33
312,Rufus,Herion,rherion8n@blogspot.com,Male,172.93.175.187
313,Jeralee,Sheach,jsheach8o@artisteer.com,Bigender,249.56.100.101
314,Monti,Sedman,msedman8p@buzzfeed.com,Genderfluid,224.242.114.187
315,Ozzy,Leeds,oleeds8q@walmart.com,Genderfluid,242.201.238.0
316,Saunder,Huckett,shuckett8r@answers.com,Polygender,138.251.52.148
317,Jordan,Banting,jbanting8s@unesco.org,Polygender,111.154.222.29
318,Derry,Bather,dbather8t@npr.org,Bigender,149.223.6.88
319,Domenic,Baldrick,dbaldrick8u@pen.io,Polygender,138.7.198.96
320,Norby,Millins,nmillins8v@nytimes.com,Polygender,4.220.111.211
321,Clotilda,Gosswell,cgosswell8w@edublogs.org,Genderfluid,49.148.124.129
322,Kylie,Mayes,kmayes8x@cbc.ca,Bigender,64.203.159.72
323,Elle,Cossom,ecossom8y@tiny.cc,Agender,121.140.186.97
324,Maximo,Saddington,msaddington8z@google.co.uk,Genderqueer,141.41.139.253
325,Ebony,O' Dornan,eodornan90@themeforest.net,Male,47.245.196.22
326,Hall,Matfin,hmatfin91@epa.gov,Agender,221.11.139.4
327,Paton,Pentony,ppentony92@about.me,Polygender,219.196.156.206
328,Maud,Moffet,mmoffet93@homestead.com,Female,189.101.22.113
329,Armin,Daniello,adaniello94@gravatar.com,Female,92.244.194.222
330,Base,Jehaes,bjehaes95@hibu.com,Genderqueer,135.227.159.193
331,Maryellen,Stapels,mstapels96@networksolutions.com,Non-binary,145.11.238.60
332,Blane,Pearsey,bpearsey97@jugem.jp,Male,167.216.50.13
333,Randie,Simion,rsimion98@1688.com,Male,88.117.222.40
334,Shawn,Luard,sluard99@mysql.com,Female,36.158.144.161
335,Sanders,Hounsom,shounsom9a@hexun.com,Agender,6.59.84.101
336,Nicholas,MacKey,nmackey9b@seesaa.net,Bigender,49.111.218.131
337,Zonda,Harse,zharse9c@bandcamp.com,Genderfluid,154.110.164.42
338,Creight,Kreber,ckreber9d@unc.edu,Genderfluid,83.136.193.217
339,Merralee,Lingfoot,mlingfoot9e@ebay.co.uk,Agender,145.209.243.216
340,Basia,Shoreman,bshoreman9f@nymag.com,Female,121.85.73.176
341,Horst,Wilkenson,hwilkenson9g@woothemes.com,Genderqueer,141.36.245.248
342,Candie,Barras,cbarras9h@bbc.co.uk,Non-binary,215.180.173.131
343,Sasha,Ughini,sughini9i@pagesperso-orange.fr,Genderqueer,14.60.173.232
344,Hildy,Matuszyk,hmatuszyk9j@state.gov,Genderqueer,94.134.36.124
345,Claudette,Kenchington,ckenchington9k@gov.uk,Agender,27.116.84.227
346,Alejandrina,Dewar,adewar9l@bbc.co.uk,Male,65.206.29.250
347,Neely,Tollemache,ntollemache9m@theatlantic.com,Male,48.55.111.9
348,Sergeant,Bason,sbason9n@wix.com,Agender,255.71.172.103
349,Ravi,Tortis,rtortis9o@addthis.com,Genderfluid,1.26.46.95
350,Renee,Pywell,rpywell9p@unblog.fr,Bigender,84.23.149.48
351,Winnah,Robiou,wrobiou9q@nih.gov,Bigender,107.71.192.231
352,Laurie,Whissell,lwhissell9r@paginegialle.it,Agender,79.97.32.93
353,Ava,Whiston,awhiston9s@etsy.com,Male,223.19.79.245
354,Rina,Fettiplace,rfettiplace9t@de.vu,Genderqueer,30.216.169.159
355,Charleen,Rojel,crojel9u@pen.io,Polygender,153.111.96.104
356,Jobey,Pien,jpien9v@seesaa.net,Female,237.83.252.42
357,Norry,Webb-Bowen,nwebbbowen9w@list-manage.com,Non-binary,146.247.241.185
358,Ogdon,Jadczak,ojadczak9x@e-recht24.de,Polygender,19.29.123.27
359,Cynthea,Simoncelli,csimoncelli9y@opera.com,Genderfluid,188.4.16.80
360,Obediah,Faudrie,ofaudrie9z@washingtonpost.com,Non-binary,72.50.228.54
361,Shaylyn,Gunney,sgunneya0@addtoany.com,Male,81.249.15.172
362,Fernande,Tillot,ftillota1@pagesperso-orange.fr,Agender,244.87.95.45
363,Nessy,MacMeeking,nmacmeekinga2@nasa.gov,Agender,11.6.143.161
364,Lucas,Gallehock,lgallehocka3@360.cn,Male,234.32.89.232
365,Brett,Hurtic,bhurtica4@bbc.co.uk,Agender,240.163.60.201
366,Genni,Gane,gganea5@edublogs.org,Polygender,98.226.127.152
367,Alison,Tilly,atillya6@rakuten.co.jp,Non-binary,165.244.242.45
368,Alden,Weyman,aweymana7@spiegel.de,Genderqueer,62.215.206.140
369,Felic,Barles,fbarlesa8@usda.gov,Bigender,197.30.39.144
370,Tuckie,Amorine,tamorinea9@drupal.org,Genderqueer,153.176.43.231
371,Deanna,Avison,davisonaa@indiegogo.com,Genderqueer,95.22.218.109
372,Mercedes,Antonovic,mantonovicab@baidu.com,Female,126.79.4.180
373,Tiffany,Deverock,tdeverockac@bizjournals.com,Genderfluid,70.44.189.73
374,Sybyl,Whisby,swhisbyad@opera.com,Male,98.42.156.38
375,Paulie,Meyrick,pmeyrickae@mozilla.com,Polygender,68.248.7.252
376,Farrand,Broke,fbrokeaf@netvibes.com,Genderqueer,116.80.126.242
377,Ivan,Romeril,iromerilag@umn.edu,Non-binary,148.160.218.21
378,Gage,Probbings,gprobbingsah@smugmug.com,Male,65.66.224.134
379,Wolfie,Shevels,wshevelsai@a8.net,Agender,148.154.212.41
380,Devlin,Kacheller,dkachelleraj@lulu.com,Agender,17.224.124.210
381,Mar,Ripley,mripleyak@ezinearticles.com,Male,228.174.200.139
382,Claude,Thorneywork,cthorneyworkal@who.int,Genderfluid,78.109.152.24
383,Josie,Capoun,jcapounam@over-blog.com,Male,150.101.66.216
384,Bria,Lapree,blapreean@spotify.com,Bigender,10.83.63.58
385,Casar,Hughlock,chughlockao@wiley.com,Male,103.242.174.184
386,Hamilton,Garr,hgarrap@skype.com,Male,227.50.91.124
387,Tabor,Androsik,tandrosikaq@opera.com,Non-binary,248.226.42.31
388,Petey,MacCarter,pmaccarterar@yelp.com,Male,102.242.204.106
389,Marcella,Casford,mcasfordas@mozilla.com,Non-binary,67.239.206.120
390,Sandi,Boules,sboulesat@usnews.com,Female,59.46.225.111
391,Shelbi,Kelle,skelleau@histats.com,Female,247.237.225.112
392,Chelsie,Cooper,ccooperav@smh.com.au,Genderfluid,30.208.23.43
393,Leighton,Blakey,lblakeyaw@intel.com,Polygender,111.112.59.64
394,Miguela,Boij,mboijax@theguardian.com,Genderfluid,61.145.12.3
395,Ardys,McCafferky,amccafferkyay@vk.com,Genderfluid,12.109.47.26
396,Glad,Hinsche,ghinscheaz@cpanel.net,Agender,14.155.176.89
397,Kirby,Menezes,kmenezesb0@apple.com,Non-binary,120.121.210.170
398,Christean,Waind,cwaindb1@tamu.edu,Female,189.233.195.149
399,Paulie,Shiel,pshielb2@liveinternet.ru,Agender,215.32.68.235
400,Nell,Paulig,npauligb3@cbsnews.com,Genderqueer,2.240.129.95
401,Ilsa,Brehault,ibrehaultb4@aol.com,Bigender,76.175.1.8
402,Zitella,Danick,zdanickb5@marriott.com,Non-binary,2.8.124.162
403,Dick,Denzilow,ddenzilowb6@mapquest.com,Female,216.41.47.19
404,Terry,Blackmuir,tblackmuirb7@kickstarter.com,Agender,101.189.36.29
405,Chadwick,Culleton,cculletonb8@yellowpages.com,Genderqueer,183.249.221.42
406,Bernie,Spawton,bspawtonb9@yolasite.com,Bigender,141.200.108.170
407,Alexandra,Clacey,aclaceyba@patch.com,Non-binary,250.212.7.246
408,Erny,Ringe,eringebb@ted.com,Genderqueer,204.51.222.254
409,Laraine,Shalcros,lshalcrosbc@twitpic.com,Agender,58.215.215.77
410,Gawen,Habbin,ghabbinbd@godaddy.com,Female,147.131.179.31
411,Drucill,Chadbourne,dchadbournebe@deviantart.com,Bigender,32.131.29.192
412,Beilul,Andrez,bandrezbf@ustream.tv,Non-binary,218.132.214.228
413,Rozanna,Southernwood,rsouthernwoodbg@google.com.au,Polygender,246.147.8.15
414,Kare,Gildersleaves,kgildersleavesbh@last.fm,Non-binary,54.184.127.147
415,Vincenty,Sharp,vsharpbi@plala.or.jp,Genderfluid,147.184.83.133
416,Jasmina,Bonny,jbonnybj@ebay.com,Male,244.146.194.36
417,Simone,Abrahim,sabrahimbk@blogs.com,Polygender,69.120.93.94
418,Griffie,Plom,gplombl@about.com,Non-binary,96.247.50.201
419,Josias,Sowray,jsowraybm@deliciousdays.com,Bigender,107.123.224.195
420,Clarine,Livingstone,clivingstonebn@nature.com,Female,219.164.188.165
421,Dickie,Bauckham,dbauckhambo@businessweek.com,Non-binary,83.169.194.63
422,Gamaliel,Hug,ghugbp@google.co.jp,Agender,127.51.100.13
423,Morton,Larraway,mlarrawaybq@ebay.com,Genderfluid,136.116.144.93
424,Levon,Cuthill,lcuthillbr@weebly.com,Male,202.169.164.130
425,Jordan,Fonquernie,jfonquerniebs@multiply.com,Male,210.146.252.106
426,Harmonia,Sleany,hsleanybt@nhs.uk,Genderfluid,249.145.26.216
427,Homer,Turnbull,hturnbullbu@goodreads.com,Genderfluid,235.220.180.83
428,Vania,O' Reagan,voreaganbv@reuters.com,Genderfluid,95.198.147.20
429,Pierette,Holburn,pholburnbw@yellowbook.com,Agender,156.205.143.49
430,Romonda,Merman,rmermanbx@marketwatch.com,Male,192.63.186.95
431,Wilmar,Attwool,wattwoolby@nsw.gov.au,Female,85.123.229.152
432,Kynthia,Elington,kelingtonbz@archive.org,Agender,139.214.106.84
433,Sollie,Biddwell,sbiddwellc0@t.co,Agender,202.51.125.133
434,Hamilton,Baudts,hbaudtsc1@storify.com,Genderfluid,181.96.226.234
435,Cherri,Golson,cgolsonc2@imageshack.us,Non-binary,8.74.74.12
436,Mercedes,Sywell,msywellc3@google.de,Bigender,5.127.68.127
437,Kristal,Phebee,kphebeec4@disqus.com,Female,92.132.144.114
438,Lindsy,Tibald,ltibaldc5@theatlantic.com,Female,215.249.225.83
439,Jodee,Lenihan,jlenihanc6@ow.ly,Male,216.25.21.241
440,Chloris,Mendenhall,cmendenhallc7@free.fr,Male,138.232.102.12
441,Codi,Waterland,cwaterlandc8@deviantart.com,Non-binary,160.169.236.7
442,Dyann,Whether,dwhetherc9@gnu.org,Non-binary,13.66.91.93
443,Anica,Nerheny,anerhenyca@intel.com,Non-binary,13.64.162.168
444,Valina,Scoterbosh,vscoterboshcb@ocn.ne.jp,Non-binary,185.97.111.232
445,Darnall,Mogenot,dmogenotcc@home.pl,Agender,91.72.246.25
446,Quentin,Buncher,qbunchercd@hud.gov,Non-binary,246.77.17.100
447,Beniamino,Ingold,bingoldce@reverbnation.com,Agender,50.225.181.99
448,Rick,Fass,rfasscf@fc2.com,Genderqueer,242.70.164.75
449,Kristo,Shasnan,kshasnancg@mapquest.com,Genderqueer,88.34.69.135
450,Jorry,Philipsohn,jphilipsohnch@surveymonkey.com,Genderqueer,164.36.222.48
451,Andee,Brimble,abrimbleci@oracle.com,Polygender,27.155.214.112
452,Byran,Izat,bizatcj@qq.com,Genderfluid,212.207.43.192
453,Almeta,Orbine,aorbineck@4shared.com,Female,185.132.99.217
454,Hayyim,Laird,hlairdcl@mail.ru,Genderfluid,23.145.203.41
455,Holt,Ducarne,hducarnecm@pagesperso-orange.fr,Female,151.171.211.58
456,Kylie,Jobbings,kjobbingscn@statcounter.com,Female,208.62.110.120
457,Yevette,Malitrott,ymalitrottco@msu.edu,Non-binary,109.245.5.123
458,Audre,McFall,amcfallcp@cnet.com,Agender,112.23.37.136
459,Brade,Maryin,bmaryincq@sakura.ne.jp,Bigender,219.90.20.127
460,Wren,Brahm,wbrahmcr@last.fm,Polygender,7.73.31.228
461,Wilona,Lindgren,wlindgrencs@csmonitor.com,Bigender,65.182.154.68
462,Carlyn,Rubbert,crubbertct@lycos.com,Genderqueer,235.206.82.205
463,Tania,Hanlin,thanlincu@cdc.gov,Male,21.193.94.209
464,Nicholle,Sandham,nsandhamcv@tinypic.com,Non-binary,138.177.207.48
465,Banky,Corssen,bcorssencw@jugem.jp,Polygender,154.139.142.254
466,Maryl,Bartle,mbartlecx@nps.gov,Genderqueer,242.20.153.88
467,Crysta,Fee,cfeecy@dyndns.org,Polygender,39.9.172.209
468,Bunni,Mirralls,bmirrallscz@usa.gov,Polygender,131.153.95.89
469,Otis,Welling,owellingd0@usnews.com,Bigender,115.137.1.28
470,Deeanne,von Nassau,dvonnassaud1@mit.edu,Genderqueer,33.99.85.116
471,Broderick,Eyckelberg,beyckelbergd2@blog.com,Genderqueer,171.205.127.156
472,Petronille,Helwig,phelwigd3@eventbrite.com,Genderfluid,203.36.254.214
473,Sigismondo,Danforth,sdanforthd4@zimbio.com,Male,138.247.66.6
474,Fionnula,Cudby,fcudbyd5@economist.com,Polygender,150.88.53.202
475,Rhett,Qualtrough,rqualtroughd6@youtu.be,Male,188.106.75.240
476,Russ,Surby,rsurbyd7@slashdot.org,Non-binary,75.160.48.53
477,Fawnia,Martill,fmartilld8@bravesites.com,Male,168.255.254.123
478,Elsa,Rodolf,erodolfd9@pen.io,Agender,48.235.235.195
479,Birch,Child,bchildda@ed.gov,Genderqueer,13.20.170.10
480,Ringo,Schneider,rschneiderdb@si.edu,Genderqueer,175.216.168.200
481,Wally,Alyonov,walyonovdc@imgur.com,Polygender,83.218.246.192
482,Chase,Poznan,cpoznandd@army.mil,Genderqueer,117.84.1.16
483,Ardyth,Feary,afearyde@webnode.com,Genderfluid,244.6.182.9
484,Cammie,Manchett,cmanchettdf@sbwire.com,Male,5.65.172.176
485,Elroy,Dubois,eduboisdg@mail.ru,Non-binary,67.92.50.128
486,Nelie,Alstead,nalsteaddh@google.nl,Polygender,179.65.104.10
487,Catha,Birtwhistle,cbirtwhistledi@google.ca,Female,173.81.241.165
488,Koren,Santi,ksantidj@google.ca,Genderfluid,120.194.147.70
489,Lulu,Scocroft,lscocroftdk@photobucket.com,Female,107.219.63.138
490,Rani,Nerney,rnerneydl@blogger.com,Polygender,93.130.93.26
491,Jenna,Stanworth,jstanworthdm@joomla.org,Bigender,27.58.80.138
492,Neal,Germon,ngermondn@live.com,Non-binary,197.177.0.1
493,Rubina,Godard,rgodarddo@naver.com,Non-binary,86.1.221.192
494,Ham,Kneal,hknealdp@live.com,Genderfluid,201.238.29.4
495,Phillip,Newband,pnewbanddq@about.com,Bigender,19.103.11.177
496,Dalt,McTurley,dmcturleydr@shutterfly.com,Polygender,7.195.185.82
497,Blayne,Flicker,bflickerds@ezinearticles.com,Female,250.34.239.150
498,Sunshine,Baldelli,sbaldellidt@delicious.com,Genderfluid,160.111.213.108
499,Alysa,Currum,acurrumdu@homestead.com,Genderqueer,86.249.52.239
500,Addi,Petasch,apetaschdv@unesco.org,Bigender,115.47.49.234
501,Waylan,McMeekin,wmcmeekindw@deliciousdays.com,Female,229.118.127.45
502,Yolane,Hendin,yhendindx@sohu.com,Genderqueer,27.20.179.13
503,Bili,Baelde,bbaeldedy@soundcloud.com,Agender,4.243.34.132
504,Harbert,Acomb,hacombdz@facebook.com,Female,189.52.167.50
505,Benny,McCoughan,bmccoughane0@over-blog.com,Male,245.202.192.22
506,Cherye,Greber,cgrebere1@state.tx.us,Non-binary,63.128.199.192
507,Samantha,Cherry,scherrye2@aboutads.info,Agender,34.209.132.191
508,Morey,Iacobo,miacoboe3@soundcloud.com,Bigender,66.113.211.86
509,Ulberto,Sondland,usondlande4@bigcartel.com,Polygender,201.181.92.114
510,Trenna,Nassy,tnassye5@sohu.com,Female,191.201.155.243
511,Crosby,Endecott,cendecotte6@fc2.com,Agender,121.130.55.180
512,Shayne,Breckon,sbreckone7@phpbb.com,Male,152.68.204.251
513,Simon,MacCaughey,smaccaugheye8@scribd.com,Genderqueer,46.45.222.88
514,Dougie,Pepon,dpepone9@amazon.co.jp,Genderqueer,101.176.109.253
515,Zedekiah,Srawley,zsrawleyea@amazon.de,Non-binary,205.183.121.36
516,Waneta,Karchewski,wkarchewskieb@aol.com,Female,109.207.207.53
517,Izabel,Snead,isneadec@mayoclinic.com,Male,124.178.228.140
518,Shelba,Teresi,steresied@desdev.cn,Agender,145.236.117.13
519,Malchy,Seston,msestonee@google.it,Genderqueer,163.67.242.115
520,Lise,Blanko,lblankoef@sourceforge.net,Polygender,250.24.58.23
521,Olly,Wayne,owayneeg@harvard.edu,Bigender,77.12.140.200
522,Braden,O'Corrigane,bocorriganeeh@earthlink.net,Genderfluid,189.212.219.140
523,Betsy,Driutti,bdriuttiei@disqus.com,Genderqueer,220.190.24.152
524,Flora,Staines,fstainesej@usa.gov,Polygender,103.211.216.4
525,Tracy,Scatchar,tscatcharek@acquirethisname.com,Polygender,4.122.62.98
526,Wylie,Strother,wstrotherel@printfriendly.com,Male,115.57.236.123
527,Erny,Zolini,ezoliniem@gov.uk,Genderfluid,112.32.147.145
528,Gwenette,Dowda,gdowdaen@unblog.fr,Bigender,205.245.159.217
529,Hayley,Caron,hcaroneo@sphinn.com,Male,178.30.28.160
530,Chet,Foskew,cfoskewep@soup.io,Genderqueer,178.154.235.71
531,Lucius,Bondley,lbondleyeq@state.gov,Agender,157.204.79.67
532,Babbie,Hitschke,bhitschkeer@wikispaces.com,Bigender,88.138.247.38
533,Norman,Congram,ncongrames@hexun.com,Agender,33.31.92.38
534,Wilbur,Mott,wmottet@cocolog-nifty.com,Genderqueer,149.48.241.159
535,Burt,Deam,bdeameu@sfgate.com,Bigender,99.252.9.97
536,Westbrook,Langstaff,wlangstaffev@youku.com,Polygender,66.237.44.134
537,Micaela,Buncombe,mbuncombeew@omniture.com,Non-binary,232.204.147.227
538,Mychal,Limeburn,mlimeburnex@narod.ru,Agender,166.143.209.209
539,Gabbi,Jirieck,gjirieckey@amazon.co.jp,Bigender,103.229.226.58
540,Lucy,Basili,lbasiliez@prnewswire.com,Agender,239.154.210.4
541,Alvy,Ayrton,aayrtonf0@google.com.br,Agender,68.100.34.152
542,Camala,Andrieu,candrieuf1@theatlantic.com,Genderqueer,119.227.52.183
543,Peria,Boriston,pboristonf2@addthis.com,Genderqueer,224.162.5.234
544,Theadora,Stansbie,tstansbief3@webeden.co.uk,Non-binary,191.206.235.120
545,Coleen,Medling,cmedlingf4@youku.com,Agender,48.153.221.111
546,Andrus,Maplestone,amaplestonef5@princeton.edu,Genderqueer,202.91.64.172
547,Huey,Chatain,hchatainf6@foxnews.com,Non-binary,240.253.191.137
548,Jacques,Dennistoun,jdennistounf7@plala.or.jp,Male,74.140.150.123
549,Hieronymus,Conerding,hconerdingf8@rediff.com,Genderfluid,203.43.232.23
550,Farrah,Barosch,fbaroschf9@buzzfeed.com,Agender,152.16.104.129
551,Tull,Surmeyer,tsurmeyerfa@jalbum.net,Bigender,144.9.172.99
552,Valentin,Loyns,vloynsfb@a8.net,Female,57.200.30.141
553,Isidoro,Primarolo,iprimarolofc@tinyurl.com,Genderfluid,65.244.114.81
554,Marysa,Leband,mlebandfd@ed.gov,Bigender,35.5.145.120
555,Joellyn,Norbury,jnorburyfe@last.fm,Male,79.6.61.156
556,Ker,Stoffels,kstoffelsff@smh.com.au,Female,13.105.21.63
557,Hurley,Haversham,hhavershamfg@linkedin.com,Agender,212.208.148.141
558,Gale,Davidovic,gdavidovicfh@about.com,Bigender,183.199.235.79
559,Clement,McVitie,cmcvitiefi@home.pl,Polygender,152.246.115.126
560,Kirk,Godfrey,kgodfreyfj@msu.edu,Male,71.127.184.123
561,Zitella,Giacopello,zgiacopellofk@1und1.de,Non-binary,235.198.208.242
562,Nathan,Legrice,nlegricefl@youku.com,Female,101.141.32.53
563,Emili,Baptiste,ebaptistefm@adobe.com,Agender,238.45.38.219
564,Marius,Wing,mwingfn@google.ca,Polygender,247.18.85.193
565,Aluino,Patching,apatchingfo@homestead.com,Polygender,213.18.126.16
566,Flemming,Moquin,fmoquinfp@rambler.ru,Genderqueer,46.208.205.226
567,Jessamyn,Farbrother,jfarbrotherfq@opera.com,Non-binary,252.63.50.224
568,Bartolomeo,Sheward,bshewardfr@domainmarket.com,Genderqueer,119.239.9.101
569,Ev,Exall,eexallfs@independent.co.uk,Non-binary,63.69.202.62
570,Carson,Saffell,csaffellft@dailymotion.com,Genderfluid,0.53.171.252
571,Fidole,Stollwerk,fstollwerkfu@infoseek.co.jp,Genderfluid,251.8.137.3
572,Saleem,Sallans,ssallansfv@icq.com,Genderqueer,234.212.248.122
573,Ced,Doidge,cdoidgefw@arizona.edu,Non-binary,13.34.93.38
574,Glynnis,Landon,glandonfx@constantcontact.com,Male,214.4.124.149
575,Janaya,Olman,jolmanfy@sakura.ne.jp,Agender,90.94.55.14
576,Robbyn,Dinsell,rdinsellfz@imageshack.us,Genderqueer,132.45.130.82
577,Sinclare,Fitchell,sfitchellg0@goo.gl,Polygender,160.42.170.89
578,Eli,Rockingham,erockinghamg1@ebay.com,Agender,167.101.66.113
579,Clementine,Rubinchik,crubinchikg2@yale.edu,Genderfluid,61.88.42.214
580,Mattie,Patmore,mpatmoreg3@youtu.be,Polygender,217.44.219.128
581,Clarine,Shreeves,cshreevesg4@twitter.com,Male,119.174.225.93
582,Andria,Scandrett,ascandrettg5@senate.gov,Genderqueer,254.62.119.55
583,Raffarty,Macauley,rmacauleyg6@cloudflare.com,Male,164.185.189.228
584,Jorry,Greensmith,jgreensmithg7@miitbeian.gov.cn,Non-binary,223.252.214.220
585,Hilton,Rolfi,hrolfig8@patch.com,Agender,219.76.179.226
586,Kora,Lyffe,klyffeg9@deviantart.com,Genderqueer,140.30.35.160
587,Silvan,Hargate,shargatega@skype.com,Polygender,63.192.210.252
588,Tabbitha,Deniset,tdenisetgb@hubpages.com,Polygender,162.85.32.250
589,Lily,Romei,lromeigc@utexas.edu,Polygender,194.97.207.30
590,Florina,Skirlin,fskirlingd@tinyurl.com,Male,223.167.93.74
591,Melba,Struys,mstruysge@businessinsider.com,Genderfluid,167.86.110.110
592,Hedvige,Guille,hguillegf@ovh.net,Genderfluid,139.59.205.97
593,Tiertza,Romain,tromaingg@rambler.ru,Genderfluid,233.46.184.199
594,Ingra,Angell,iangellgh@123-reg.co.uk,Bigender,1.167.154.249
595,Arleta,Malins,amalinsgi@nasa.gov,Male,198.0.160.84
596,Wilburt,Cawthery,wcawtherygj@tripod.com,Genderqueer,184.176.99.147
597,Kellsie,Klasen,kklasengk@hatena.ne.jp,Non-binary,82.120.159.81
598,Torrie,Cato,tcatogl@bandcamp.com,Genderfluid,169.44.153.202
599,Nicolai,Standing,nstandinggm@army.mil,Female,173.37.130.123
600,Leila,Radden,lraddengn@tinyurl.com,Genderfluid,120.7.84.133
601,Rorke,Lauthian,rlauthiango@ucsd.edu,Male,225.38.136.190
602,Bealle,Brigg,bbrigggp@springer.com,Female,108.146.38.131
603,Zsa zsa,Godspede,zgodspedegq@google.com.au,Genderfluid,29.110.220.37
604,Denni,Earengey,dearengeygr@twitpic.com,Non-binary,147.242.160.87
605,Marta,Ruggier,mruggiergs@so-net.ne.jp,Male,93.86.12.72
606,Ripley,Rothera,rrotheragt@nymag.com,Genderqueer,141.17.46.2
607,Morganne,Todman,mtodmangu@msn.com,Agender,144.43.30.203
608,Thor,Scantleberry,tscantleberrygv@geocities.jp,Non-binary,144.53.41.104
609,Payton,Rieflin,prieflingw@squarespace.com,Male,193.227.254.92
610,Letitia,Venable,lvenablegx@mayoclinic.com,Polygender,135.91.96.20
611,Chane,Gethin,cgethingy@opensource.org,Agender,39.96.129.210
612,Tobin,Kos,tkosgz@bravesites.com,Female,237.239.191.188
613,Giacomo,More,gmoreh0@weebly.com,Agender,110.187.223.206
614,Cassaundra,McCrum,cmccrumh1@storify.com,Genderfluid,114.65.209.155
615,Honoria,Monck,hmonckh2@home.pl,Bigender,240.113.0.25
616,Melvin,Farguhar,mfarguharh3@myspace.com,Non-binary,59.105.252.10
617,Gamaliel,Towhey,gtowheyh4@upenn.edu,Male,212.46.139.111
618,Maurita,Rides,mridesh5@jigsy.com,Genderqueer,222.10.157.86
619,Kele,Dodshun,kdodshunh6@about.com,Bigender,15.76.50.213
620,Karolina,Rolls,krollsh7@newyorker.com,Genderqueer,152.185.205.92
621,Kathrine,Gligori,kgligorih8@mac.com,Polygender,102.139.99.133
622,Dur,Wise,dwiseh9@imdb.com,Non-binary,8.112.241.90
623,Leesa,Meachen,lmeachenha@odnoklassniki.ru,Bigender,191.108.144.138
624,Jorry,Horbath,jhorbathhb@cnn.com,Non-binary,69.186.216.4
625,Borden,MacVaugh,bmacvaughhc@usatoday.com,Male,240.8.112.241
626,Kendal,Brick,kbrickhd@yahoo.com,Genderqueer,77.113.134.144
627,Kelila,Greasley,kgreasleyhe@reuters.com,Polygender,98.204.29.89
628,Blakelee,Peatheyjohns,bpeatheyjohnshf@webnode.com,Female,4.148.247.185
629,Giffie,Dingate,gdingatehg@nyu.edu,Bigender,40.110.112.119
630,Bobina,Shallcroff,bshallcroffhh@ow.ly,Bigender,197.23.237.244
631,Mari,Laxon,mlaxonhi@go.com,Agender,78.35.183.205
632,Horten,Bewly,hbewlyhj@europa.eu,Non-binary,154.171.230.108
633,Dorothea,Iacovini,diacovinihk@examiner.com,Bigender,199.58.97.149
634,Karyn,Pesselt,kpesselthl@mit.edu,Genderqueer,16.186.190.216
635,Guilbert,Basezzi,gbasezzihm@google.es,Genderfluid,232.65.202.212
636,Meade,Soame,msoamehn@jiathis.com,Polygender,183.21.3.243
637,Norton,McKiernan,nmckiernanho@usnews.com,Polygender,224.161.80.243
638,Adlai,Scrooby,ascroobyhp@furl.net,Agender,95.128.24.39
639,Tam,Coutts,tcouttshq@shop-pro.jp,Genderfluid,68.139.77.61
640,Lucia,Dallman,ldallmanhr@tuttocitta.it,Agender,223.170.29.147
641,Pincas,Glanister,pglanisterhs@posterous.com,Female,220.254.129.3
642,Timi,Junifer,tjuniferht@wunderground.com,Female,196.41.194.1
643,Garald,Iannini,gianninihu@state.tx.us,Non-binary,9.145.150.56
644,Aveline,Brunn,abrunnhv@aol.com,Non-binary,40.223.148.251
645,Michael,Lantuffe,mlantuffehw@msn.com,Polygender,182.160.61.90
646,Felisha,Neilan,fneilanhx@businesswire.com,Female,28.98.70.26
647,Emmerich,Calloway,ecallowayhy@list-manage.com,Male,9.110.251.51
648,Leroi,Hlavecek,lhlavecekhz@odnoklassniki.ru,Non-binary,144.59.217.200
649,Andre,Naptine,anaptinei0@jalbum.net,Female,22.108.0.220
650,Felipe,Waberer,fwabereri1@buzzfeed.com,Male,209.46.42.40
651,Germaine,McAndie,gmcandiei2@cmu.edu,Bigender,27.174.15.171
652,Genna,McColley,gmccolleyi3@wikia.com,Agender,247.134.132.248
653,Johnna,Lacer,jlaceri4@pagesperso-orange.fr,Female,96.246.236.71
654,Dasya,Renzini,drenzinii5@goo.ne.jp,Female,220.150.92.170
655,Tami,Rambadt,trambadti6@businessinsider.com,Agender,196.10.55.65
656,Brigit,Kurtis,bkurtisi7@i2i.jp,Genderqueer,60.218.229.151
657,Bradney,McCarle,bmccarlei8@harvard.edu,Genderfluid,91.48.94.175
658,Giustina,Nash,gnashi9@sciencedirect.com,Male,161.2.150.179
659,Tonnie,Deacon,tdeaconia@stanford.edu,Genderqueer,162.64.123.202
660,Ibbie,Androsik,iandrosikib@rambler.ru,Non-binary,18.212.205.46
661,Carey,Madill,cmadillic@seesaa.net,Bigender,36.250.227.146
662,Whitman,Kaming,wkamingid@creativecommons.org,Agender,150.85.86.67
663,Daren,Jobe,djobeie@trellian.com,Non-binary,121.231.122.180
664,Nari,Trigwell,ntrigwellif@g.co,Male,206.100.92.183
665,Bernardina,Widdocks,bwiddocksig@pen.io,Non-binary,154.175.118.146
666,Wynne,Verny,wvernyih@wp.com,Agender,79.171.213.169
667,Grady,Aldwich,galdwichii@apache.org,Polygender,144.92.92.213
668,Ignace,Jeffs,ijeffsij@google.fr,Bigender,42.184.239.135
669,Garrek,Bousler,gbouslerik@howstuffworks.com,Genderfluid,193.233.142.132
670,Danika,Ruckhard,druckhardil@angelfire.com,Agender,93.55.76.157
671,Merrily,Coupar,mcouparim@nymag.com,Genderfluid,130.255.137.242
672,Devin,Ayliff,dayliffin@stumbleupon.com,Non-binary,87.229.119.146
673,Hardy,Wapples,hwapplesio@java.com,Agender,160.156.166.37
674,Liza,Ellison,lellisonip@ow.ly,Bigender,133.179.41.246
675,Clemmy,Humbert,chumbertiq@nasa.gov,Female,225.26.30.135
676,Wendeline,Gravett,wgravettir@shareasale.com,Genderfluid,185.40.249.41
677,Robinette,Burbury,rburburyis@php.net,Male,53.158.155.56
678,Tomas,Diggin,tdigginit@google.es,Polygender,190.55.178.98
679,Haskel,Rexworthy,hrexworthyiu@amazon.co.uk,Non-binary,113.217.116.211
680,Jessey,Dmych,jdmychiv@businessinsider.com,Female,178.46.117.17
681,Shaylyn,Orcas,sorcasiw@livejournal.com,Non-binary,15.148.249.128
682,Shaun,Holcroft,sholcroftix@dagondesign.com,Genderfluid,175.208.182.105
683,Tobit,Romeuf,tromeufiy@google.cn,Female,103.228.167.188
684,Blisse,Judkins,bjudkinsiz@comcast.net,Female,160.144.186.221
685,Giustino,Lathleiff,glathleiffj0@ucoz.com,Male,191.172.154.224
686,Mia,Anscombe,manscombej1@nih.gov,Non-binary,3.17.78.224
687,Della,Heeley,dheeleyj2@eventbrite.com,Agender,238.199.123.37
688,Lynnea,Cottesford,lcottesfordj3@ovh.net,Polygender,144.153.14.47
689,Cornell,Hansod,chansodj4@instagram.com,Bigender,143.175.19.73
690,Terry,Sokale,tsokalej5@time.com,Genderfluid,235.16.131.35
691,Rodi,Myers,rmyersj6@printfriendly.com,Non-binary,94.183.164.77
692,Bonnibelle,Greenwell,bgreenwellj7@umn.edu,Female,133.174.11.252
693,Zeke,Shilling,zshillingj8@last.fm,Non-binary,70.32.44.253
694,Ethelind,Cattel,ecattelj9@imgur.com,Polygender,116.118.122.241
695,Tess,Terrington,tterringtonja@flickr.com,Male,131.195.161.44
696,Jeffie,Satterly,jsatterlyjb@google.com.au,Non-binary,235.244.246.29
697,Charissa,Leah,cleahjc@nba.com,Non-binary,229.233.100.33
698,Rik,Lewing,rlewingjd@ft.com,Non-binary,68.209.238.140
699,Roderick,Rutherforth,rrutherforthje@buzzfeed.com,Genderqueer,149.15.86.207
700,Shurlock,Dach,sdachjf@seattletimes.com,Genderqueer,204.99.201.134
701,Deeann,Reisin,dreisinjg@blogs.com,Female,13.47.89.188
702,Van,Trett,vtrettjh@google.com.hk,Polygender,197.110.34.151
703,Wiley,Birkmyr,wbirkmyrji@buzzfeed.com,Non-binary,187.52.44.55
704,Shirlee,Van Arsdall,svanarsdalljj@hibu.com,Male,123.6.23.16
705,Zandra,McLane,zmclanejk@cloudflare.com,Male,152.175.20.120
706,Floris,Meah,fmeahjl@disqus.com,Non-binary,244.113.85.162
707,Rey,Paniman,rpanimanjm@nymag.com,Genderfluid,90.231.82.237
708,Paton,Persehouse,ppersehousejn@tmall.com,Male,15.69.241.152
709,Anestassia,Massingberd,amassingberdjo@nature.com,Genderfluid,31.54.35.98
710,Cesar,Ervin,cervinjp@pbs.org,Agender,155.254.216.80
711,Pansie,Ough,poughjq@toplist.cz,Non-binary,94.194.63.63
712,Lacee,Davys,ldavysjr@samsung.com,Genderqueer,124.21.198.165
713,Adan,Klicher,aklicherjs@devhub.com,Genderqueer,104.129.106.185
714,Webb,Brandon,wbrandonjt@salon.com,Agender,241.78.84.141
715,Jaquenetta,Bourges,jbourgesju@usda.gov,Agender,58.79.251.76
716,Tome,Shillum,tshillumjv@springer.com,Agender,150.148.187.31
717,Norman,Aleksic,naleksicjw@netscape.com,Male,65.10.47.159
718,Chancey,Sheardown,csheardownjx@ustream.tv,Male,10.123.64.110
719,Billye,Hug,bhugjy@craigslist.org,Bigender,62.137.214.224
720,Melosa,Hardesty,mhardestyjz@vistaprint.com,Male,113.88.15.145
721,Gaultiero,Abramowitz,gabramowitzk0@newsvine.com,Agender,225.93.119.85
722,Oralle,Maurice,omauricek1@bloglines.com,Genderfluid,204.22.160.216
723,Dixie,Roxburgh,droxburghk2@go.com,Genderqueer,38.202.120.124
724,Hewett,Redman,hredmank3@msu.edu,Genderfluid,168.232.139.216
725,Kellina,Aldwick,kaldwickk4@prnewswire.com,Genderqueer,199.149.34.109
726,Riva,Jereatt,rjereattk5@virginia.edu,Bigender,220.186.147.105
727,Murielle,Iacavone,miacavonek6@goo.gl,Non-binary,156.189.149.54
728,Serge,Defries,sdefriesk7@unesco.org,Bigender,237.107.204.13
729,Elmer,McCuffie,emccuffiek8@w3.org,Male,56.254.163.118
730,Rafferty,D'Errico,rderricok9@canalblog.com,Genderqueer,145.78.136.180
731,Sebastien,MacAne,smacaneka@nba.com,Agender,187.107.74.16
732,Denny,Jannequin,djannequinkb@nasa.gov,Polygender,134.24.83.43
733,Sean,Corkhill,scorkhillkc@furl.net,Polygender,4.105.102.117
734,Isabel,Asee,iaseekd@youku.com,Polygender,193.183.243.214
735,Sianna,Willshee,swillsheeke@howstuffworks.com,Genderfluid,180.248.98.229
736,Aguste,Casone,acasonekf@i2i.jp,Genderfluid,232.30.22.244
737,Lanna,Shead,lsheadkg@cbc.ca,Agender,213.253.158.86
738,Deanna,Akhurst,dakhurstkh@opensource.org,Female,9.2.247.106
739,Orrin,MacGarvey,omacgarveyki@jalbum.net,Female,238.229.203.205
740,Arlene,Kalinowsky,akalinowskykj@bizjournals.com,Agender,110.160.129.27
741,Dickie,Dibble,ddibblekk@geocities.jp,Genderqueer,207.19.89.220
742,Lem,Keysel,lkeyselkl@comsenz.com,Agender,168.169.57.125
743,Josiah,Marples,jmarpleskm@moonfruit.com,Female,193.69.100.70
744,Shalom,Deeny,sdeenykn@archive.org,Agender,173.207.78.252
745,Ninnetta,Cleft,ncleftko@networksolutions.com,Agender,99.94.67.154
746,Duky,McKennan,dmckennankp@independent.co.uk,Bigender,231.59.121.133
747,Remus,Bowman,rbowmankq@friendfeed.com,Genderfluid,94.162.67.87
748,Lanny,Glader,lgladerkr@networkadvertising.org,Female,222.147.230.12
749,Mariellen,Chazelle,mchazelleks@cam.ac.uk,Non-binary,71.73.131.39
750,Kora,Iley,kileykt@free.fr,Male,236.181.62.223
751,Gray,McCafferty,gmccaffertyku@dailymotion.com,Female,196.233.151.76
752,Pen,Couvert,pcouvertkv@etsy.com,Genderfluid,182.46.151.172
753,Wileen,Reveley,wreveleykw@howstuffworks.com,Agender,8.153.17.36
754,Joletta,Coggles,jcoggleskx@walmart.com,Genderfluid,34.240.8.187
755,Lida,Chanson,lchansonky@google.ca,Genderfluid,39.53.103.37
756,Rebeca,Leverton,rlevertonkz@va.gov,Non-binary,184.58.168.169
757,Saundra,Renish,srenishl0@umn.edu,Polygender,50.2.161.16
758,Arliene,Sugge,asuggel1@hud.gov,Agender,81.172.239.93
759,Mirabella,Grimbaldeston,mgrimbaldestonl2@live.com,Non-binary,127.118.189.240
760,Efren,Eddins,eeddinsl3@google.com,Genderfluid,75.82.89.208
761,Markus,Blanpein,mblanpeinl4@ox.ac.uk,Genderqueer,141.1.215.73
762,Tonye,Cantu,tcantul5@webeden.co.uk,Genderfluid,215.212.119.81
763,Sayers,Coopman,scoopmanl6@bloglines.com,Male,121.52.38.253
764,Lola,Lake,llakel7@oakley.com,Agender,216.219.21.47
765,Herc,Greene,hgreenel8@tmall.com,Female,213.166.62.178
766,Woodrow,Orridge,worridgel9@deviantart.com,Non-binary,162.96.51.154
767,Yelena,Della Scala,ydellascalala@bloglovin.com,Female,27.152.148.205
768,Gordon,Saffer,gsafferlb@altervista.org,Genderqueer,177.130.36.211
769,Annamarie,Buss,abusslc@multiply.com,Polygender,133.46.132.54
770,Aksel,Seally,aseallyld@blog.com,Polygender,100.65.29.210
771,Bartholomeus,Satch,bsatchle@foxnews.com,Female,180.96.160.159
772,Carlynn,Sjollema,csjollemalf@weibo.com,Male,74.44.173.38
773,Brade,Dye,bdyelg@tumblr.com,Female,24.139.158.235
774,Suzann,Castagne,scastagnelh@dropbox.com,Female,35.29.147.61
775,Melinda,Pilley,mpilleyli@com.com,Non-binary,41.228.103.209
776,Dania,Bartosik,dbartosiklj@4shared.com,Genderfluid,81.229.190.51
777,Mathilda,Waterfall,mwaterfalllk@dyndns.org,Polygender,209.246.26.11
778,Skelly,Bassingham,sbassinghamll@ed.gov,Genderqueer,40.3.52.194
779,Betty,Jancik,bjanciklm@toplist.cz,Genderfluid,199.44.118.223
780,Lilly,Noni,lnoniln@yelp.com,Polygender,33.204.151.96
781,Melinda,Renihan,mrenihanlo@bbc.co.uk,Non-binary,164.95.97.235
782,Giles,Innerstone,ginnerstonelp@cbslocal.com,Agender,250.254.177.83
783,Riordan,Gallego,rgallegolq@paypal.com,Genderqueer,101.12.23.119
784,Jard,D'Alesio,jdalesiolr@mayoclinic.com,Female,240.7.10.104
785,Free,Seifenmacher,fseifenmacherls@examiner.com,Non-binary,68.252.211.221
786,Rhys,Grief,rgrieflt@abc.net.au,Genderqueer,77.141.127.68
787,Abba,MacCafferky,amaccafferkylu@seattletimes.com,Non-binary,143.65.202.202
788,Claudian,D'Cruze,cdcruzelv@wiley.com,Polygender,112.94.192.79
789,Ivette,Rizzello,irizzellolw@drupal.org,Polygender,131.67.135.122
790,Daveta,Alflatt,dalflattlx@trellian.com,Genderfluid,72.182.85.157
791,Adamo,Bonney,abonneyly@google.de,Genderqueer,223.87.212.72
792,Marven,Pouck,mpoucklz@booking.com,Female,92.136.28.41
793,Rosemary,Picot,rpicotm0@rakuten.co.jp,Genderfluid,214.105.5.75
794,Marleen,Alliban,mallibanm1@devhub.com,Female,114.180.61.127
795,Philippa,McCroary,pmccroarym2@biglobe.ne.jp,Bigender,253.32.97.189
796,Rocky,Kill,rkillm3@goo.gl,Genderfluid,117.103.58.230
797,Sheelah,Pleasants,spleasantsm4@google.com.br,Non-binary,104.216.240.8
798,Andree,Flanagan,aflanaganm5@myspace.com,Genderqueer,181.188.162.26
799,Mateo,Samper,msamperm6@craigslist.org,Genderqueer,63.35.222.5
800,Keven,Timmis,ktimmism7@uiuc.edu,Agender,8.43.138.71
801,Wilburt,Hune,whunem8@hao123.com,Male,213.145.64.224
802,Berty,Calabry,bcalabrym9@symantec.com,Non-binary,151.27.112.90
803,Melisande,Sellar,msellarma@over-blog.com,Non-binary,248.247.90.113
804,Chrotoem,Barthrop,cbarthropmb@google.com.au,Agender,107.247.3.199
805,Nye,Mellmer,nmellmermc@xing.com,Genderfluid,20.145.123.190
806,Lester,Shalcras,lshalcrasmd@geocities.com,Polygender,233.64.194.218
807,Willi,Wooster,wwoosterme@networkadvertising.org,Genderfluid,205.10.86.6
808,Tab,Corness,tcornessmf@yellowbook.com,Genderfluid,192.119.225.6
809,Fernande,Slora,fsloramg@1688.com,Genderqueer,165.195.228.214
810,Dalton,Hucke,dhuckemh@google.com.br,Bigender,229.106.190.174
811,Saw,Gillio,sgilliomi@mysql.com,Male,151.112.107.197
812,Irita,Greiser,igreisermj@miitbeian.gov.cn,Genderqueer,49.172.172.91
813,Mel,Jira,mjiramk@jigsy.com,Female,109.82.65.58
814,Persis,Haster,phasterml@china.com.cn,Genderqueer,38.236.233.28
815,Modesta,Hampson,mhampsonmm@rakuten.co.jp,Male,152.135.89.252
816,Raymond,Boast,rboastmn@google.fr,Genderfluid,58.53.59.37
817,Levi,Treffry,ltreffrymo@histats.com,Bigender,89.48.42.214
818,Kissee,Wenden,kwendenmp@facebook.com,Genderqueer,42.175.57.28
819,Dreddy,Dettmar,ddettmarmq@bbb.org,Non-binary,207.99.4.149
820,Gusti,Buzek,gbuzekmr@tuttocitta.it,Genderfluid,193.116.45.51
821,Marge,Petrovic,mpetrovicms@ask.com,Genderqueer,90.107.134.87
822,Colby,Kirsop,ckirsopmt@ihg.com,Non-binary,103.245.30.224
823,Aldwin,Osbourne,aosbournemu@who.int,Agender,61.180.216.147
824,Hillery,Barczewski,hbarczewskimv@joomla.org,Non-binary,195.136.42.22
825,Roch,Ballantine,rballantinemw@github.io,Genderfluid,127.189.113.237
826,Zara,Calbert,zcalbertmx@goodreads.com,Genderqueer,170.160.185.196
827,Yolanda,Brigshaw,ybrigshawmy@upenn.edu,Agender,42.186.208.2
828,Archy,Malcolmson,amalcolmsonmz@ucoz.com,Non-binary,121.41.76.16
829,Boris,Percy,bpercyn0@dion.ne.jp,Bigender,56.163.202.52
830,Ella,Carrane,ecarranen1@live.com,Non-binary,10.153.186.204
831,Keelia,Gresch,kgreschn2@reddit.com,Non-binary,185.81.52.194
832,Banky,Bernaldo,bbernaldon3@freewebs.com,Genderqueer,7.242.219.121
833,Nina,Rizzello,nrizzellon4@earthlink.net,Genderfluid,56.117.232.133
834,Verina,Toor,vtoorn5@zdnet.com,Non-binary,150.119.208.222
835,Curtis,Jepps,cjeppsn6@theglobeandmail.com,Agender,138.18.2.46
836,Agna,Sprionghall,asprionghalln7@fastcompany.com,Polygender,23.70.208.188
837,Nettie,Hawton,nhawtonn8@forbes.com,Bigender,12.86.177.128
838,Cherianne,Cattemull,ccattemulln9@behance.net,Non-binary,24.171.43.53
839,Drusie,Dinsey,ddinseyna@printfriendly.com,Female,115.139.109.18
840,Carey,Sitch,csitchnb@hostgator.com,Female,235.215.254.176
841,Kala,Hannant,khannantnc@trellian.com,Female,36.43.46.83
842,Nertie,Bushill,nbushillnd@usnews.com,Polygender,6.113.211.77
843,Leshia,Guisot,lguisotne@elpais.com,Female,157.138.183.30
844,Angel,Killelay,akillelaynf@sina.com.cn,Bigender,189.91.31.74
845,Raviv,Bess,rbessng@icio.us,Non-binary,180.152.208.179
846,Brod,Moult,bmoultnh@bloglovin.com,Agender,204.212.128.15
847,Edan,Botfield,ebotfieldni@europa.eu,Polygender,205.91.27.112
848,Georgiana,Bolwell,gbolwellnj@pen.io,Male,204.1.53.143
849,Nicholas,Pichmann,npichmannnk@woothemes.com,Bigender,110.215.209.104
850,Sena,Jancik,sjanciknl@google.de,Bigender,227.35.86.192
851,Kermit,Burger,kburgernm@tripadvisor.com,Polygender,81.15.39.62
852,Bren,Greatbatch,bgreatbatchnn@biglobe.ne.jp,Agender,209.132.164.196
853,Erroll,Ivoshin,eivoshinno@comsenz.com,Genderfluid,42.109.225.221
854,Norrie,Cordeau],ncordeaunp@newsvine.com,Non-binary,86.7.7.246
855,Codi,Littlecote,clittlecotenq@slideshare.net,Genderqueer,114.88.112.130
856,Humfried,Ughini,hughininr@themeforest.net,Polygender,100.4.188.152
857,Orly,McKirdy,omckirdyns@printfriendly.com,Male,43.206.20.171
858,Burch,Ricca,briccant@mac.com,Genderfluid,149.251.252.148
859,Aurelea,Helliwell,ahelliwellnu@ucoz.ru,Female,103.110.173.146
860,Sancho,Malenoir,smalenoirnv@sfgate.com,Genderfluid,110.177.209.165
861,Geoffry,Towe,gtowenw@yelp.com,Non-binary,9.53.32.6
862,Hillyer,Stroton,hstrotonnx@booking.com,Bigender,91.23.254.211
863,Gayleen,Geator,ggeatorny@merriam-webster.com,Bigender,170.229.173.86
864,Eddy,Fann,efannnz@ted.com,Non-binary,174.52.247.65
865,Dulce,Brabender,dbrabendero0@mysql.com,Genderfluid,164.74.188.17
866,Norina,Notton,nnottono1@addthis.com,Non-binary,230.134.245.74
867,Shirline,Dunphy,sdunphyo2@com.com,Polygender,63.243.35.93
868,Cirillo,Glastonbury,cglastonburyo3@google.it,Non-binary,90.66.201.95
869,Fay,Dowell,fdowello4@ameblo.jp,Polygender,224.15.187.99
870,Lynna,Rassell,lrassello5@google.it,Polygender,46.143.207.190
871,Jessamine,Plevey,jpleveyo6@howstuffworks.com,Genderqueer,142.222.68.141
872,Garvy,Downing,gdowningo7@oracle.com,Female,237.130.246.181
873,Weider,Breheny,wbrehenyo8@squidoo.com,Genderfluid,152.109.244.91
874,Carline,Batrip,cbatripo9@google.de,Genderqueer,213.50.88.235
875,Vina,Hassell,vhasselloa@devhub.com,Agender,115.190.234.171
876,Harrison,Androsik,handrosikob@foxnews.com,Female,32.207.161.190
877,Constantine,Cordeix,ccordeixoc@1und1.de,Agender,93.103.92.4
878,Carlotta,Gabey,cgabeyod@fema.gov,Polygender,227.107.24.173
879,Toni,Heinz,theinzoe@nymag.com,Genderfluid,32.45.31.43
880,Harrison,Bertson,hbertsonof@networksolutions.com,Agender,60.27.191.10
881,Devin,Cathrall,dcathrallog@upenn.edu,Polygender,135.110.127.67
882,Crissy,Climo,cclimooh@bloglovin.com,Non-binary,42.162.138.119
883,Lorne,Hesser,lhesseroi@infoseek.co.jp,Non-binary,198.26.67.243
884,Stan,Heningham,sheninghamoj@bloomberg.com,Genderfluid,224.143.84.31
885,Salim,Millichap,smillichapok@hao123.com,Polygender,139.248.72.158
886,Mahmoud,Winteringham,mwinteringhamol@loc.gov,Agender,38.158.18.243
887,Ring,Llywarch,rllywarchom@php.net,Non-binary,88.151.198.164
888,Eleanora,Drysdell,edrysdellon@cloudflare.com,Non-binary,146.234.126.100
889,Wildon,Degenhardt,wdegenhardtoo@sogou.com,Male,194.250.104.166
890,Codie,Jeacock,cjeacockop@globo.com,Bigender,45.114.172.126
891,Don,Roalfe,droalfeoq@cornell.edu,Polygender,7.163.24.3
892,Tull,Aronoff,taronoffor@cocolog-nifty.com,Genderfluid,185.235.46.64
893,Sashenka,Guislin,sguislinos@indiatimes.com,Female,7.172.112.114
894,Joellyn,Yukhov,jyukhovot@sitemeter.com,Female,68.120.15.198
895,Ferrel,Smy,fsmyou@blinklist.com,Genderqueer,127.32.180.250
896,Amil,Chasson,achassonov@ustream.tv,Agender,167.154.20.207
897,Liam,Dummigan,ldummiganow@independent.co.uk,Male,128.239.193.74
898,Birdie,Bowen,bbowenox@youku.com,Female,44.178.186.126
899,Lorianne,de Voiels,ldevoielsoy@yellowpages.com,Bigender,194.180.168.12
900,Kerry,Clash,kclashoz@techcrunch.com,Genderfluid,81.230.161.47
901,Jorie,Jeandillou,jjeandilloup0@list-manage.com,Non-binary,105.96.154.6
902,Stephana,Hunstone,shunstonep1@vinaora.com,Non-binary,76.78.197.195
903,Dore,Deverose,ddeverosep2@sciencedirect.com,Genderqueer,154.250.252.130
904,Rochell,Stobbes,rstobbesp3@amazonaws.com,Genderqueer,199.94.123.85
905,Ada,Mycroft,amycroftp4@wiley.com,Bigender,21.23.15.70
906,Valdemar,Sconce,vsconcep5@soundcloud.com,Bigender,215.137.251.204
907,Ardelle,Aberkirder,aaberkirderp6@mapy.cz,Bigender,124.198.93.143
908,Jo-ann,Cutajar,jcutajarp7@usda.gov,Female,111.96.94.47
909,Anabella,Meindl,ameindlp8@123-reg.co.uk,Male,219.231.70.190
910,Kippy,Oppy,koppyp9@army.mil,Polygender,179.218.117.135
911,Sherri,Harlock,sharlockpa@sbwire.com,Agender,177.149.126.47
912,Allsun,Craisford,acraisfordpb@google.com.au,Non-binary,236.115.45.125
913,Skyler,Janaway,sjanawaypc@psu.edu,Non-binary,182.187.140.124
914,Natala,Onge,nongepd@usgs.gov,Genderfluid,181.211.167.89
915,Paolo,Dwyer,pdwyerpe@google.com.br,Bigender,140.251.172.120
916,Alvinia,Wellard,awellardpf@amazon.co.jp,Bigender,181.117.148.6
917,Morgen,Kimmons,mkimmonspg@vk.com,Female,213.87.228.37
918,Courtney,Dodell,cdodellph@mozilla.com,Female,239.132.248.199
919,Pace,Ragge,praggepi@g.co,Bigender,127.162.171.235
920,Meade,Wreford,mwrefordpj@plala.or.jp,Bigender,179.66.70.12
921,Pet,Swadling,pswadlingpk@istockphoto.com,Genderfluid,137.41.156.91
922,Dido,Rowcastle,drowcastlepl@sogou.com,Bigender,13.40.54.202
923,Merrily,Lionel,mlionelpm@stanford.edu,Male,149.25.196.213
924,Adel,Norcott,anorcottpn@soundcloud.com,Genderfluid,75.40.239.58
925,Kitti,Blunden,kblundenpo@youtube.com,Polygender,13.124.57.127
926,Annis,Moneti,amonetipp@princeton.edu,Bigender,65.122.6.57
927,Obadiah,Machin,omachinpq@people.com.cn,Male,223.5.179.164
928,Min,Celier,mcelierpr@archive.org,Male,42.156.65.77
929,Hobard,Sertin,hsertinps@domainmarket.com,Genderqueer,241.21.64.181
930,Morrie,Abson,mabsonpt@cloudflare.com,Genderqueer,134.219.44.241
931,Vicki,Fawlkes,vfawlkespu@yale.edu,Genderqueer,131.98.11.204
932,Kaila,Szymanowicz,kszymanowiczpv@who.int,Genderqueer,189.97.144.228
933,Max,Pritchitt,mpritchittpw@ox.ac.uk,Female,76.255.83.70
934,Tomasina,Kelsall,tkelsallpx@list-manage.com,Genderqueer,85.161.92.12
935,Angel,Showte,ashowtepy@w3.org,Polygender,186.179.13.170
936,Adina,Tingcomb,atingcombpz@usatoday.com,Bigender,234.132.92.191
937,Shanta,Bea,sbeaq0@blogger.com,Agender,140.152.203.168
938,Gunter,Reubbens,greubbensq1@admin.ch,Non-binary,25.146.6.177
939,Greggory,Virgin,gvirginq2@sina.com.cn,Male,109.234.7.34
940,Emelda,Gilardi,egilardiq3@slashdot.org,Female,114.176.177.194
941,Kirbie,Friday,kfridayq4@smugmug.com,Male,191.115.124.180
942,Shelton,Streatley,sstreatleyq5@census.gov,Male,181.117.100.122
943,Ede,Jefferson,ejeffersonq6@theguardian.com,Non-binary,217.168.36.57
944,Ninnette,Braniff,nbraniffq7@digg.com,Polygender,226.151.2.113
945,Jakie,Cabena,jcabenaq8@bluehost.com,Non-binary,208.132.132.230
946,Margret,Camp,mcampq9@storify.com,Genderqueer,49.65.145.61
947,Zed,Hencke,zhenckeqa@uol.com.br,Non-binary,80.97.11.120
948,Wald,Willas,wwillasqb@xrea.com,Genderqueer,201.204.64.119
949,Consolata,Skydall,cskydallqc@meetup.com,Genderfluid,151.140.33.14
950,Fredra,Sollner,fsollnerqd@hibu.com,Polygender,128.163.18.237
951,Georgy,Gilhoolie,ggilhoolieqe@epa.gov,Genderqueer,124.19.33.96
952,Danielle,Gallatly,dgallatlyqf@omniture.com,Genderqueer,108.11.20.98
953,Augustina,Potes,apotesqg@gmpg.org,Agender,185.155.209.28
954,Justinian,Spellman,jspellmanqh@nba.com,Genderfluid,7.73.104.66
955,Justen,McOwan,jmcowanqi@ucoz.ru,Genderfluid,147.134.218.233
956,Rosetta,Van Hove,rvanhoveqj@senate.gov,Female,67.207.9.207
957,Leslie,Lorimer,llorimerqk@google.cn,Bigender,40.39.88.64
958,Mirabella,Feehan,mfeehanql@lulu.com,Non-binary,176.234.231.142
959,Shel,Everall,severallqm@vk.com,Agender,147.104.251.121
960,Eliza,Haslin,ehaslinqn@cdbaby.com,Agender,185.19.40.206
961,Mil,Baulcombe,mbaulcombeqo@angelfire.com,Bigender,61.96.35.15
962,Lee,Farebrother,lfarebrotherqp@columbia.edu,Male,51.129.250.28
963,Lincoln,Tubbs,ltubbsqq@fda.gov,Genderqueer,138.175.32.5
964,Clevey,Sandifer,csandiferqr@technorati.com,Non-binary,6.251.9.225
965,Wallis,Jeandel,wjeandelqs@constantcontact.com,Bigender,231.67.39.176
966,Dillon,Shrimpling,dshrimplingqt@discovery.com,Genderqueer,67.210.91.92
967,Tannie,Songhurst,tsonghurstqu@1und1.de,Genderqueer,191.34.179.13
968,Bartram,O' Timony,botimonyqv@wikimedia.org,Non-binary,229.203.149.25
969,Noni,Glewe,ngleweqw@furl.net,Male,125.239.204.46
970,Stephani,Jackman,sjackmanqx@nhs.uk,Bigender,115.98.166.127
971,Dyanne,Authers,dauthersqy@example.com,Non-binary,90.255.209.223
972,Jarid,Lambertson,jlambertsonqz@tinypic.com,Female,202.224.136.122
973,Teirtza,Todaro,ttodaror0@alibaba.com,Agender,125.255.174.165
974,Agace,Edgler,aedglerr1@nymag.com,Genderfluid,188.34.175.64
975,Dotti,Goodfellow,dgoodfellowr2@salon.com,Genderfluid,7.172.225.162
976,Milty,O'Grady,mogradyr3@pen.io,Genderfluid,251.213.44.161
977,Saunder,Whitcombe,swhitcomber4@samsung.com,Bigender,84.110.219.118
978,Pinchas,McNally,pmcnallyr5@indiegogo.com,Polygender,123.75.22.251
979,Theo,Iacovaccio,tiacovaccior6@amazon.com,Agender,36.98.240.102
980,Roderick,Morsley,rmorsleyr7@de.vu,Polygender,105.4.104.36
981,Fidelio,Hardistry,fhardistryr8@typepad.com,Polygender,143.139.41.201
982,Ellissa,Willshee,ewillsheer9@eepurl.com,Polygender,5.26.100.223
983,Dante,Danev,ddanevra@fastcompany.com,Genderfluid,223.221.93.222
984,Benita,Chatain,bchatainrb@forbes.com,Female,91.118.129.61
985,Alanah,Anthonsen,aanthonsenrc@infoseek.co.jp,Agender,76.110.34.14
986,Rosy,McIlreavy,rmcilreavyrd@seesaa.net,Non-binary,112.33.172.102
987,Wilmer,Grealish,wgrealishre@bing.com,Non-binary,187.189.1.81
988,Eachelle,Ollet,eolletrf@cnbc.com,Female,224.39.90.251
989,Ethelin,Munnis,emunnisrg@eepurl.com,Female,198.173.97.242
990,Diane-marie,Kovelmann,dkovelmannrh@answers.com,Polygender,236.177.48.87
991,Janeen,Scranny,jscrannyri@hc360.com,Bigender,0.22.179.210
992,Daisi,Kochel,dkochelrj@free.fr,Agender,95.70.70.172
993,Ivar,Dixcey,idixceyrk@shinystat.com,Agender,27.107.213.67
994,Adrianna,Dufall,adufallrl@usda.gov,Genderfluid,115.30.108.219
995,Ulysses,Schooley,uschooleyrm@reverbnation.com,Genderqueer,68.17.142.82
996,Hesther,Bampkin,hbampkinrn@blogspot.com,Non-binary,157.167.245.106
997,Ailey,Hearon,ahearonro@hibu.com,Genderqueer,161.111.88.20
998,Feodora,Steagall,fsteagallrp@hugedomains.com,Genderqueer,22.20.215.128
999,Nina,Officer,nofficerrq@printfriendly.com,Female,102.145.27.83
1000,Zola,Szymanowicz,zszymanowiczrr@google.com,Genderfluid,173.57.5.165
