id,first_name,last_name,email,gender,ip_address
1,Ina,Meers,imeers0@gizmodo.com,Bigender,246.229.220.86
2,Elga,Daniello,edaniello1@squarespace.com,Male,78.207.128.24
3,Opal,Sieghart,osieghart2@wikimedia.org,Male,250.231.198.145
4,Jaynell,Ellif,jellif3@facebook.com,Bigender,190.29.151.61
5,Cesar,Crolly,ccrolly4@themeforest.net,Polygender,221.153.90.239
6,Claude,Grain,cgrain5@nba.com,Genderqueer,68.99.203.218
7,Hakim,Ygoe,hygoe6@biblegateway.com,Agender,154.192.56.29
8,Ferdie,Dineges,fdineges7@seattletimes.com,Non-binary,148.58.149.180
9,Belva,Furse,bfurse8@dell.com,Male,185.34.19.91
10,Nahum,Chamberlaine,nchamberlaine9@berkeley.edu,Non-binary,21.244.14.180
11,Lorain,Du Plantier,lduplantiera@dropbox.com,Non-binary,216.38.15.40
12,Keely,Forsdyke,kforsdykeb@blogspot.com,Genderfluid,197.203.208.16
13,Delmer,Britch,dbritchc@army.mil,Genderfluid,77.162.32.29
14,Larine,Lenihan,llenihand@parallels.com,Genderfluid,35.18.144.53
15,Ricoriki,Aggott,raggotte@irs.gov,Female,142.141.41.212
16,Curry,Thurlow,cthurlowf@techcrunch.com,Female,89.125.242.138
17,Verna,Balderstone,vbalderstoneg@delicious.com,Male,153.198.115.30
18,Addison,Wardingly,awardinglyh@yellowpages.com,Bigender,51.9.86.125
19,Elie,Leghorn,eleghorni@topsy.com,Polygender,72.248.65.82
20,Jenda,Knivett,jknivettj@gnu.org,Non-binary,45.211.143.145
21,Myrwyn,Kubalek,mkubalekk@theglobeandmail.com,Non-binary,96.114.152.200
22,Rosaleen,Huckster,rhucksterl@discuz.net,Bigender,18.14.168.112
23,Bradney,Rzehor,brzehorm@csmonitor.com,Genderfluid,3.250.44.39
24,Carree,Halsho,chalshon@walmart.com,Genderqueer,28.147.93.242
25,Wilmar,Dunseath,wdunseatho@wikipedia.org,Agender,11.180.121.180
26,Waiter,Dinsey,wdinseyp@chronoengine.com,Genderfluid,136.173.165.49
27,Sheppard,Sex,ssexq@nba.com,Genderqueer,5.127.167.107
28,Alexandra,Swinfon,aswinfonr@vkontakte.ru,Non-binary,34.46.144.9
29,Maryrose,McGillacoell,mmcgillacoells@techcrunch.com,Male,181.222.41.56
30,Inna,Barrow,ibarrowt@blog.com,Non-binary,118.191.58.218
31,Lindsey,Klement,lklementu@europa.eu,Genderqueer,30.230.39.5
32,Jacki,Newing,jnewingv@house.gov,Bigender,68.132.241.249
33,Natty,Brotherheed,nbrotherheedw@fotki.com,Polygender,228.14.184.53
34,Melina,Jura,mjurax@telegraph.co.uk,Bigender,236.78.177.230
35,Feliza,Joss,fjossy@berkeley.edu,Agender,208.45.103.210
36,Bucky,Glison,bglisonz@gmpg.org,Genderqueer,149.102.29.155
37,Karlen,Yerrill,kyerrill10@cdc.gov,Female,19.165.32.1
38,Dolli,Brodley,dbrodley11@delicious.com,Genderqueer,98.75.57.44
39,Aristotle,Lodeke,alodeke12@youtu.be,Polygender,198.49.2.171
40,Kym,Barneville,kbarneville13@fc2.com,Genderqueer,79.191.73.61
41,Kali,Allridge,kallridge14@amazon.com,Male,5.204.182.153
42,Solomon,Tanfield,stanfield15@ezinearticles.com,Bigender,174.53.238.231
43,Lorinda,Taile,ltaile16@pen.io,Polygender,149.166.253.104
44,Olly,Gerardeaux,ogerardeaux17@trellian.com,Agender,14.94.91.175
45,Terrel,Pakeman,tpakeman18@skyrock.com,Genderqueer,138.189.32.218
46,Debora,Hiers,dhiers19@sogou.com,Polygender,114.154.149.179
47,Rubi,Esel,resel1a@oaic.gov.au,Genderqueer,235.226.100.175
48,Mayer,Jarrelt,mjarrelt1b@i2i.jp,Agender,29.231.107.201
49,Ruby,Lark,rlark1c@oracle.com,Genderqueer,21.109.27.205
50,Aindrea,Jeffree,ajeffree1d@scribd.com,Female,158.170.14.57
51,Denna,Montgomery,dmontgomery1e@tripadvisor.com,Agender,0.235.219.0
52,Brady,Crysell,bcrysell1f@mac.com,Female,68.93.206.19
53,Glad,Bridgwater,gbridgwater1g@bandcamp.com,Polygender,175.188.209.185
54,Lyssa,Noah,lnoah1h@diigo.com,Bigender,52.238.214.95
55,Letitia,McBrier,lmcbrier1i@utexas.edu,Non-binary,248.213.83.169
56,Auguste,Redmond,aredmond1j@mtv.com,Non-binary,196.9.81.195
57,Arlena,Mehaffey,amehaffey1k@sitemeter.com,Bigender,205.93.178.251
58,Leland,Ratledge,lratledge1l@jimdo.com,Genderfluid,26.154.21.220
59,Kennan,Manifold,kmanifold1m@google.co.jp,Agender,241.11.58.179
60,Del,Fone,dfone1n@webeden.co.uk,Agender,209.89.4.158
61,Cleopatra,Farn,cfarn1o@chronoengine.com,Genderfluid,177.219.55.2
62,Krystal,Drakes,kdrakes1p@edublogs.org,Bigender,89.155.24.235
63,Stormi,Norrie,snorrie1q@utexas.edu,Male,221.141.177.28
64,Verine,Weedenburg,vweedenburg1r@ucoz.ru,Genderqueer,80.161.219.40
65,Idell,Bullman,ibullman1s@miitbeian.gov.cn,Male,235.204.140.39
66,Othello,O' Mullane,oomullane1t@fema.gov,Female,62.241.160.5
67,Ernie,Laudham,elaudham1u@nyu.edu,Male,24.56.79.8
68,Iggy,Rumsey,irumsey1v@soup.io,Male,60.102.249.126
69,Luci,Jenik,ljenik1w@newyorker.com,Bigender,255.177.155.67
70,Gerhardine,Parfrey,gparfrey1x@blogger.com,Agender,17.92.170.200
71,Allis,Kummerlowe,akummerlowe1y@stumbleupon.com,Agender,27.206.78.115
72,Dedie,Nias,dnias1z@ask.com,Male,112.5.89.180
73,Mehetabel,Harly,mharly20@yellowpages.com,Bigender,248.174.175.130
74,Umeko,Vanshin,uvanshin21@newyorker.com,Male,172.157.44.182
75,Wilbur,Richardot,wrichardot22@so-net.ne.jp,Non-binary,152.205.20.239
76,Doyle,Albarez,dalbarez23@unicef.org,Non-binary,57.35.232.133
77,Willi,Prince,wprince24@cisco.com,Genderqueer,253.149.74.211
78,Milissent,Chippendale,mchippendale25@miitbeian.gov.cn,Female,234.220.216.51
79,Dyann,MacCarter,dmaccarter26@woothemes.com,Bigender,130.157.164.244
80,Ashlin,Butt,abutt27@yandex.ru,Non-binary,62.11.200.13
81,Doralin,Polley,dpolley28@histats.com,Agender,169.135.233.155
82,Keri,Mealiffe,kmealiffe29@irs.gov,Genderqueer,67.241.164.24
83,Sara-ann,Fabry,sfabry2a@reference.com,Genderqueer,246.228.62.90
84,Gale,Pemberton,gpemberton2b@unesco.org,Female,6.105.221.35
85,Marlow,Brushfield,mbrushfield2c@ning.com,Male,70.2.25.57
86,Auberon,Priestley,apriestley2d@google.fr,Polygender,231.98.129.41
87,Clayson,Putt,cputt2e@paginegialle.it,Male,71.110.158.179
88,Kylila,Illston,killston2f@phpbb.com,Polygender,170.80.66.10
89,Minda,Loyns,mloyns2g@quantcast.com,Female,226.11.191.119
90,Natalee,Janek,njanek2h@domainmarket.com,Polygender,196.222.131.31
91,Shelagh,Yersin,syersin2i@sphinn.com,Agender,114.234.130.53
92,Neille,Tungate,ntungate2j@unesco.org,Bigender,2.216.185.4
93,Bastian,Worboys,bworboys2k@wp.com,Male,16.128.246.135
94,Gawen,Titcumb,gtitcumb2l@technorati.com,Genderqueer,5.176.157.170
95,Kylynn,Fishe,kfishe2m@sitemeter.com,Genderqueer,155.115.138.136
96,Jeth,Beig,jbeig2n@prweb.com,Bigender,184.54.231.93
97,Nani,Ginity,nginity2o@skype.com,Non-binary,222.12.238.106
98,Anna-diane,Foan,afoan2p@howstuffworks.com,Genderfluid,127.224.225.221
99,Zora,Pavey,zpavey2q@cbslocal.com,Male,245.160.75.114
100,Doug,Castilla,dcastilla2r@springer.com,Agender,179.47.203.212
101,Kingston,McTerlagh,kmcterlagh2s@umich.edu,Genderqueer,109.85.153.86
102,Dietrich,Raoux,draoux2t@techcrunch.com,Male,34.84.8.180
103,Luciana,Jerisch,ljerisch2u@princeton.edu,Female,91.30.190.39
104,Darby,Saddleton,dsaddleton2v@virginia.edu,Bigender,142.193.147.241
105,Ronni,Beal,rbeal2w@oracle.com,Male,229.86.244.172
106,Arie,Wheelan,awheelan2x@noaa.gov,Non-binary,141.156.231.92
107,Gris,Murphy,gmurphy2y@imgur.com,Female,49.136.97.53
108,Elysee,Racher,eracher2z@blogger.com,Agender,155.154.167.202
109,Ardyce,MacElroy,amacelroy30@hexun.com,Male,252.185.71.122
110,Bobbie,Eckhard,beckhard31@cnet.com,Male,153.208.249.253
111,Candide,Dispencer,cdispencer32@cnet.com,Genderqueer,139.173.252.219
112,Ruthie,McMeekin,rmcmeekin33@skype.com,Genderfluid,185.60.111.225
113,Darlleen,Oran,doran34@ftc.gov,Non-binary,246.27.244.2
114,Joyous,McGrady,jmcgrady35@cnn.com,Female,197.172.133.144
115,Alphard,Aingel,aaingel36@pen.io,Genderqueer,60.2.25.232
116,Felecia,Gruszka,fgruszka37@indiatimes.com,Non-binary,255.25.134.186
117,Fonzie,Kerbey,fkerbey38@sitemeter.com,Agender,57.100.122.41
118,Nicolas,Ruffy,nruffy39@homestead.com,Agender,28.127.131.77
119,Trumann,Trott,ttrott3a@ovh.net,Polygender,107.59.85.32
120,Nanete,Wheldon,nwheldon3b@csmonitor.com,Female,115.140.109.169
121,Casey,Oldacres,coldacres3c@dailymotion.com,Polygender,40.126.49.156
122,Winston,Whimper,wwhimper3d@go.com,Bigender,41.251.195.190
123,Faunie,Lodder,flodder3e@statcounter.com,Bigender,4.22.39.44
124,Tamara,Thurske,tthurske3f@diigo.com,Male,234.144.224.178
125,Hayward,Godbald,hgodbald3g@yale.edu,Polygender,248.229.221.88
126,Mannie,Creed,mcreed3h@mapquest.com,Bigender,34.48.65.211
127,Madalyn,Vedekhin,mvedekhin3i@google.ru,Polygender,197.22.91.189
128,Gasparo,Southwood,gsouthwood3j@hao123.com,Genderqueer,82.189.143.41
129,Alphard,Dunnan,adunnan3k@sbwire.com,Genderfluid,209.105.57.54
130,Rochette,Osan,rosan3l@mac.com,Female,187.115.25.204
131,Darius,Lulham,dlulham3m@yandex.ru,Female,10.126.206.172
132,Iain,Boulstridge,iboulstridge3n@usgs.gov,Bigender,115.61.90.237
133,Stan,Camelli,scamelli3o@freewebs.com,Genderqueer,166.53.148.132
134,Joannes,Pawel,jpawel3p@uol.com.br,Bigender,103.8.157.35
135,Jude,Gorger,jgorger3q@nbcnews.com,Agender,86.108.116.232
136,Ginni,Hedney,ghedney3r@geocities.jp,Polygender,118.168.189.104
137,Lissie,Lempertz,llempertz3s@virginia.edu,Bigender,70.130.202.161
138,Demott,Lansdown,dlansdown3t@free.fr,Male,115.121.91.3
139,Herta,Hornung,hhornung3u@thetimes.co.uk,Genderfluid,157.42.53.211
140,Iggy,Waggitt,iwaggitt3v@miibeian.gov.cn,Male,248.50.36.117
141,Simonne,Chasmer,schasmer3w@smugmug.com,Agender,55.20.146.236
142,Persis,Loines,ploines3x@columbia.edu,Polygender,211.11.114.109
143,Oberon,Hammer,ohammer3y@mit.edu,Bigender,114.4.74.157
144,Agna,Forrester,aforrester3z@tinyurl.com,Female,180.85.45.37
145,Editha,Gregson,egregson40@netscape.com,Male,136.104.133.156
146,Evey,Red,ered41@themeforest.net,Polygender,153.112.126.3
147,Augustus,Abell,aabell42@discuz.net,Genderqueer,79.185.42.159
148,Kingsley,Rickard,krickard43@flavors.me,Genderqueer,129.150.155.75
149,Tanner,Moyers,tmoyers44@globo.com,Non-binary,226.235.234.95
150,Aline,Halsho,ahalsho45@flickr.com,Female,122.79.170.184
151,Lloyd,Waterson,lwaterson46@phoca.cz,Genderqueer,178.61.193.191
152,Cyrus,Arnatt,carnatt47@zimbio.com,Bigender,33.34.49.243
153,Steven,Dupre,sdupre48@dagondesign.com,Polygender,139.35.113.119
154,Vinni,Dower,vdower49@google.pl,Bigender,164.177.241.209
155,Paulina,Vassar,pvassar4a@free.fr,Polygender,160.27.29.147
156,Elsa,Linay,elinay4b@sohu.com,Female,96.142.39.102
157,Meier,Maryan,mmaryan4c@hostgator.com,Female,226.111.135.2
158,Gilles,Skilbeck,gskilbeck4d@squarespace.com,Genderfluid,109.29.203.57
159,Clyve,Lamlin,clamlin4e@toplist.cz,Non-binary,156.210.160.143
160,Faustina,Kellie,fkellie4f@sohu.com,Genderfluid,120.15.16.193
161,Oran,Hackelton,ohackelton4g@t.co,Bigender,251.189.166.204
162,Ferdinande,Rickeard,frickeard4h@mozilla.org,Genderfluid,90.15.182.100
163,Dania,Halifax,dhalifax4i@wix.com,Agender,209.1.236.162
164,Hanan,Tousey,htousey4j@imageshack.us,Non-binary,96.77.143.6
165,Cherry,Jacob,cjacob4k@blogger.com,Agender,145.213.203.164
166,Calvin,Eddicott,ceddicott4l@sciencedaily.com,Non-binary,83.188.163.154
167,Morten,Bohlin,mbohlin4m@360.cn,Genderqueer,241.156.14.206
168,Saundra,Bewick,sbewick4n@trellian.com,Bigender,231.141.144.50
169,Gerrard,Balogun,gbalogun4o@dedecms.com,Male,232.49.57.21
170,Ezra,Kegg,ekegg4p@sakura.ne.jp,Genderqueer,252.131.69.207
171,Aluino,Caulton,acaulton4q@deliciousdays.com,Bigender,136.46.131.146
172,Marlow,Scone,mscone4r@jalbum.net,Genderqueer,70.63.58.18
173,Amata,McManamon,amcmanamon4s@alexa.com,Bigender,153.202.129.211
174,Dulcea,Faichney,dfaichney4t@google.es,Agender,51.23.147.178
175,Svend,Borland,sborland4u@washington.edu,Male,229.198.130.181
176,Aili,Gelland,agelland4v@barnesandnoble.com,Non-binary,88.159.94.184
177,Sheeree,Paynes,spaynes4w@census.gov,Polygender,89.115.217.55
178,Micah,Delahunt,mdelahunt4x@themeforest.net,Genderfluid,127.229.121.205
179,Corrinne,Rounds,crounds4y@prlog.org,Genderfluid,248.249.228.236
180,Filberto,Piscopo,fpiscopo4z@webmd.com,Genderqueer,112.187.239.137
181,Saw,Feltham,sfeltham50@wordpress.com,Polygender,149.16.24.58
182,Leeland,Hammerberger,lhammerberger51@google.cn,Genderqueer,31.136.126.177
183,Idette,McIlvaney,imcilvaney52@netvibes.com,Male,128.88.129.197
184,Dottie,Kas,dkas53@sciencedirect.com,Genderqueer,236.185.73.127
185,Chelsy,Ailward,cailward54@salon.com,Genderqueer,150.212.183.104
186,Marlin,Elphinstone,melphinstone55@vistaprint.com,Bigender,53.186.42.37
187,Terrie,Sidsaff,tsidsaff56@networkadvertising.org,Genderqueer,246.255.90.149
188,Aurelia,Gillum,agillum57@apple.com,Agender,182.80.195.19
189,Alma,Millard,amillard58@yellowbook.com,Female,151.90.125.61
190,Fonsie,Carp,fcarp59@biglobe.ne.jp,Agender,69.166.141.57
191,Ransell,Pembery,rpembery5a@netlog.com,Agender,169.42.85.139
192,Hanan,Petegre,hpetegre5b@sitemeter.com,Male,186.101.236.18
193,Amitie,Eilhermann,aeilhermann5c@examiner.com,Polygender,212.7.234.53
194,Brandi,O'Coskerry,bocoskerry5d@senate.gov,Bigender,93.183.142.211
195,Welsh,Canas,wcanas5e@wordpress.com,Genderqueer,105.29.241.207
196,Jaclyn,Cranefield,jcranefield5f@icio.us,Male,31.248.177.99
197,Morey,MacArd,mmacard5g@gnu.org,Polygender,172.163.239.65
198,Nappy,Arnaez,narnaez5h@51.la,Female,83.71.107.88
199,Gardiner,Feaviour,gfeaviour5i@mtv.com,Bigender,67.238.188.9
200,Paddie,Makiver,pmakiver5j@jigsy.com,Genderqueer,179.144.181.209
201,Charmain,Daintry,cdaintry5k@rediff.com,Genderqueer,127.79.5.210
202,Leora,Shankland,lshankland5l@fc2.com,Genderqueer,150.232.254.193
203,Daria,Ingarfill,dingarfill5m@mit.edu,Male,33.201.190.98
204,Shay,Cawthery,scawthery5n@indiegogo.com,Male,140.239.248.185
205,Wit,Sheraton,wsheraton5o@walmart.com,Genderfluid,3.4.167.180
206,Baryram,Menendes,bmenendes5p@a8.net,Genderqueer,227.101.166.22
207,Candra,Piwell,cpiwell5q@163.com,Genderqueer,172.88.228.93
208,Trixie,Tweddell,ttweddell5r@homestead.com,Female,66.63.171.9
209,Roland,Bache,rbache5s@angelfire.com,Male,211.229.250.232
210,Vance,O'Cannan,vocannan5t@wix.com,Agender,163.9.36.168
211,Yelena,Pettyfer,ypettyfer5u@chicagotribune.com,Genderfluid,40.215.245.90
212,Bogart,Yeell,byeell5v@ovh.net,Genderqueer,38.207.36.103
213,Trenna,Jackalin,tjackalin5w@bizjournals.com,Genderfluid,61.216.102.154
214,Emmey,Forker,eforker5x@tuttocitta.it,Polygender,218.34.232.241
215,Cherish,Smalles,csmalles5y@google.cn,Male,173.63.28.28
216,Hoebart,Batchelder,hbatchelder5z@sun.com,Polygender,42.182.162.45
217,Sibel,Schwerin,sschwerin60@timesonline.co.uk,Polygender,151.162.61.188
218,Calla,Christophersen,cchristophersen61@wikipedia.org,Genderfluid,140.149.127.214
219,Abraham,Quakley,aquakley62@discovery.com,Agender,248.237.114.165
220,Krishnah,MacAindreis,kmacaindreis63@spotify.com,Male,51.75.105.42
221,Elysha,Brownett,ebrownett64@pbs.org,Polygender,114.105.155.236
222,Demeter,McIlherran,dmcilherran65@tinypic.com,Female,91.37.122.81
223,Hartwell,Lisciandri,hlisciandri66@skype.com,Female,133.131.78.209
224,Krista,Gresser,kgresser67@dagondesign.com,Male,18.41.242.141
225,Livy,Josupeit,ljosupeit68@nyu.edu,Agender,244.62.197.145
226,Nerte,Statton,nstatton69@ihg.com,Genderfluid,65.52.56.220
227,Nerta,Copello,ncopello6a@flavors.me,Genderfluid,202.123.202.129
228,Bell,Kleinhandler,bkleinhandler6b@cbc.ca,Male,182.149.229.97
229,Willi,Franzen,wfranzen6c@pinterest.com,Non-binary,23.77.244.227
230,Therese,Gracey,tgracey6d@spotify.com,Polygender,72.140.58.68
231,Danica,Pohlke,dpohlke6e@google.co.uk,Non-binary,196.52.114.250
232,Avis,Dundin,adundin6f@cbslocal.com,Agender,185.93.255.251
233,Susana,Hardaker,shardaker6g@com.com,Polygender,149.158.169.133
234,Kory,Cudihy,kcudihy6h@time.com,Genderfluid,162.2.79.227
235,Spike,Wilber,swilber6i@freewebs.com,Genderqueer,55.191.78.230
236,Arlana,Bulled,abulled6j@webeden.co.uk,Non-binary,144.220.66.7
237,Elyssa,Conduit,econduit6k@uiuc.edu,Male,40.225.236.182
238,Gail,Pendell,gpendell6l@technorati.com,Bigender,46.27.99.202
239,Ev,Munks,emunks6m@wikia.com,Female,191.197.137.231
240,Aundrea,Chidler,achidler6n@slideshare.net,Polygender,67.35.177.246
241,Michel,Bellefonte,mbellefonte6o@dropbox.com,Female,121.128.216.108
242,Lotti,Apark,lapark6p@hud.gov,Non-binary,67.209.106.49
243,Belia,Knoton,bknoton6q@telegraph.co.uk,Polygender,94.14.193.164
244,Franciska,Woolveridge,fwoolveridge6r@nba.com,Polygender,104.11.88.83
245,Hilary,Ryde,hryde6s@tumblr.com,Genderqueer,122.211.254.17
246,Nerte,Chart,nchart6t@paginegialle.it,Agender,235.85.228.210
247,Noni,Llopis,nllopis6u@amazonaws.com,Non-binary,46.224.195.240
248,Caril,Howel,chowel6v@elegantthemes.com,Non-binary,236.119.255.90
249,Cherey,Sidlow,csidlow6w@people.com.cn,Genderfluid,127.79.201.241
250,Juanita,Ollier,jollier6x@google.co.uk,Genderqueer,199.33.214.65
251,Morry,Duprey,mduprey6y@seattletimes.com,Genderqueer,52.137.174.17
252,Toinette,Goschalk,tgoschalk6z@mashable.com,Genderqueer,42.20.39.12
253,Oriana,Sayward,osayward70@pinterest.com,Genderqueer,237.211.2.145
254,Lavina,Brewer,lbrewer71@ucla.edu,Male,135.62.123.116
255,Woodie,Cayser,wcayser72@amazonaws.com,Non-binary,134.87.75.133
256,Cesaro,Blumson,cblumson73@nsw.gov.au,Bigender,209.164.30.244
257,Sid,Alkins,salkins74@people.com.cn,Genderfluid,148.148.70.25
258,Gabe,Tourle,gtourle75@psu.edu,Male,251.205.236.153
259,Amalee,Drummond,adrummond76@princeton.edu,Polygender,46.131.93.80
260,Britni,McPhater,bmcphater77@mapquest.com,Genderqueer,223.254.252.24
261,Monique,Hattiff,mhattiff78@mapquest.com,Polygender,239.219.221.65
262,Johannah,Abbate,jabbate79@youtu.be,Non-binary,96.229.207.251
263,Cecilius,Priest,cpriest7a@weibo.com,Genderqueer,91.97.136.151
264,Osbert,Treece,otreece7b@businessweek.com,Male,67.197.150.165
265,Dugald,Glazzard,dglazzard7c@simplemachines.org,Polygender,119.55.38.102
266,Leta,O'Hagerty,lohagerty7d@hibu.com,Genderqueer,245.178.18.219
267,Hugh,Jirasek,hjirasek7e@etsy.com,Non-binary,12.25.219.251
268,Nydia,Bettles,nbettles7f@imdb.com,Male,125.220.222.188
269,Nona,Bensusan,nbensusan7g@gravatar.com,Genderqueer,90.160.58.220
270,Vernor,Wastall,vwastall7h@quantcast.com,Genderqueer,58.1.53.62
271,Royal,Reckus,rreckus7i@un.org,Genderfluid,151.69.17.219
272,Marlow,Hibling,mhibling7j@flavors.me,Male,189.214.84.64
273,Coralyn,McCarlie,cmccarlie7k@berkeley.edu,Male,4.39.202.218
274,Sib,Jenton,sjenton7l@a8.net,Agender,12.103.208.52
275,Cristobal,Ormshaw,cormshaw7m@pagesperso-orange.fr,Genderqueer,200.171.198.4
276,Adria,Joss,ajoss7n@biglobe.ne.jp,Genderqueer,64.51.131.159
277,Jennie,Kime,jkime7o@noaa.gov,Bigender,63.241.132.16
278,Constantia,Edds,cedds7p@rediff.com,Genderqueer,27.169.180.14
279,Octavia,Shutte,oshutte7q@columbia.edu,Non-binary,121.219.212.122
280,Manuel,Heintz,mheintz7r@webs.com,Non-binary,90.119.227.83
281,Sidney,Hagger,shagger7s@opensource.org,Genderfluid,86.60.159.131
282,Charley,Haime,chaime7t@webmd.com,Female,147.44.100.95
283,Ash,Spacey,aspacey7u@google.de,Polygender,253.51.156.63
284,Otho,Sidle,osidle7v@ebay.co.uk,Agender,225.64.128.84
285,Stanfield,Muir,smuir7w@upenn.edu,Non-binary,33.162.201.25
286,Wandie,Adaway,wadaway7x@marketwatch.com,Non-binary,110.156.165.82
287,Christian,Edmonstone,cedmonstone7y@furl.net,Bigender,19.81.124.194
288,Dougie,Macak,dmacak7z@homestead.com,Bigender,174.210.178.69
289,Joan,Stelfox,jstelfox80@shinystat.com,Polygender,140.102.7.31
290,Teodoor,Cullerne,tcullerne81@amazon.com,Female,73.24.110.76
291,Dominica,Burdus,dburdus82@slate.com,Polygender,104.43.52.44
292,Olympe,Leathwood,oleathwood83@blog.com,Bigender,243.18.3.97
293,Berkly,Mandrey,bmandrey84@printfriendly.com,Genderqueer,31.116.83.14
294,Shermy,Richley,srichley85@lycos.com,Genderqueer,75.252.132.133
295,Karalynn,Spray,kspray86@independent.co.uk,Male,6.78.105.127
296,Rozella,Harlock,rharlock87@freewebs.com,Genderfluid,51.229.22.113
297,Zebulon,Faich,zfaich88@51.la,Genderqueer,157.179.128.93
298,Auberta,St. John,astjohn89@xinhuanet.com,Genderfluid,145.214.156.215
299,Zachery,Freed,zfreed8a@cocolog-nifty.com,Agender,30.42.234.92
300,Rebecca,Lovett,rlovett8b@ucsd.edu,Bigender,53.62.101.36
301,Jesse,Wimpeney,jwimpeney8c@epa.gov,Male,198.144.206.154
302,Mala,Edwins,medwins8d@xing.com,Agender,176.95.22.195
303,Joelly,Brownsmith,jbrownsmith8e@epa.gov,Genderfluid,225.233.255.204
304,Elyn,Plail,eplail8f@harvard.edu,Agender,213.219.179.48
305,Decca,Overstone,doverstone8g@google.it,Female,219.179.19.56
306,Thayne,Effemy,teffemy8h@quantcast.com,Male,24.121.232.70
307,Kristy,Deetlefs,kdeetlefs8i@shop-pro.jp,Genderfluid,222.120.238.213
308,Kimmi,McCambridge,kmccambridge8j@last.fm,Male,94.135.39.104
309,Veronike,Ramage,vramage8k@infoseek.co.jp,Male,163.23.167.161
310,Huntley,Dewett,hdewett8l@w3.org,Non-binary,235.171.188.203
311,Lesly,Hoppner,lhoppner8m@mac.com,Genderqueer,182.27.212.232
312,Read,Blakiston,rblakiston8n@edublogs.org,Polygender,47.118.24.216
313,Carlyn,Cuxson,ccuxson8o@statcounter.com,Male,176.45.157.199
314,Clarette,Davenhall,cdavenhall8p@tamu.edu,Male,124.155.150.31
315,Fawnia,Godball,fgodball8q@xinhuanet.com,Polygender,13.26.172.141
316,Marcie,Brandino,mbrandino8r@theatlantic.com,Polygender,64.20.119.18
317,Marwin,Housego,mhousego8s@ustream.tv,Male,54.244.131.0
318,Stephanus,Breit,sbreit8t@google.com.br,Female,20.19.84.162
319,Hildagarde,Veracruysse,hveracruysse8u@nydailynews.com,Agender,142.74.112.125
320,Garth,Allwright,gallwright8v@mediafire.com,Non-binary,169.86.65.249
321,Mendy,Gertz,mgertz8w@zdnet.com,Female,147.240.124.239
322,Gibbie,Bowdler,gbowdler8x@nps.gov,Genderqueer,238.103.115.64
323,Iseabal,Harower,iharower8y@marriott.com,Genderfluid,248.95.72.234
324,Sarine,Littrell,slittrell8z@netlog.com,Male,252.249.124.133
325,Ethe,Zienkiewicz,ezienkiewicz90@state.gov,Polygender,197.21.195.12
326,Vinson,Chitson,vchitson91@dropbox.com,Agender,63.51.102.51
327,Fanchon,McGhie,fmcghie92@wix.com,Genderqueer,180.238.69.210
328,Wanda,Coggins,wcoggins93@kickstarter.com,Bigender,225.206.200.219
329,Sibby,Coulthard,scoulthard94@prnewswire.com,Male,174.178.151.138
330,Emanuele,Alejandro,ealejandro95@dmoz.org,Non-binary,148.28.249.214
331,Ruddy,Chartre,rchartre96@tinypic.com,Agender,219.148.255.22
332,Perle,Bertelet,pbertelet97@bandcamp.com,Genderfluid,143.228.63.15
333,Byran,Dods,bdods98@latimes.com,Non-binary,79.104.163.5
334,Paolina,Organer,porganer99@msu.edu,Male,97.170.87.162
335,Heywood,Shallow,hshallow9a@zdnet.com,Agender,253.122.145.147
336,Sholom,Leathley,sleathley9b@shinystat.com,Genderqueer,70.26.92.55
337,Stacee,Medford,smedford9c@devhub.com,Bigender,236.80.226.89
338,Fran,Casazza,fcasazza9d@flavors.me,Non-binary,126.253.212.99
339,Ches,Lindeberg,clindeberg9e@nationalgeographic.com,Genderfluid,157.146.238.45
340,Theo,Harcourt,tharcourt9f@geocities.jp,Polygender,93.3.158.12
341,Theda,Ebbers,tebbers9g@yelp.com,Non-binary,68.61.111.78
342,Gustavus,Feldfisher,gfeldfisher9h@g.co,Genderqueer,6.61.251.247
343,Quillan,Wix,qwix9i@wunderground.com,Male,189.255.15.5
344,Andie,Oggers,aoggers9j@squarespace.com,Male,42.127.56.65
345,Willette,Tuckerman,wtuckerman9k@hostgator.com,Genderfluid,37.99.43.19
346,Harley,Houdhury,hhoudhury9l@reference.com,Agender,74.24.22.67
347,Waiter,Salvati,wsalvati9m@multiply.com,Genderfluid,70.92.242.211
348,Davie,Pick,dpick9n@hp.com,Genderqueer,18.244.244.64
349,Francklyn,Kyd,fkyd9o@examiner.com,Bigender,142.185.102.154
350,Cyrillus,Vicary,cvicary9p@fda.gov,Genderfluid,48.239.125.191
351,Candy,Fonzo,cfonzo9q@webeden.co.uk,Female,8.245.42.158
352,Cyril,Chasson,cchasson9r@so-net.ne.jp,Genderfluid,4.160.76.37
353,Robyn,MacIllrick,rmacillrick9s@dyndns.org,Bigender,187.37.186.49
354,Nicolina,Martynov,nmartynov9t@xrea.com,Non-binary,12.163.4.51
355,Gabbie,Leverson,gleverson9u@webnode.com,Bigender,162.126.27.105
356,Barbara,Ayerst,bayerst9v@360.cn,Polygender,143.13.190.177
357,Sarene,Fountaine,sfountaine9w@multiply.com,Genderfluid,251.150.222.242
358,Brett,Manthorpe,bmanthorpe9x@un.org,Male,164.87.102.69
359,Paola,O'Moylane,pomoylane9y@gmpg.org,Agender,182.252.96.248
360,Ardelia,Aprahamian,aaprahamian9z@google.nl,Polygender,101.42.165.217
361,Babbie,Rushbrook,brushbrooka0@themeforest.net,Bigender,150.217.148.234
362,Faye,Scurrell,fscurrella1@zimbio.com,Female,58.140.137.212
363,Dael,Pettyfer,dpettyfera2@state.tx.us,Polygender,114.111.94.202
364,Felic,Robinson,frobinsona3@comsenz.com,Female,3.87.134.97
365,Sheree,Whellams,swhellamsa4@wikimedia.org,Genderqueer,46.58.77.101
366,Rusty,Bellenger,rbellengera5@nsw.gov.au,Genderqueer,120.240.255.113
367,Delly,Saphin,dsaphina6@e-recht24.de,Genderfluid,241.195.84.200
368,Babs,Haizelden,bhaizeldena7@yelp.com,Agender,20.147.103.173
369,Angel,Rowden,arowdena8@dedecms.com,Agender,185.1.188.35
370,Faber,Danat,fdanata9@reddit.com,Agender,202.216.74.205
371,Rollie,Itzhaiek,ritzhaiekaa@newyorker.com,Male,112.9.131.183
372,Matty,Pratten,mprattenab@w3.org,Agender,107.143.180.3
373,Pablo,Yardy,pyardyac@vk.com,Female,177.236.164.80
374,Whitaker,Celes,wcelesad@un.org,Agender,89.155.202.24
375,Noby,Osselton,nosseltonae@exblog.jp,Polygender,83.156.171.219
376,Thaddeus,Slemming,tslemmingaf@telegraph.co.uk,Male,55.140.19.126
377,Vaughan,Burnip,vburnipag@last.fm,Genderqueer,164.254.70.130
378,Glenden,Lorincz,glorinczah@youtube.com,Bigender,73.187.61.234
379,Dinny,Paulton,dpaultonai@geocities.jp,Non-binary,177.66.217.1
380,Rhys,Ghest,rghestaj@youku.com,Non-binary,120.180.12.80
381,Tandi,Risborough,trisboroughak@acquirethisname.com,Bigender,90.134.68.135
382,Lusa,Anand,lanandal@mashable.com,Male,3.10.247.203
383,Perri,FitzGibbon,pfitzgibbonam@wp.com,Male,105.24.205.211
384,Michaela,Cromwell,mcromwellan@google.com.br,Polygender,253.57.115.160
385,Hubert,Hischke,hhischkeao@cdc.gov,Agender,48.142.155.15
386,Myrle,Sharpling,msharplingap@cnn.com,Agender,151.170.2.253
387,Florrie,Jenkison,fjenkisonaq@google.co.jp,Male,189.174.47.179
388,Edgardo,Claisse,eclaissear@economist.com,Female,83.216.108.163
389,Madelyn,Deyenhardt,mdeyenhardtas@lycos.com,Polygender,243.146.138.177
390,Forrest,Biasio,fbiasioat@howstuffworks.com,Polygender,222.71.50.22
391,Glen,Ward,gwardau@un.org,Agender,79.171.136.231
392,Raymund,Scurman,rscurmanav@mlb.com,Male,11.253.215.228
393,Kelby,Olexa,kolexaaw@webs.com,Non-binary,69.53.214.78
394,Ian,Gergus,igergusax@domainmarket.com,Male,176.232.13.36
395,Peyton,Tamas,ptamasay@macromedia.com,Agender,225.110.118.194
396,Essa,Slocom,eslocomaz@jalbum.net,Male,74.254.26.102
397,Bord,Scarce,bscarceb0@fastcompany.com,Genderfluid,187.166.86.158
398,Clark,Bodell,cbodellb1@senate.gov,Male,233.70.214.206
399,Forster,Knutton,fknuttonb2@so-net.ne.jp,Non-binary,122.86.182.67
400,Mable,Sclater,msclaterb3@theatlantic.com,Bigender,31.235.103.241
401,Maddalena,Birdfield,mbirdfieldb4@tuttocitta.it,Male,235.115.162.175
402,Gasparo,Slogrove,gslogroveb5@godaddy.com,Agender,34.187.188.21
403,Issi,Mascall,imascallb6@t-online.de,Male,176.143.27.47
404,Tommie,Clair,tclairb7@theatlantic.com,Male,91.201.221.127
405,Guillaume,Rolland,grollandb8@ftc.gov,Non-binary,136.234.79.23
406,Coop,Silson,csilsonb9@google.cn,Bigender,94.0.114.227
407,Simone,Oselton,soseltonba@yahoo.co.jp,Bigender,219.190.17.118
408,Vanna,Boulger,vboulgerbb@myspace.com,Genderqueer,192.231.156.172
409,Gayleen,Turfus,gturfusbc@answers.com,Male,1.75.197.80
410,Dud,Eberlein,deberleinbd@gov.uk,Bigender,19.215.247.162
411,Sascha,Eldred,seldredbe@instagram.com,Non-binary,78.87.39.52
412,Tobiah,Lowless,tlowlessbf@foxnews.com,Genderqueer,47.152.202.218
413,Lynna,Spoole,lspoolebg@odnoklassniki.ru,Non-binary,205.100.167.111
414,Isaak,Skellon,iskellonbh@whitehouse.gov,Genderqueer,124.181.5.163
415,Ellynn,Dhillon,edhillonbi@fema.gov,Genderqueer,144.156.100.210
416,Ayn,Dutnell,adutnellbj@comcast.net,Agender,102.125.20.220
417,Myrna,Zucker,mzuckerbk@macromedia.com,Agender,192.188.249.238
418,Aprilette,Pavolini,apavolinibl@symantec.com,Polygender,217.221.152.81
419,Elliott,Pryor,epryorbm@cisco.com,Polygender,48.243.81.58
420,Travis,Tibbotts,ttibbottsbn@chronoengine.com,Genderqueer,253.222.3.174
421,Orlando,O'Dea,oodeabo@g.co,Agender,172.238.133.163
422,Fidela,Hassent,fhassentbp@gizmodo.com,Non-binary,118.13.43.132
423,Dorian,Peto,dpetobq@vinaora.com,Polygender,80.110.104.248
424,Roz,Matusov,rmatusovbr@163.com,Male,111.64.178.123
425,Tammy,Duro,tdurobs@netscape.com,Polygender,112.123.250.9
426,Barbabra,Cheesman,bcheesmanbt@pbs.org,Bigender,236.8.127.16
427,Shaw,Farquhar,sfarquharbu@ucoz.ru,Non-binary,34.144.63.67
428,Vin,Chitham,vchithambv@va.gov,Male,205.135.162.215
429,Gabbi,Reville,grevillebw@quantcast.com,Genderqueer,244.61.76.91
430,Nicolle,OIlier,noilierbx@microsoft.com,Genderfluid,186.85.76.215
431,Fran,Prozescky,fprozesckyby@slideshare.net,Polygender,159.79.179.198
432,Kara-lynn,Bonevant,kbonevantbz@cnbc.com,Male,237.155.126.162
433,Horatius,Piquard,hpiquardc0@zdnet.com,Male,243.39.64.193
434,Pat,Duffet,pduffetc1@addtoany.com,Male,248.198.32.44
435,Lucho,Lamperti,llampertic2@ox.ac.uk,Genderqueer,86.170.35.126
436,Angelo,Chardin,achardinc3@nydailynews.com,Agender,232.84.204.216
437,Elysha,Burberye,eburberyec4@fema.gov,Female,145.53.162.132
438,Maddie,Flinn,mflinnc5@marketwatch.com,Genderqueer,36.164.61.190
439,Cathy,Vicarey,cvicareyc6@naver.com,Genderfluid,204.73.138.35
440,Walther,St. Aubyn,wstaubync7@freewebs.com,Bigender,164.65.120.230
441,Ivonne,Tooher,itooherc8@lycos.com,Genderfluid,125.63.27.238
442,Solomon,McAvinchey,smcavincheyc9@ifeng.com,Genderfluid,176.7.3.255
443,Cicily,Tillerton,ctillertonca@army.mil,Agender,236.36.60.251
444,Amy,McDonogh,amcdonoghcb@sciencedaily.com,Female,121.44.141.221
445,Emilie,Fogden,efogdencc@alexa.com,Genderfluid,65.198.46.78
446,Krispin,Alps,kalpscd@kickstarter.com,Female,210.130.220.235
447,Cristi,Tourmell,ctourmellce@blogspot.com,Bigender,35.121.65.130
448,Libbey,Baysting,lbaystingcf@ifeng.com,Genderfluid,198.30.8.115
449,Margeaux,Evitt,mevittcg@instagram.com,Male,250.219.60.170
450,Reyna,Baudino,rbaudinoch@cbsnews.com,Female,15.75.212.10
451,Rutger,Scouse,rscouseci@smh.com.au,Non-binary,218.30.106.170
452,Josee,Perroni,jperronicj@scientificamerican.com,Genderfluid,56.104.191.150
453,Engelbert,Kirstein,ekirsteinck@netscape.com,Male,2.207.156.145
454,Cleve,Morena,cmorenacl@webs.com,Genderfluid,70.26.73.191
455,Jany,Roy,jroycm@state.tx.us,Non-binary,238.249.182.229
456,Concettina,Handsheart,chandsheartcn@cafepress.com,Polygender,37.98.11.48
457,Tammie,McGuffog,tmcguffogco@exblog.jp,Polygender,74.89.153.13
458,Timmie,Dabell,tdabellcp@mediafire.com,Bigender,161.131.90.107
459,Elianore,Greenough,egreenoughcq@theatlantic.com,Non-binary,160.186.50.244
460,Bethena,Olrenshaw,bolrenshawcr@nydailynews.com,Agender,163.148.233.150
461,Brice,Peel,bpeelcs@livejournal.com,Genderqueer,131.45.90.105
462,Milty,Carlisso,mcarlissoct@eventbrite.com,Bigender,10.194.100.233
463,Laughton,Mouland,lmoulandcu@ed.gov,Bigender,228.116.145.95
464,Rozanne,Pember,rpembercv@homestead.com,Female,84.63.64.255
465,Mohandas,Ramm,mrammcw@seattletimes.com,Male,116.55.120.43
466,Jordana,Silverstone,jsilverstonecx@wordpress.com,Female,200.123.238.216
467,Jenda,Huetson,jhuetsoncy@harvard.edu,Male,243.208.215.127
468,Alaine,Vanes,avanescz@reference.com,Female,109.172.28.166
469,Edithe,Skuce,eskuced0@google.co.jp,Genderfluid,13.23.224.37
470,Malina,Pedlow,mpedlowd1@usatoday.com,Non-binary,44.12.38.93
471,Yancy,Dryburgh,ydryburghd2@opera.com,Genderqueer,134.87.39.14
472,Neill,Fleis,nfleisd3@google.de,Non-binary,19.228.236.240
473,Kristy,Torbard,ktorbardd4@harvard.edu,Polygender,2.56.27.17
474,Aline,O'Cooney,aocooneyd5@weather.com,Female,158.186.92.208
475,Brande,Toll,btolld6@ibm.com,Polygender,126.21.247.19
476,Kiel,Jaqueme,kjaquemed7@ifeng.com,Agender,234.131.195.166
477,Christie,Solomonides,csolomonidesd8@storify.com,Polygender,43.91.163.105
478,Denny,Sandlin,dsandlind9@msu.edu,Genderfluid,54.22.8.107
479,Hayward,Aizikovich,haizikovichda@bandcamp.com,Female,27.249.216.156
480,Celestia,Rabbage,crabbagedb@furl.net,Agender,112.119.200.191
481,Paulo,Olek,polekdc@theglobeandmail.com,Polygender,20.44.193.48
482,Hyacinthe,Pepperell,hpepperelldd@merriam-webster.com,Genderfluid,243.131.52.233
483,Kaitlin,Jackson,kjacksonde@apple.com,Female,179.236.131.133
484,Sibbie,Kennea,skenneadf@bbb.org,Bigender,103.68.184.207
485,Avram,Bullocke,abullockedg@weibo.com,Bigender,144.214.109.242
486,Ewart,Forten,efortendh@home.pl,Genderqueer,75.7.2.237
487,Fax,Howis,fhowisdi@abc.net.au,Agender,66.200.134.88
488,Ashil,Brixey,abrixeydj@live.com,Genderfluid,92.119.122.128
489,Babb,Boij,bboijdk@smh.com.au,Genderfluid,76.108.64.196
490,Lucius,Dunderdale,ldunderdaledl@ca.gov,Agender,255.120.183.0
491,Aili,Benedit,abeneditdm@webs.com,Male,51.102.224.176
492,Glen,Fagge,gfaggedn@epa.gov,Male,231.77.139.115
493,Berget,Andresser,bandresserdo@flavors.me,Male,47.54.14.126
494,Ambrosius,Oliphand,aoliphanddp@hc360.com,Female,24.106.65.61
495,Noni,Iffland,nifflanddq@live.com,Female,154.232.85.3
496,Modestia,Follan,mfollandr@europa.eu,Bigender,174.132.35.197
497,Lin,Washbrook,lwashbrookds@nbcnews.com,Non-binary,9.230.0.93
498,Gustaf,Surgeoner,gsurgeonerdt@360.cn,Genderqueer,12.232.177.198
499,Benton,Gush,bgushdu@example.com,Polygender,224.61.66.184
500,Tracie,Rannald,trannalddv@auda.org.au,Genderfluid,148.23.251.5
501,Nolie,Von Salzberg,nvonsalzbergdw@lulu.com,Polygender,9.143.139.0
502,Corella,Juett,cjuettdx@quantcast.com,Non-binary,160.40.31.172
503,Darryl,Whaley,dwhaleydy@ycombinator.com,Female,49.197.94.174
504,Gillan,Yirrell,gyirrelldz@bluehost.com,Male,210.220.234.89
505,Gasper,Bohlin,gbohline0@artisteer.com,Non-binary,67.194.134.77
506,Heath,Hessel,hhessele1@ameblo.jp,Genderfluid,76.171.45.3
507,Neville,Mauchline,nmauchlinee2@example.com,Bigender,244.127.182.226
508,Agace,Dwelly,adwellye3@mayoclinic.com,Polygender,174.249.227.104
509,Ardelia,Dudin,adudine4@cornell.edu,Polygender,170.158.241.110
510,Flore,Olenin,folenine5@disqus.com,Male,229.173.40.249
511,Tuck,Ide,tidee6@kickstarter.com,Genderfluid,75.48.44.200
512,Tilly,Creegan,tcreegane7@harvard.edu,Male,149.26.111.159
513,Caron,Gibb,cgibbe8@macromedia.com,Male,168.90.188.238
514,Cecily,Instock,cinstocke9@cbslocal.com,Genderfluid,142.55.128.255
515,Verge,Galego,vgalegoea@sciencedaily.com,Bigender,117.2.205.131
516,Renato,O'Connel,roconneleb@cdc.gov,Female,198.197.213.182
517,Redd,Rault,rraultec@bing.com,Genderfluid,185.173.74.58
518,Lothaire,Jentle,ljentleed@slate.com,Bigender,27.214.26.81
519,Rivy,Reisenstein,rreisensteinee@aboutads.info,Polygender,208.25.238.166
520,Olav,Elven,oelvenef@msn.com,Genderqueer,22.255.155.164
521,Benedikta,Liccardo,bliccardoeg@facebook.com,Male,248.251.11.9
522,Tammi,Pickavance,tpickavanceeh@edublogs.org,Non-binary,140.201.239.31
523,Even,Balogh,ebaloghei@smugmug.com,Female,129.219.88.98
524,Daphene,Udden,duddenej@squarespace.com,Genderqueer,174.187.168.130
525,Ronda,Kulver,rkulverek@people.com.cn,Male,170.217.54.123
526,Hope,Aspray,hasprayel@berkeley.edu,Polygender,156.86.67.6
527,Eldon,Rudham,erudhamem@amazon.co.jp,Genderfluid,3.53.186.9
528,Tansy,Saladine,tsaladineen@netlog.com,Genderfluid,41.239.136.49
529,Annabella,Cackett,acacketteo@hud.gov,Non-binary,62.155.240.253
530,Bernita,Fields,bfieldsep@google.com,Non-binary,212.95.222.176
531,Cairistiona,Quig,cquigeq@so-net.ne.jp,Genderfluid,2.64.64.198
532,Pattin,Bedder,pbedderer@nps.gov,Non-binary,238.151.20.52
533,Herschel,Pothergill,hpothergilles@sourceforge.net,Non-binary,25.19.183.12
534,Latashia,Fydoe,lfydoeet@nsw.gov.au,Non-binary,169.248.111.158
535,Jedd,Langsdon,jlangsdoneu@mozilla.org,Genderqueer,112.250.31.85
536,Robina,Levensky,rlevenskyev@twitpic.com,Genderqueer,35.32.233.93
537,Sib,Evensden,sevensdenew@wiley.com,Genderqueer,190.149.172.221
538,Jackie,Challinor,jchallinorex@canalblog.com,Agender,236.177.167.162
539,Guglielma,Hatliff,ghatliffey@ustream.tv,Male,39.154.134.38
540,Pascale,Samter,psamterez@yale.edu,Genderqueer,33.158.43.197
541,Lenka,Dockerty,ldockertyf0@joomla.org,Genderfluid,178.229.246.173
542,Francene,Braven,fbravenf1@wisc.edu,Genderqueer,10.172.212.251
543,Augustina,Heball,aheballf2@google.com.hk,Female,235.211.171.121
544,Marni,Lowdiane,mlowdianef3@wikipedia.org,Genderqueer,103.51.113.176
545,Henderson,Norcott,hnorcottf4@utexas.edu,Bigender,19.50.243.233
546,Gunther,Tatlowe,gtatlowef5@vinaora.com,Genderfluid,140.218.127.106
547,Kellyann,Beall,kbeallf6@npr.org,Male,156.208.180.130
548,Clayton,Campelli,ccampellif7@nyu.edu,Agender,245.113.113.222
549,Lorena,Radleigh,lradleighf8@eventbrite.com,Male,191.67.207.233
550,Lyndsie,Galbraeth,lgalbraethf9@ted.com,Genderqueer,104.146.179.242
551,Janaya,Giannini,jgianninifa@vistaprint.com,Polygender,150.120.152.26
552,Penelope,Barock,pbarockfb@istockphoto.com,Male,84.210.180.33
553,Jasmina,Goulding,jgouldingfc@bbc.co.uk,Agender,75.161.125.240
554,Ronnie,Fromant,rfromantfd@geocities.jp,Male,119.224.192.57
555,Babette,Poulden,bpouldenfe@nyu.edu,Agender,182.87.121.206
556,Ora,Arundale,oarundaleff@dropbox.com,Genderfluid,167.213.30.205
557,Allan,Longworth,alongworthfg@artisteer.com,Male,24.113.100.208
558,Shina,Deyenhardt,sdeyenhardtfh@themeforest.net,Agender,152.24.21.37
559,Tatiana,Ayrton,tayrtonfi@dailymail.co.uk,Agender,18.197.222.77
560,Alfons,Frugier,afrugierfj@wufoo.com,Bigender,242.33.190.79
561,Clary,Cridland,ccridlandfk@jalbum.net,Genderqueer,106.232.97.61
562,Jeanna,Olyonov,jolyonovfl@tamu.edu,Genderqueer,15.229.194.213
563,Mignon,Morpeth,mmorpethfm@fda.gov,Non-binary,69.3.237.89
564,Tamara,Poles,tpolesfn@nifty.com,Male,176.104.62.159
565,Adorne,Bodle,abodlefo@homestead.com,Non-binary,140.199.72.67
566,Delmor,Richen,drichenfp@example.com,Genderqueer,199.150.157.242
567,Mirilla,Hustings,mhustingsfq@fotki.com,Female,32.140.74.178
568,Lacey,Blencoe,lblencoefr@deliciousdays.com,Polygender,188.111.180.186
569,Gaultiero,Glason,gglasonfs@nymag.com,Bigender,12.41.34.29
570,Humfried,Andrini,handrinift@google.de,Male,193.148.96.99
571,Richie,Croal,rcroalfu@symantec.com,Genderfluid,193.96.17.198
572,Waldon,Allsopp,wallsoppfv@paginegialle.it,Non-binary,143.122.138.149
573,Raymond,Goreisr,rgoreisrfw@baidu.com,Non-binary,208.38.103.105
574,Kalil,De Rye Barrett,kderyebarrettfx@blog.com,Genderqueer,112.227.54.87
575,Julia,Peartree,jpeartreefy@drupal.org,Female,183.53.153.214
576,Gris,Crenage,gcrenagefz@webnode.com,Non-binary,70.242.229.146
577,Talbot,Cullimore,tcullimoreg0@yahoo.com,Genderqueer,127.131.27.168
578,Valentia,Shadbolt,vshadboltg1@multiply.com,Bigender,113.143.141.165
579,Addy,Haylor,ahaylorg2@paginegialle.it,Female,163.114.219.144
580,Susanne,Ellwand,sellwandg3@intel.com,Agender,155.47.25.166
581,Chelsie,Rackam,crackamg4@xing.com,Polygender,205.135.91.165
582,Frances,Anan,fanang5@dagondesign.com,Non-binary,46.3.148.138
583,Aura,Kondratenko,akondratenkog6@wordpress.org,Male,156.109.70.231
584,Adolphe,Greedyer,agreedyerg7@hc360.com,Non-binary,10.36.138.62
585,Verla,Chessman,vchessmang8@ezinearticles.com,Non-binary,150.161.6.146
586,Amitie,Berriball,aberriballg9@thetimes.co.uk,Male,166.102.21.170
587,Cullen,Hammor,chammorga@uiuc.edu,Female,29.245.42.52
588,Pete,Hinkens,phinkensgb@123-reg.co.uk,Genderfluid,117.210.122.211
589,Dacie,Antoshin,dantoshingc@yellowpages.com,Bigender,193.203.208.240
590,Gerda,Nutley,gnutleygd@free.fr,Polygender,223.66.239.38
591,Noah,Stihl,nstihlge@webeden.co.uk,Male,2.91.181.127
592,Persis,Piscopello,ppiscopellogf@nydailynews.com,Non-binary,159.123.91.8
593,Ivor,Burberow,iburberowgg@paginegialle.it,Non-binary,121.88.92.167
594,Demeter,Gorrissen,dgorrissengh@loc.gov,Non-binary,228.115.30.102
595,Gal,Dodge,gdodgegi@hud.gov,Genderqueer,161.1.120.45
596,Fairleigh,Brimman,fbrimmangj@fc2.com,Non-binary,202.22.133.232
597,Irv,Vanichev,ivanichevgk@desdev.cn,Male,52.65.38.203
598,Orazio,Begg,obegggl@bloglines.com,Agender,65.193.126.30
599,Lilas,Connop,lconnopgm@cafepress.com,Non-binary,138.204.173.252
600,Howey,Mardle,hmardlegn@plala.or.jp,Polygender,92.59.65.254
601,Neddie,Austen,naustengo@hugedomains.com,Agender,240.190.142.230
602,Arv,Crayke,acraykegp@paginegialle.it,Male,62.109.233.136
603,Tracie,Dwyr,tdwyrgq@usda.gov,Genderqueer,236.224.152.124
604,Denny,Astin,dastingr@ezinearticles.com,Bigender,100.98.170.141
605,Curry,Hearnshaw,chearnshawgs@nymag.com,Male,229.228.214.103
606,Zachary,Islep,zislepgt@techcrunch.com,Bigender,23.42.137.175
607,Lura,Verlinde,lverlindegu@virginia.edu,Male,177.210.171.40
608,Diandra,Schoenleiter,dschoenleitergv@chicagotribune.com,Polygender,160.76.150.237
609,Olivie,Maltby,omaltbygw@jimdo.com,Non-binary,144.128.131.130
610,Aubrette,Blaasch,ablaaschgx@ucla.edu,Bigender,73.138.173.197
611,Hersch,Stockwell,hstockwellgy@skyrock.com,Genderqueer,159.162.79.48
612,Guendolen,Swabey,gswabeygz@discovery.com,Bigender,53.78.121.171
613,Tadeo,Pennicott,tpennicotth0@ehow.com,Agender,153.216.179.85
614,Marne,Breslane,mbreslaneh1@va.gov,Genderfluid,98.50.107.184
615,Bearnard,Schnitter,bschnitterh2@1688.com,Male,67.2.175.40
616,Magda,Hlavecek,mhlavecekh3@jigsy.com,Female,0.59.76.75
617,Gamaliel,Narramor,gnarramorh4@nbcnews.com,Female,155.192.196.251
618,Sybilla,Tulleth,stullethh5@boston.com,Genderqueer,177.117.138.133
619,Vittoria,Banane,vbananeh6@fastcompany.com,Bigender,64.128.9.124
620,Lyn,O'Doireidh,lodoireidhh7@last.fm,Non-binary,0.42.183.26
621,Bertha,Gabby,bgabbyh8@1und1.de,Male,229.206.19.203
622,Marti,Sivorn,msivornh9@usgs.gov,Bigender,191.131.75.25
623,Lauren,Jordison,ljordisonha@apple.com,Female,134.103.149.21
624,Elinor,Pionter,epionterhb@vk.com,Agender,114.128.1.81
625,Perri,Powling,ppowlinghc@blog.com,Genderfluid,216.14.5.16
626,Beatrice,Giannasi,bgiannasihd@gov.uk,Bigender,147.1.243.109
627,Renie,Navarro,rnavarrohe@smh.com.au,Bigender,179.4.86.243
628,Ashlen,Crosi,acrosihf@blogspot.com,Agender,59.159.247.156
629,Betsey,Milhench,bmilhenchhg@ihg.com,Polygender,96.116.71.8
630,Shawnee,De Biasi,sdebiasihh@amazon.co.uk,Male,142.176.54.145
631,Nyssa,Weall,nweallhi@prweb.com,Male,77.52.42.19
632,Jeno,Moneypenny,jmoneypennyhj@seesaa.net,Agender,143.197.149.224
633,Conrado,Cabble,ccabblehk@upenn.edu,Female,65.86.62.190
634,Joice,Pingstone,jpingstonehl@google.nl,Bigender,223.7.91.16
635,Philly,Greener,pgreenerhm@scientificamerican.com,Genderqueer,145.196.78.214
636,Vidovic,Borborough,vborboroughhn@example.com,Polygender,244.45.83.252
637,Raul,Ohms,rohmsho@usatoday.com,Male,235.106.111.104
638,Ekaterina,Dearle-Palser,edearlepalserhp@free.fr,Polygender,120.241.154.24
639,Celia,Findlow,cfindlowhq@spotify.com,Polygender,154.59.120.32
640,Beverie,Canfield,bcanfieldhr@csmonitor.com,Polygender,22.141.159.46
641,Hayley,Jacke,hjackehs@google.ru,Bigender,90.158.36.143
642,Sigismund,Teape,steapeht@netlog.com,Genderqueer,84.79.179.147
643,Shepperd,Woolmer,swoolmerhu@time.com,Genderfluid,79.136.163.243
644,Perri,Lucus,plucushv@nationalgeographic.com,Non-binary,15.50.249.112
645,Beauregard,Roebottom,broebottomhw@bbb.org,Agender,47.227.114.157
646,Sarah,Udey,sudeyhx@cnet.com,Bigender,60.130.180.233
647,Michael,Lesser,mlesserhy@mlb.com,Genderqueer,116.102.200.157
648,Annaliese,Heinig,aheinighz@examiner.com,Agender,211.9.77.68
649,Ilsa,Matuszewski,imatuszewskii0@networkadvertising.org,Non-binary,205.164.241.241
650,Charlotta,Duberry,cduberryi1@oaic.gov.au,Agender,137.39.75.227
651,Lorry,Heyfield,lheyfieldi2@statcounter.com,Bigender,6.237.219.63
652,Micky,Woolford,mwoolfordi3@timesonline.co.uk,Agender,64.33.196.171
653,Leona,Kall,lkalli4@si.edu,Male,189.250.97.46
654,Coop,Pietrasik,cpietrasiki5@jugem.jp,Genderqueer,101.167.244.62
655,Garald,Dillaway,gdillawayi6@ning.com,Polygender,165.81.166.152
656,Claudell,Buttle,cbuttlei7@cyberchimps.com,Male,68.253.98.64
657,Kamillah,Soppit,ksoppiti8@1688.com,Agender,230.168.201.95
658,Delores,Hedingham,dhedinghami9@ehow.com,Genderfluid,0.219.49.148
659,Lanie,Gillson,lgillsonia@cpanel.net,Non-binary,136.207.220.42
660,Kimberlee,Seemmonds,kseemmondsib@tumblr.com,Male,94.219.231.107
661,Shani,Bauman,sbaumanic@buzzfeed.com,Genderfluid,211.33.209.195
662,Jennifer,Lamkin,jlamkinid@toplist.cz,Genderqueer,135.171.181.110
663,Eyde,Axcel,eaxcelie@exblog.jp,Genderfluid,130.193.185.234
664,Rudiger,Harcombe,rharcombeif@msu.edu,Female,92.145.85.11
665,Hazlett,De Gregario,hdegregarioig@storify.com,Genderfluid,228.99.168.57
666,Dulcinea,Lott,dlottih@facebook.com,Polygender,224.197.203.18
667,Bernice,Stampfer,bstampferii@auda.org.au,Female,210.106.195.65
668,Gilburt,Evensden,gevensdenij@usgs.gov,Female,194.168.85.197
669,Elyssa,Atterbury,eatterburyik@nyu.edu,Genderfluid,154.99.31.164
670,Ches,Cecchetelli,ccecchetelliil@japanpost.jp,Female,76.88.159.163
671,Emerson,Vearnals,evearnalsim@un.org,Female,19.27.55.255
672,Elayne,Arenson,earensonin@wordpress.org,Polygender,252.13.109.62
673,Melonie,Passfield,mpassfieldio@discuz.net,Polygender,103.168.254.126
674,Eudora,Eddisford,eeddisfordip@lulu.com,Polygender,138.124.97.225
675,Alika,Dreghorn,adreghorniq@paypal.com,Agender,75.19.125.131
676,Benedikta,Mitchiner,bmitchinerir@mozilla.com,Non-binary,212.176.184.236
677,Mischa,Raylton,mrayltonis@360.cn,Bigender,34.27.68.164
678,Monroe,Rafferty,mraffertyit@google.fr,Genderqueer,161.230.231.32
679,Cloe,Molan,cmolaniu@pen.io,Non-binary,125.198.143.89
680,Guinna,Preble,gprebleiv@t.co,Agender,211.81.180.188
681,Marcelia,Maryman,mmarymaniw@statcounter.com,Non-binary,67.105.32.86
682,Bancroft,Corran,bcorranix@paypal.com,Male,145.7.175.76
683,Lexis,Sebley,lsebleyiy@wufoo.com,Genderfluid,82.30.80.182
684,Siffre,Josifovitz,sjosifovitziz@yellowbook.com,Agender,92.217.120.38
685,Aili,Edington,aedingtonj0@seesaa.net,Polygender,80.183.249.34
686,Brandie,Binnell,bbinnellj1@cbslocal.com,Bigender,143.60.128.202
687,Peyton,Kunkel,pkunkelj2@feedburner.com,Female,249.47.2.102
688,Isabel,Stenett,istenettj3@barnesandnoble.com,Genderfluid,195.26.159.113
689,Eimile,Kingh,ekinghj4@addtoany.com,Non-binary,206.229.109.244
690,Manuel,Petley,mpetleyj5@wisc.edu,Genderqueer,85.102.14.145
691,Willi,Dansken,wdanskenj6@google.co.uk,Polygender,36.58.0.102
692,Shaine,Lethley,slethleyj7@jugem.jp,Agender,85.247.90.68
693,Nerte,Cobbing,ncobbingj8@comcast.net,Bigender,229.245.174.125
694,Doroteya,Fryatt,dfryattj9@usnews.com,Genderfluid,93.102.226.117
695,Thorn,Goodinson,tgoodinsonja@qq.com,Non-binary,169.25.247.211
696,Ora,Pilger,opilgerjb@auda.org.au,Genderfluid,85.181.148.129
697,Amye,Furlong,afurlongjc@tamu.edu,Male,121.2.190.253
698,Galven,Wimbush,gwimbushjd@hostgator.com,Non-binary,232.7.51.148
699,Binky,Buckerfield,bbuckerfieldje@tinypic.com,Female,220.212.117.193
700,Natale,McPhater,nmcphaterjf@delicious.com,Polygender,39.188.67.114
701,Helsa,Forsyde,hforsydejg@ovh.net,Polygender,93.187.67.181
702,Yard,Ruddiforth,yruddiforthjh@blog.com,Male,154.114.165.115
703,Riannon,Krolik,rkrolikji@cornell.edu,Polygender,98.196.126.88
704,Gail,Allport,gallportjj@epa.gov,Polygender,147.12.183.63
705,Valentijn,Sam,vsamjk@nature.com,Female,108.169.179.156
706,Tyrus,Weigh,tweighjl@quantcast.com,Non-binary,94.12.28.81
707,Derward,Forsbey,dforsbeyjm@php.net,Genderqueer,241.69.25.249
708,Lonnard,Brasse,lbrassejn@bloomberg.com,Female,33.217.48.28
709,Torrence,Bristowe,tbristowejo@hc360.com,Non-binary,86.224.118.34
710,Skipper,Brauns,sbraunsjp@zimbio.com,Non-binary,134.251.140.216
711,Aimil,Sabathier,asabathierjq@wikispaces.com,Female,201.112.91.113
712,Bailie,Grahl,bgrahljr@sogou.com,Agender,179.131.178.23
713,Ruth,Allkins,rallkinsjs@state.tx.us,Non-binary,223.105.254.196
714,Janette,Essery,jesseryjt@infoseek.co.jp,Bigender,61.114.246.19
715,Jyoti,Brayn,jbraynju@eepurl.com,Non-binary,0.120.84.36
716,Aldric,Potzold,apotzoldjv@jugem.jp,Agender,226.190.27.52
717,Odell,Bagby,obagbyjw@prweb.com,Polygender,49.37.129.133
718,Lyn,Dobney,ldobneyjx@theglobeandmail.com,Genderfluid,86.111.6.110
719,Kathye,Casoni,kcasonijy@jugem.jp,Male,61.99.31.115
720,Horatia,Walrond,hwalrondjz@engadget.com,Male,50.88.122.149
721,Hermann,Wegenen,hwegenenk0@livejournal.com,Genderqueer,185.196.58.185
722,Dorelia,McSharry,dmcsharryk1@blogtalkradio.com,Male,206.249.75.26
723,Gaylord,Pittford,gpittfordk2@slate.com,Non-binary,237.26.134.48
724,Nonah,Hegel,nhegelk3@umn.edu,Non-binary,32.231.192.241
725,Trenna,Lillicrop,tlillicropk4@spiegel.de,Genderqueer,114.73.59.144
726,Basilio,Tripet,btripetk5@angelfire.com,Genderqueer,129.106.201.155
727,Jordan,Sothcott,jsothcottk6@last.fm,Genderqueer,200.98.37.32
728,Sholom,Timpany,stimpanyk7@hexun.com,Male,209.197.113.55
729,Kaitlynn,Trood,ktroodk8@answers.com,Polygender,207.29.136.90
730,Legra,Orrey,lorreyk9@samsung.com,Male,146.221.234.133
731,Verna,Dumphy,vdumphyka@ted.com,Genderfluid,121.245.108.249
732,Richmond,Hickford,rhickfordkb@alibaba.com,Non-binary,96.45.226.239
733,Eleni,Jakobsson,ejakobssonkc@nhs.uk,Genderqueer,78.178.108.14
734,Irwin,Arundale,iarundalekd@photobucket.com,Genderfluid,156.116.59.81
735,Jenilee,Winfield,jwinfieldke@cargocollective.com,Agender,85.48.119.10
736,Matias,Gronous,mgronouskf@homestead.com,Male,148.57.51.138
737,Richardo,Ottawell,rottawellkg@google.co.uk,Male,180.171.31.196
738,Grayce,Godfroy,ggodfroykh@netvibes.com,Male,226.52.82.30
739,Rene,Gadsdon,rgadsdonki@webs.com,Male,207.14.135.103
740,Myrilla,Jarret,mjarretkj@last.fm,Genderqueer,209.221.139.33
741,Emelda,Coatman,ecoatmankk@census.gov,Bigender,169.13.241.193
742,Nanete,Guisot,nguisotkl@vistaprint.com,Bigender,40.227.48.148
743,Toma,Myhill,tmyhillkm@squidoo.com,Female,187.225.128.33
744,Bennett,Ikin,bikinkn@fc2.com,Male,125.61.130.112
745,Clari,Dourin,cdourinko@princeton.edu,Bigender,140.74.131.178
746,Robin,Cluet,rcluetkp@indiatimes.com,Genderqueer,138.34.75.179
747,Vinny,Boken,vbokenkq@mac.com,Genderfluid,248.109.2.24
748,Gerladina,Mablestone,gmablestonekr@fema.gov,Bigender,0.143.161.142
749,Allie,Staining,astainingks@opensource.org,Genderfluid,148.176.224.107
750,Lurleen,Hanselmann,lhanselmannkt@purevolume.com,Non-binary,28.21.94.220
751,Letizia,Climar,lclimarku@baidu.com,Genderfluid,197.87.1.177
752,Wendel,Mellem,wmellemkv@zimbio.com,Agender,109.97.214.79
753,Karita,Spurdens,kspurdenskw@bravesites.com,Polygender,178.66.172.10
754,Arri,Van Rembrandt,avanrembrandtkx@exblog.jp,Genderqueer,18.208.58.99
755,Constantine,Bromby,cbrombyky@bandcamp.com,Agender,155.35.139.192
756,Patty,Chasteney,pchasteneykz@dailymotion.com,Female,126.163.90.12
757,Curcio,Eggleton,ceggletonl0@phoca.cz,Male,213.64.250.221
758,Patten,Reinhart,preinhartl1@taobao.com,Genderfluid,46.80.67.30
759,Isidora,Brende,ibrendel2@deliciousdays.com,Agender,132.158.109.84
760,Ham,Inchan,hinchanl3@wiley.com,Bigender,113.175.152.105
761,Shaylah,Hatje,shatjel4@youtube.com,Polygender,156.38.71.7
762,Dorena,Rabson,drabsonl5@arizona.edu,Bigender,14.144.4.243
763,Tiebold,Stibbs,tstibbsl6@cdbaby.com,Female,102.110.36.218
764,Sherwin,Shildrake,sshildrakel7@opera.com,Female,186.195.207.166
765,Clemmie,Goodbar,cgoodbarl8@last.fm,Polygender,218.117.96.48
766,Ada,Righy,arighyl9@webmd.com,Male,209.180.49.22
767,Joelly,Rounding,jroundingla@comsenz.com,Non-binary,127.99.92.124
768,Wynn,Hambribe,whambribelb@dedecms.com,Polygender,227.2.70.237
769,Noam,Bailie,nbailielc@indiegogo.com,Polygender,208.42.114.89
770,Scottie,Leach,sleachld@nba.com,Genderqueer,136.206.245.142
771,Lotta,Kobpa,lkobpale@github.io,Agender,126.149.130.237
772,Tudor,Stainsby,tstainsbylf@macromedia.com,Genderqueer,53.70.245.57
773,Madelena,Searsby,msearsbylg@webs.com,Male,231.111.59.198
774,Clay,Ambrozewicz,cambrozewiczlh@deviantart.com,Genderqueer,165.131.130.188
775,Beverly,Cahen,bcahenli@newyorker.com,Genderfluid,91.84.43.197
776,Biddie,Petrovsky,bpetrovskylj@storify.com,Genderfluid,208.150.11.54
777,Evey,Rowcliffe,erowcliffelk@reddit.com,Female,220.187.62.172
778,Jaquelyn,Elgar,jelgarll@naver.com,Polygender,191.48.107.121
779,Piggy,Reckless,precklesslm@eventbrite.com,Genderqueer,189.26.33.67
780,Debee,Faithfull,dfaithfullln@topsy.com,Polygender,101.150.225.222
781,Brenn,Keppie,bkeppielo@dmoz.org,Agender,101.226.245.45
782,Sherwood,Noen,snoenlp@paginegialle.it,Male,37.242.103.151
783,Martina,Withringten,mwithringtenlq@answers.com,Female,216.9.206.141
784,Chance,Carnduff,ccarndufflr@tuttocitta.it,Male,105.4.105.209
785,Osborne,Abad,oabadls@canalblog.com,Genderqueer,227.209.109.255
786,Deeyn,Dispencer,ddispencerlt@1688.com,Genderqueer,37.69.12.217
787,Rosalinda,Greatbanks,rgreatbankslu@oaic.gov.au,Genderqueer,40.85.90.184
788,Riane,Josselsohn,rjosselsohnlv@privacy.gov.au,Non-binary,224.92.219.141
789,Sammy,Thicking,sthickinglw@quantcast.com,Bigender,155.241.167.122
790,Salaidh,De Hailes,sdehaileslx@acquirethisname.com,Genderfluid,59.143.136.219
791,Kingsley,De Gowe,kdegowely@apache.org,Polygender,162.16.114.140
792,Margot,Pistol,mpistollz@prnewswire.com,Genderfluid,28.115.140.238
793,Mollee,Debrick,mdebrickm0@php.net,Genderqueer,165.12.207.92
794,Kaile,McKague,kmckaguem1@smugmug.com,Male,112.213.219.220
795,Darcy,Skirven,dskirvenm2@chronoengine.com,Female,60.242.214.123
796,Caprice,Rivallant,crivallantm3@theatlantic.com,Non-binary,218.25.31.22
797,Jonathan,Darke,jdarkem4@miibeian.gov.cn,Agender,93.53.206.8
798,Shanna,Houchen,shouchenm5@ucoz.ru,Male,185.34.19.88
799,Saundra,Carwithim,scarwithimm6@sourceforge.net,Polygender,108.205.255.186
800,Aurelie,Gorvette,agorvettem7@tripadvisor.com,Bigender,135.54.91.163
801,Nolly,Howbrook,nhowbrookm8@addtoany.com,Non-binary,101.171.197.25
802,Consuela,Babbage,cbabbagem9@dot.gov,Female,236.166.249.66
803,Horatia,Pilcher,hpilcherma@samsung.com,Male,203.13.66.169
804,Frieda,Connachan,fconnachanmb@liveinternet.ru,Agender,242.73.94.230
805,Brooke,Grafom,bgrafommc@cbc.ca,Female,250.118.213.24
806,Veronica,Lightwing,vlightwingmd@biglobe.ne.jp,Male,121.22.158.150
807,Rose,Dulinty,rdulintyme@microsoft.com,Non-binary,159.2.164.89
808,Dian,Rozet,drozetmf@census.gov,Genderfluid,98.80.218.68
809,Denyse,Shynn,dshynnmg@admin.ch,Male,16.47.118.47
810,Margareta,Wantling,mwantlingmh@nymag.com,Male,161.4.107.234
811,Devlin,Horrigan,dhorriganmi@storify.com,Non-binary,191.51.144.200
812,Bibby,Friett,bfriettmj@squarespace.com,Female,224.107.240.88
813,Gay,Holtaway,gholtawaymk@bigcartel.com,Genderqueer,219.67.72.16
814,Nerty,Duckers,nduckersml@mtv.com,Male,11.13.55.11
815,Maribel,Goodinge,mgoodingemm@netscape.com,Genderfluid,170.234.81.143
816,Yetta,Reardon,yreardonmn@webs.com,Bigender,208.251.177.167
817,Rodolph,Ciciotti,rciciottimo@live.com,Genderfluid,50.28.77.8
818,Sybille,Rattrie,srattriemp@kickstarter.com,Agender,126.159.21.194
819,Maggie,Iles,milesmq@nba.com,Agender,180.42.98.109
820,Chantalle,Carrick,ccarrickmr@sciencedaily.com,Genderqueer,188.134.40.20
821,Stanislas,Keeting,skeetingms@hud.gov,Genderfluid,50.117.172.103
822,Billy,Hunn,bhunnmt@feedburner.com,Genderqueer,214.122.84.66
823,Benedetto,Easby,beasbymu@howstuffworks.com,Agender,70.32.82.115
824,Gayelord,Oxford,goxfordmv@berkeley.edu,Genderqueer,0.183.80.80
825,Oswald,Paulmann,opaulmannmw@freewebs.com,Bigender,202.49.201.253
826,Annecorinne,Paulsen,apaulsenmx@globo.com,Bigender,13.136.37.6
827,Antonie,Pimblotte,apimblottemy@businesswire.com,Polygender,210.135.158.81
828,Carmelita,Fitch,cfitchmz@friendfeed.com,Female,249.0.199.184
829,Emili,Nagle,enaglen0@domainmarket.com,Female,149.159.142.109
830,Catrina,Beven,cbevenn1@redcross.org,Non-binary,103.50.31.253
831,Lindie,Balleine,lballeinen2@elegantthemes.com,Bigender,107.20.73.16
832,Vanny,Watton,vwattonn3@prlog.org,Bigender,238.174.61.74
833,Ase,Souster,asoustern4@utexas.edu,Non-binary,159.41.102.207
834,Sharai,Peffer,speffern5@dailymotion.com,Agender,228.97.173.52
835,Aksel,Bugg,abuggn6@photobucket.com,Genderqueer,153.185.36.143
836,Cosmo,McGrorty,cmcgrortyn7@buzzfeed.com,Bigender,100.220.254.27
837,Moshe,Goldsbrough,mgoldsbroughn8@yelp.com,Agender,117.116.66.64
838,Agnes,De Blasiis,adeblasiisn9@ca.gov,Non-binary,49.170.155.69
839,Kary,Coller,kcollerna@about.com,Non-binary,16.50.187.176
840,Bernadette,Lewknor,blewknornb@4shared.com,Female,53.187.120.191
841,Pearl,Kersaw,pkersawnc@fastcompany.com,Bigender,66.18.143.127
842,Adelheid,Lafoy,alafoynd@amazon.de,Polygender,85.120.32.143
843,Kelcey,Addyman,kaddymanne@google.de,Bigender,15.236.49.141
844,Chet,Pittem,cpittemnf@mediafire.com,Male,197.121.108.9
845,Brittany,Macari,bmacaring@behance.net,Female,64.111.13.137
846,Jemimah,Morillas,jmorillasnh@sogou.com,Genderqueer,39.250.101.6
847,Demeter,Pond,dpondni@de.vu,Male,21.249.138.108
848,Ezmeralda,Minguet,eminguetnj@nifty.com,Male,190.74.136.33
849,Felike,Tallant,ftallantnk@bravesites.com,Genderfluid,162.39.150.184
850,Gae,Bellefant,gbellefantnl@house.gov,Agender,135.253.192.13
851,Cynthie,Falla,cfallanm@youku.com,Bigender,89.142.118.151
852,Cate,McLaren,cmclarennn@cam.ac.uk,Genderqueer,141.70.71.81
853,Hagen,Yakubov,hyakubovno@sogou.com,Non-binary,127.36.58.224
854,Henka,todor,htodornp@businessweek.com,Polygender,195.166.135.224
855,Tiff,Gocke,tgockenq@spotify.com,Genderfluid,247.49.101.54
856,Charmaine,Vousden,cvousdennr@marriott.com,Male,78.43.168.134
857,Denice,Legrice,dlegricens@nsw.gov.au,Polygender,6.200.18.70
858,Ricki,Harridge,rharridgent@nhs.uk,Agender,144.38.87.29
859,Cos,Cody,ccodynu@wiley.com,Genderfluid,223.226.59.169
860,Arther,Tatem,atatemnv@epa.gov,Bigender,184.113.224.119
861,Damara,Magne,dmagnenw@angelfire.com,Bigender,73.102.172.180
862,Cissy,Vidgen,cvidgennx@google.co.jp,Non-binary,130.240.149.211
863,Allister,Demchen,ademchenny@blogger.com,Genderfluid,113.223.28.192
864,Arnie,Buxcey,abuxceynz@smugmug.com,Female,108.216.120.120
865,Ardath,Perkis,aperkiso0@apache.org,Polygender,56.79.122.210
866,Alicia,Lymer,alymero1@google.co.uk,Non-binary,100.152.38.79
867,Germayne,Wither,gwithero2@cam.ac.uk,Female,217.110.38.254
868,Aveline,Tremmil,atremmilo3@deliciousdays.com,Agender,93.243.29.199
869,Gilberto,MacKaig,gmackaigo4@deviantart.com,Bigender,52.9.81.75
870,Vi,Carlett,vcarletto5@nbcnews.com,Genderfluid,182.97.53.4
871,Krissie,Edmead,kedmeado6@kickstarter.com,Male,63.104.158.166
872,Barron,Corkan,bcorkano7@php.net,Bigender,194.68.255.122
873,Shaun,Buston,sbustono8@jigsy.com,Agender,139.11.153.100
874,Orrin,Plampeyn,oplampeyno9@creativecommons.org,Male,79.65.127.168
875,Aldus,Cayzer,acayzeroa@macromedia.com,Agender,142.198.52.110
876,Ashleigh,Dreher,adreherob@squarespace.com,Female,86.251.156.122
877,Licha,Bullant,lbullantoc@hhs.gov,Non-binary,159.132.110.244
878,Shina,Creech,screechod@nhs.uk,Genderqueer,141.181.52.156
879,Dare,Hyder,dhyderoe@ask.com,Bigender,16.121.88.163
880,Madel,Teligin,mteliginof@ocn.ne.jp,Polygender,219.69.114.243
881,Corissa,Loughren,cloughrenog@archive.org,Agender,192.243.36.138
882,Denys,Hugk,dhugkoh@telegraph.co.uk,Female,216.134.57.7
883,Miguel,Beringer,mberingeroi@a8.net,Non-binary,31.33.25.110
884,Isadora,Kalberer,ikalbereroj@samsung.com,Male,203.83.199.253
885,Van,Lennard,vlennardok@spiegel.de,Bigender,37.219.230.118
886,Luciana,Cherrie,lcherrieol@china.com.cn,Agender,202.167.240.102
887,Bidget,Tethacot,btethacotom@si.edu,Genderqueer,129.74.194.249
888,Carroll,Bonehill,cbonehillon@hibu.com,Genderfluid,70.37.193.41
889,Yvonne,Seatter,yseatteroo@simplemachines.org,Polygender,48.195.16.139
890,Octavia,Tyers,otyersop@usnews.com,Agender,123.137.230.248
891,Ludvig,Mordey,lmordeyoq@domainmarket.com,Agender,173.174.73.29
892,Sherrie,Gowlett,sgowlettor@wikispaces.com,Genderfluid,51.122.37.150
893,Lorant,Boothby,lboothbyos@livejournal.com,Non-binary,180.221.123.118
894,Marjy,Machon,mmachonot@netvibes.com,Bigender,231.184.189.12
895,Hagan,Holmyard,hholmyardou@jimdo.com,Male,177.49.80.107
896,Viola,Braunes,vbraunesov@si.edu,Polygender,124.225.189.20
897,Ario,Witnall,awitnallow@etsy.com,Polygender,51.42.239.201
898,Grady,Ramey,grameyox@so-net.ne.jp,Genderqueer,200.14.117.104
899,Kayle,Coll,kcolloy@last.fm,Genderfluid,136.9.70.166
900,Cyndie,Genever,cgeneveroz@bbc.co.uk,Male,117.64.165.196
901,Allsun,Snadden,asnaddenp0@hud.gov,Non-binary,187.89.138.227
902,Chadd,Bott,cbottp1@techcrunch.com,Polygender,97.140.31.128
903,Garrot,Coad,gcoadp2@sun.com,Genderfluid,158.129.73.243
904,Shawn,Camoletto,scamolettop3@eventbrite.com,Agender,68.199.116.232
905,Rosemonde,Baudinot,rbaudinotp4@hugedomains.com,Bigender,33.237.58.155
906,Uriel,Lailey,ulaileyp5@smh.com.au,Female,9.22.151.27
907,Marget,Egdal,megdalp6@aboutads.info,Genderqueer,226.30.243.195
908,Nonah,Round,nroundp7@gmpg.org,Bigender,244.176.194.176
909,Mattheus,Rolin,mrolinp8@ocn.ne.jp,Male,133.36.26.103
910,Ky,Olifaunt,kolifauntp9@canalblog.com,Male,209.43.173.252
911,Nat,Sewards,nsewardspa@virginia.edu,Agender,243.104.1.126
912,Rubina,Krimmer,rkrimmerpb@uol.com.br,Female,192.120.201.210
913,Seth,Roof,sroofpc@feedburner.com,Male,24.47.193.227
914,Avrom,Varey,avareypd@ucoz.com,Agender,148.179.43.173
915,Fitzgerald,Sheridan,fsheridanpe@rakuten.co.jp,Non-binary,115.90.70.27
916,Cary,Silwood,csilwoodpf@amazon.co.jp,Polygender,176.249.12.54
917,Othello,Spendlove,ospendlovepg@technorati.com,Non-binary,231.241.87.221
918,Lindi,Gowing,lgowingph@shareasale.com,Bigender,195.2.9.8
919,Beth,Droghan,bdroghanpi@usnews.com,Non-binary,40.252.173.52
920,Salomi,Creavan,screavanpj@foxnews.com,Polygender,170.171.116.247
921,Hildegaard,Toop,htooppk@nsw.gov.au,Male,79.179.122.65
922,Meade,Sommerly,msommerlypl@uiuc.edu,Female,205.138.250.229
923,Mella,Ruspine,mruspinepm@seattletimes.com,Bigender,227.59.221.224
924,Gennifer,Knyvett,gknyvettpn@harvard.edu,Genderqueer,32.176.212.218
925,Jonas,Lafontaine,jlafontainepo@china.com.cn,Polygender,219.232.20.127
926,Anabella,Hayden,ahaydenpp@blinklist.com,Polygender,93.168.226.29
927,Frayda,Franceschielli,ffranceschiellipq@usnews.com,Genderqueer,224.203.75.242
928,Brander,Porson,bporsonpr@sun.com,Bigender,188.8.32.35
929,Robert,Dougharty,rdoughartyps@fda.gov,Agender,82.74.15.174
930,Libbey,Dwelly,ldwellypt@sciencedirect.com,Polygender,153.50.76.97
931,Fabe,Alesi,falesipu@nydailynews.com,Agender,20.96.107.128
932,Anastassia,Sleford,aslefordpv@quantcast.com,Bigender,104.110.197.42
933,Justine,Cottel,jcottelpw@constantcontact.com,Polygender,69.9.95.29
934,Cleon,Beagan,cbeaganpx@gmpg.org,Bigender,74.55.226.204
935,Lexis,Hannent,lhannentpy@cam.ac.uk,Polygender,195.99.100.23
936,Caye,Melley,cmelleypz@xing.com,Genderfluid,85.45.118.94
937,Amelina,Littleover,alittleoverq0@virginia.edu,Genderqueer,72.169.227.169
938,Kipper,Schofield,kschofieldq1@wikimedia.org,Agender,111.130.211.59
939,Paolina,Cloonan,pcloonanq2@hubpages.com,Female,67.68.212.227
940,Idalina,Tabbernor,itabbernorq3@ca.gov,Non-binary,187.239.204.245
941,Melodie,Jerrolt,mjerroltq4@360.cn,Genderfluid,77.37.19.221
942,Bertie,Perrelli,bperrelliq5@berkeley.edu,Genderqueer,18.235.124.18
943,Chilton,Cicutto,ccicuttoq6@apple.com,Genderqueer,154.148.14.194
944,Alex,Bedbury,abedburyq7@bloomberg.com,Agender,97.69.101.21
945,Crissy,Cartwight,ccartwightq8@weebly.com,Genderqueer,202.86.219.186
946,Darla,Phant,dphantq9@whitehouse.gov,Genderfluid,248.244.108.122
947,Winifred,Macieja,wmaciejaqa@buzzfeed.com,Non-binary,204.161.253.70
948,Marven,Casebourne,mcasebourneqb@constantcontact.com,Agender,100.212.196.163
949,Sarina,Gariff,sgariffqc@miitbeian.gov.cn,Polygender,47.186.223.123
950,Chauncey,Pendre,cpendreqd@4shared.com,Male,112.25.27.246
951,Madelaine,Warlow,mwarlowqe@purevolume.com,Non-binary,6.2.98.229
952,Janeczka,Bartolacci,jbartolacciqf@icio.us,Male,139.158.27.8
953,Micky,Powis,mpowisqg@rediff.com,Male,188.84.91.85
954,Rudie,Cardero,rcarderoqh@narod.ru,Female,193.250.177.78
955,Sada,Nijs,snijsqi@sphinn.com,Non-binary,236.82.164.201
956,Lind,Swaddle,lswaddleqj@opera.com,Agender,140.201.155.64
957,Lauri,Edgington,ledgingtonqk@dailymail.co.uk,Non-binary,54.18.33.201
958,Quinn,Maguire,qmaguireql@upenn.edu,Bigender,71.117.178.13
959,Roxy,Saffer,rsafferqm@artisteer.com,Male,128.47.176.222
960,Maddy,Greenside,mgreensideqn@mac.com,Male,217.177.58.169
961,Craggy,Samart,csamartqo@ftc.gov,Male,200.12.188.87
962,Pascal,Okill,pokillqp@bluehost.com,Genderqueer,31.81.59.110
963,Lorie,Shergill,lshergillqq@foxnews.com,Polygender,88.185.68.57
964,Bellanca,Bonifant,bbonifantqr@google.fr,Bigender,154.13.134.179
965,Whitney,Wildey,wwildeyqs@bloomberg.com,Genderqueer,253.221.71.198
966,Shea,Copcote,scopcoteqt@mail.ru,Genderqueer,92.59.254.68
967,Chelsie,Covill,ccovillqu@g.co,Female,178.33.240.215
968,Andree,O'Hearn,aohearnqv@hhs.gov,Agender,206.9.108.144
969,Ahmad,McMennum,amcmennumqw@mit.edu,Genderqueer,180.253.250.174
970,Basilius,Rock,brockqx@unesco.org,Polygender,180.104.50.220
971,Edna,Succamore,esuccamoreqy@constantcontact.com,Polygender,91.121.103.180
972,Marlena,Charity,mcharityqz@nifty.com,Non-binary,163.251.113.53
973,Jamil,Gribbell,jgribbellr0@squarespace.com,Non-binary,145.65.107.216
974,Chiarra,Brisse,cbrisser1@paypal.com,Male,1.108.148.101
975,Arin,Cometti,acomettir2@state.gov,Genderqueer,71.130.1.195
976,Beatriz,Lawrence,blawrencer3@altervista.org,Agender,184.17.95.183
977,Robinson,Lapish,rlapishr4@linkedin.com,Agender,97.133.135.84
978,Berty,Rutgers,brutgersr5@istockphoto.com,Female,190.123.4.191
979,Titus,Spensley,tspensleyr6@trellian.com,Genderqueer,194.206.126.227
980,Kahlil,Wilsdon,kwilsdonr7@nifty.com,Genderfluid,204.161.157.147
981,Zane,Imason,zimasonr8@wix.com,Agender,81.118.45.39
982,Josepha,Joiner,jjoinerr9@oaic.gov.au,Genderfluid,84.77.77.238
983,Roma,Hegges,rheggesra@hp.com,Genderqueer,111.63.102.154
984,Giffie,Wiltshire,gwiltshirerb@furl.net,Agender,9.202.135.29
985,Venita,Fowlestone,vfowlestonerc@sohu.com,Non-binary,221.160.117.19
986,Giraldo,Little,glittlerd@economist.com,Polygender,151.58.245.207
987,Ivett,Breffit,ibreffitre@oaic.gov.au,Female,214.34.135.64
988,Ronny,Vallack,rvallackrf@unc.edu,Male,13.91.97.167
989,Jude,Antoniottii,jantoniottiirg@yandex.ru,Genderqueer,141.246.128.96
990,Celestia,Erickssen,cerickssenrh@cornell.edu,Genderqueer,14.87.52.247
991,Nanon,Jones,njonesri@netlog.com,Genderfluid,227.12.157.166
992,Madelyn,Shippam,mshippamrj@ow.ly,Genderfluid,55.255.104.252
993,Glenna,Tropman,gtropmanrk@examiner.com,Genderqueer,243.27.223.56
994,Demott,Pottie,dpottierl@mayoclinic.com,Non-binary,248.18.165.131
995,Dickie,Bilby,dbilbyrm@com.com,Polygender,68.159.40.222
996,Jakob,Panniers,jpanniersrn@miitbeian.gov.cn,Agender,108.246.101.133
997,Camey,Bourgourd,cbourgourdro@economist.com,Agender,217.242.100.33
998,Krista,Ivanuschka,kivanuschkarp@acquirethisname.com,Agender,230.75.25.111
999,Iolande,Harrema,iharremarq@google.ru,Genderqueer,43.201.190.160
1000,Fredelia,Clampe,fclamperr@techcrunch.com,Male,102.11.28.64
