id,first_name,last_name,email,gender,ip_address
1,Howie,Koopman,hkoopman0@nba.com,Genderfluid,199.6.137.223
2,Lea,McCafferty,lmccafferty1@ucla.edu,Genderqueer,251.123.48.83
3,Avery,Genner,agenner2@topsy.com,Agender,222.34.33.15
4,Dolli,Immings,dimmings3@livejournal.com,Non-binary,158.46.1.72
5,Cobbie,Kaine,ckaine4@blog.com,Non-binary,137.182.167.22
6,Jewelle,Nehl,jnehl5@bloglines.com,Agender,193.228.172.65
7,Graham,Buggy,gbuggy6@home.pl,Genderfluid,130.210.80.181
8,Damian,Petlyura,dpetlyura7@joomla.org,Genderqueer,164.138.39.234
9,Elvira,Chipps,echipps8@mac.com,Female,34.186.141.5
10,Lenci,Devereux,ldevereux9@mysql.com,Female,15.221.93.116
11,Tasia,Shilburne,tshilburnea@walmart.com,Genderfluid,180.161.127.46
12,Rorke,Chiese,rchieseb@google.com.hk,Polygender,76.163.108.223
13,Analiese,Hukin,ahukinc@businessweek.com,Non-binary,179.54.78.70
14,Carleton,Kloisner,ckloisnerd@ebay.com,Male,47.144.54.20
15,Grover,Rymill,grymille@de.vu,Bigender,154.107.6.127
16,Elihu,Maunsell,emaunsellf@nih.gov,Agender,191.30.72.100
17,Ainsley,Huguenet,ahuguenetg@bizjournals.com,Genderqueer,196.165.215.219
18,Arvin,Slark,aslarkh@exblog.jp,Bigender,89.230.78.219
19,Anthe,Caldecott,acaldecotti@domainmarket.com,Polygender,92.88.205.215
20,Carina,Kimbly,ckimblyj@xinhuanet.com,Bigender,87.7.23.111
21,Cecil,Alfwy,calfwyk@examiner.com,Female,140.140.11.159
22,Collen,Breacher,cbreacherl@apache.org,Genderfluid,51.213.234.108
23,Dee dee,Brackpool,dbrackpoolm@lulu.com,Genderfluid,209.71.107.128
24,Jodi,Morgan,jmorgann@exblog.jp,Genderqueer,157.141.67.68
25,Gerda,Doughty,gdoughtyo@flavors.me,Agender,93.175.141.196
26,Em,Powis,epowisp@samsung.com,Non-binary,11.211.9.223
27,Ellerey,Dorrell,edorrellq@squarespace.com,Non-binary,67.81.20.149
28,Thurston,Kordas,tkordasr@amazonaws.com,Female,90.177.85.210
29,Trey,Althrope,talthropes@seesaa.net,Polygender,1.36.19.102
30,Gilbertina,Comfort,gcomfortt@aboutads.info,Female,252.154.43.20
31,Judy,Corsham,jcorshamu@un.org,Male,0.215.150.77
32,Letitia,Webberley,lwebberleyv@purevolume.com,Genderqueer,20.186.82.95
33,Chauncey,Swale,cswalew@utexas.edu,Genderfluid,155.209.152.146
34,Ali,Jerred,ajerredx@webeden.co.uk,Non-binary,116.162.225.196
35,Rosalie,Jerosch,rjeroschy@usa.gov,Genderqueer,222.229.83.247
36,Carlota,Ollerenshaw,collerenshawz@alexa.com,Male,100.76.2.53
37,Margarita,Dragonette,mdragonette10@cyberchimps.com,Agender,149.179.110.68
38,Dido,Antrim,dantrim11@rakuten.co.jp,Bigender,19.3.76.69
39,Gardiner,Wrout,gwrout12@gizmodo.com,Non-binary,107.85.201.34
40,Roby,Shinfield,rshinfield13@ebay.com,Bigender,79.15.29.26
41,Monique,Castiglioni,mcastiglioni14@dot.gov,Female,226.14.31.171
42,Granthem,Bell,gbell15@pinterest.com,Bigender,113.134.199.129
43,Sadella,Northcliffe,snorthcliffe16@stumbleupon.com,Genderfluid,193.67.221.185
44,Burgess,Bosence,bbosence17@theglobeandmail.com,Bigender,254.215.170.75
45,Maxie,Blodgett,mblodgett18@oaic.gov.au,Genderqueer,32.53.157.137
46,Courtnay,Grinsdale,cgrinsdale19@pagesperso-orange.fr,Genderqueer,20.110.215.224
47,Chester,Nelthrop,cnelthrop1a@cam.ac.uk,Female,53.196.42.220
48,Rebecca,Hawley,rhawley1b@mapy.cz,Male,147.222.2.18
49,Gigi,Di Bartolommeo,gdibartolommeo1c@reuters.com,Non-binary,30.138.83.129
50,Antonietta,Meriton,ameriton1d@sourceforge.net,Genderfluid,133.5.208.215
51,Edan,Merle,emerle1e@salon.com,Genderqueer,243.79.81.111
52,Jeannie,Meffin,jmeffin1f@tuttocitta.it,Polygender,201.70.200.196
53,Farleigh,Pietraszek,fpietraszek1g@bing.com,Male,204.198.7.134
54,Ethelbert,Blench,eblench1h@ucla.edu,Agender,124.196.178.224
55,Wald,Reavell,wreavell1i@wiley.com,Male,31.137.65.116
56,Maury,Bagwell,mbagwell1j@simplemachines.org,Female,49.148.145.75
57,Donella,Pieper,dpieper1k@google.co.jp,Male,81.96.49.240
58,Clive,Sackler,csackler1l@wsj.com,Male,108.184.173.129
59,Ana,Cassey,acassey1m@hibu.com,Bigender,60.254.63.80
60,Zahara,Redd,zredd1n@loc.gov,Genderqueer,55.37.10.221
61,Bryanty,Krolle,bkrolle1o@china.com.cn,Genderfluid,184.239.58.220
62,Chloette,Diddams,cdiddams1p@ycombinator.com,Non-binary,68.65.188.213
63,Corly,Shailer,cshailer1q@dailymotion.com,Polygender,208.121.106.186
64,Lonnie,Brecknock,lbrecknock1r@php.net,Genderqueer,218.222.169.89
65,Dale,Quaife,dquaife1s@angelfire.com,Genderfluid,43.110.122.97
66,Calhoun,Ravenscroftt,cravenscroftt1t@princeton.edu,Male,178.27.207.147
67,Anya,Kisbey,akisbey1u@nih.gov,Genderfluid,48.56.123.69
68,Keane,Caillou,kcaillou1v@privacy.gov.au,Female,145.11.101.241
69,Phillip,Labbet,plabbet1w@icio.us,Bigender,179.207.164.149
70,Cammy,Wing,cwing1x@unblog.fr,Bigender,110.203.88.113
71,Massimo,Championnet,mchampionnet1y@google.co.uk,Genderqueer,239.0.116.55
72,Rosaleen,Bredbury,rbredbury1z@typepad.com,Genderqueer,48.96.69.224
73,Pall,Brende,pbrende20@weather.com,Genderqueer,63.195.156.78
74,Dion,Verillo,dverillo21@imdb.com,Male,158.33.32.91
75,Lionello,Blunsom,lblunsom22@ehow.com,Polygender,214.166.204.73
76,Marlon,Comazzo,mcomazzo23@biglobe.ne.jp,Polygender,245.252.161.168
77,Laurice,Heigho,lheigho24@blinklist.com,Genderqueer,110.65.219.216
78,Darwin,Ridd,dridd25@bbb.org,Non-binary,74.203.5.181
79,Brittney,Kime,bkime26@spotify.com,Female,161.0.69.161
80,Vinson,Canero,vcanero27@multiply.com,Male,209.111.74.62
81,Matti,Pughe,mpughe28@vk.com,Agender,153.148.80.227
82,Fifi,Elstob,felstob29@sina.com.cn,Genderfluid,194.241.112.172
83,Lew,Vanstone,lvanstone2a@sina.com.cn,Genderqueer,222.184.16.45
84,Winnah,Bradane,wbradane2b@state.tx.us,Genderfluid,194.19.186.133
85,Anna-diana,Ingilson,aingilson2c@indiegogo.com,Female,54.193.243.2
86,Edik,Lorimer,elorimer2d@slate.com,Agender,171.120.92.226
87,Blondell,Davenhill,bdavenhill2e@last.fm,Polygender,197.120.127.140
88,Nappie,Roebottom,nroebottom2f@imageshack.us,Genderfluid,124.64.176.94
89,Fabe,Hilldrup,fhilldrup2g@jalbum.net,Polygender,124.173.222.1
90,Jamie,Dransfield,jdransfield2h@mozilla.com,Bigender,151.72.232.165
91,Shayne,McCloughlin,smccloughlin2i@kickstarter.com,Genderfluid,76.214.221.226
92,Gerard,de Marco,gdemarco2j@xinhuanet.com,Genderqueer,142.169.242.172
93,Leticia,Rizzillo,lrizzillo2k@arizona.edu,Polygender,159.123.15.17
94,Edouard,Kelling,ekelling2l@japanpost.jp,Female,41.240.71.92
95,Etta,Ashpital,eashpital2m@freewebs.com,Male,162.130.170.244
96,Quinlan,Whelpdale,qwhelpdale2n@auda.org.au,Male,60.13.31.84
97,Mickey,Sealand,msealand2o@nymag.com,Non-binary,253.220.11.247
98,Con,Robison,crobison2p@alexa.com,Bigender,33.226.65.232
99,Calida,Schmidt,cschmidt2q@eepurl.com,Non-binary,8.130.26.174
100,Anastasia,Overpool,aoverpool2r@scribd.com,Genderqueer,106.7.177.9
101,Isac,Dillistone,idillistone2s@amazon.co.uk,Genderqueer,105.105.218.129
102,Marcia,Cordaroy,mcordaroy2t@blog.com,Polygender,94.166.114.220
103,Katuscha,Laurent,klaurent2u@dagondesign.com,Polygender,47.31.8.182
104,Danice,Grafom,dgrafom2v@constantcontact.com,Polygender,4.191.26.218
105,Saundra,Sigars,ssigars2w@com.com,Polygender,175.170.39.235
106,Nanon,Garz,ngarz2x@liveinternet.ru,Male,178.93.252.196
107,Moise,Broschek,mbroschek2y@amazon.de,Polygender,200.245.1.15
108,Almeria,Strugnell,astrugnell2z@360.cn,Polygender,155.131.167.235
109,Shelagh,Halson,shalson30@illinois.edu,Polygender,88.160.113.157
110,Carmel,Haydon,chaydon31@loc.gov,Genderfluid,209.41.79.42
111,Benita,Treslove,btreslove32@washington.edu,Polygender,62.199.26.197
112,Stefania,Bernardeschi,sbernardeschi33@myspace.com,Female,212.49.171.29
113,Kristel,Flatley,kflatley34@npr.org,Genderfluid,153.114.0.24
114,Giavani,Pudden,gpudden35@lycos.com,Female,81.105.24.7
115,Glynnis,Fisbey,gfisbey36@mlb.com,Agender,178.153.124.187
116,Rey,Sandall,rsandall37@gov.uk,Male,237.62.192.229
117,Shay,Greenrde,sgreenrde38@mysql.com,Non-binary,139.182.143.225
118,Darcy,Vines,dvines39@soundcloud.com,Male,249.98.42.38
119,Asa,Nansom,anansom3a@plala.or.jp,Genderqueer,236.166.224.135
120,Catherina,Todarello,ctodarello3b@imgur.com,Male,100.122.224.234
121,Georg,Waddup,gwaddup3c@patch.com,Agender,213.197.78.44
122,Fredericka,Jendas,fjendas3d@opensource.org,Bigender,200.152.149.199
123,Free,Risebrow,frisebrow3e@is.gd,Genderfluid,94.62.219.93
124,Bay,O'Crevan,bocrevan3f@blogtalkradio.com,Genderqueer,8.101.156.25
125,Dasya,Denis,ddenis3g@mac.com,Male,45.254.80.202
126,Susanna,Van den Bosch,svandenbosch3h@state.tx.us,Genderqueer,244.83.66.240
127,Kelcie,Rudland,krudland3i@bandcamp.com,Male,97.88.190.184
128,Bambie,Wozencraft,bwozencraft3j@rambler.ru,Polygender,100.127.86.92
129,Pietro,Asplen,pasplen3k@google.cn,Female,207.123.82.92
130,Giordano,Jagoe,gjagoe3l@statcounter.com,Agender,95.92.71.165
131,Donnamarie,Simonetti,dsimonetti3m@wisc.edu,Genderqueer,32.93.251.113
132,Engelbert,Minchi,eminchi3n@wikimedia.org,Female,67.101.184.208
133,Alverta,Bailiss,abailiss3o@theatlantic.com,Genderqueer,75.255.73.37
134,Sonny,Smithe,ssmithe3p@geocities.com,Agender,199.62.160.130
135,Susanetta,Dannehl,sdannehl3q@godaddy.com,Polygender,110.53.135.165
136,Derrek,Ludlom,dludlom3r@oracle.com,Polygender,229.236.224.53
137,Noam,Ansley,nansley3s@house.gov,Genderfluid,16.76.57.213
138,Darla,Cossentine,dcossentine3t@whitehouse.gov,Polygender,242.219.99.53
139,Willabella,Larrosa,wlarrosa3u@godaddy.com,Agender,165.228.234.251
140,Daile,Mettericke,dmettericke3v@wikipedia.org,Bigender,148.124.93.116
141,Coreen,Ashmole,cashmole3w@reverbnation.com,Genderfluid,157.31.164.78
142,Clio,Resdale,cresdale3x@mtv.com,Female,92.62.45.183
143,Thibaud,Sagerson,tsagerson3y@rakuten.co.jp,Agender,218.39.0.116
144,Celia,Norquoy,cnorquoy3z@patch.com,Agender,157.147.159.70
145,Arri,Stearn,astearn40@scientificamerican.com,Polygender,169.6.118.93
146,Christi,Moehler,cmoehler41@jalbum.net,Female,25.171.136.104
147,Berta,Moffatt,bmoffatt42@noaa.gov,Genderqueer,133.183.113.107
148,Arturo,Mumberson,amumberson43@phoca.cz,Bigender,51.156.225.3
149,Farly,Warlawe,fwarlawe44@weibo.com,Male,170.21.27.30
150,Harri,Bettam,hbettam45@printfriendly.com,Genderfluid,240.55.249.89
151,Kerrill,Dayce,kdayce46@barnesandnoble.com,Male,139.116.170.100
152,Stacie,Daggett,sdaggett47@webs.com,Polygender,227.130.82.113
153,Percival,Trammel,ptrammel48@posterous.com,Agender,167.176.250.202
154,Nilson,Brecken,nbrecken49@pen.io,Female,229.88.251.31
155,Malinda,Yerrall,myerrall4a@odnoklassniki.ru,Bigender,55.193.129.170
156,Sofie,Stirman,sstirman4b@t.co,Non-binary,89.79.177.33
157,Toby,Stoltz,tstoltz4c@prweb.com,Polygender,105.25.248.184
158,Alonso,Lecount,alecount4d@nsw.gov.au,Polygender,115.113.31.38
159,Sibylla,Deetch,sdeetch4e@npr.org,Genderfluid,103.176.254.197
160,Mac,Tewes,mtewes4f@ox.ac.uk,Female,202.243.167.250
161,Candice,Stroband,cstroband4g@google.fr,Bigender,245.190.19.167
162,Jefferson,Sherwin,jsherwin4h@disqus.com,Genderqueer,231.176.83.111
163,Bert,Southwick,bsouthwick4i@diigo.com,Polygender,101.69.189.105
164,Rana,Pennicard,rpennicard4j@jalbum.net,Bigender,36.19.194.135
165,Dorolice,Arondel,darondel4k@mlb.com,Male,242.225.236.200
166,Cathee,Vaisey,cvaisey4l@joomla.org,Agender,166.87.216.239
167,Dorotea,Orrell,dorrell4m@gov.uk,Genderfluid,213.203.174.168
168,Elyse,Fryd,efryd4n@hugedomains.com,Male,147.243.43.240
169,Willetta,Abethell,wabethell4o@cmu.edu,Male,43.118.248.191
170,Stacee,Laetham,slaetham4p@techcrunch.com,Bigender,46.102.140.111
171,Beverley,Martin,bmartin4q@google.nl,Non-binary,153.206.30.227
172,Annabelle,Mullarkey,amullarkey4r@pen.io,Agender,229.202.217.49
173,Tallie,Tarbin,ttarbin4s@facebook.com,Female,186.42.174.79
174,Farand,Hambelton,fhambelton4t@nhs.uk,Bigender,240.159.85.98
175,Mariana,Brookes,mbrookes4u@yelp.com,Non-binary,101.172.111.37
176,Floyd,Reilinger,freilinger4v@delicious.com,Agender,7.43.207.33
177,Justinn,Pavis,jpavis4w@ucla.edu,Female,86.11.121.5
178,Seline,Jerrold,sjerrold4x@wikispaces.com,Agender,91.54.238.119
179,Noby,Hay,nhay4y@admin.ch,Non-binary,20.97.20.8
180,Deirdre,De Filippis,ddefilippis4z@addtoany.com,Male,127.43.205.242
181,Lois,Baudain,lbaudain50@xing.com,Bigender,13.179.205.133
182,Dieter,Rains,drains51@ft.com,Non-binary,221.97.145.66
183,Salli,Helkin,shelkin52@ask.com,Male,135.253.84.226
184,Julie,Chesters,jchesters53@google.ca,Bigender,166.223.31.56
185,Keenan,Danelutti,kdanelutti54@goo.ne.jp,Genderfluid,155.73.46.207
186,Floria,Padfield,fpadfield55@clickbank.net,Genderqueer,174.195.43.106
187,Ruddie,Stiles,rstiles56@hatena.ne.jp,Polygender,198.132.164.201
188,Miguela,Alexandersen,malexandersen57@cloudflare.com,Genderfluid,157.68.244.249
189,Lisabeth,Burrage,lburrage58@ning.com,Polygender,205.116.23.250
190,Jack,Biddlestone,jbiddlestone59@tuttocitta.it,Genderfluid,222.239.151.228
191,Joli,Barkway,jbarkway5a@jugem.jp,Agender,100.207.134.218
192,Axe,Polon,apolon5b@dyndns.org,Polygender,147.244.66.97
193,Ashlin,Frean,afrean5c@reference.com,Female,239.211.171.6
194,Courtney,Cerith,ccerith5d@ifeng.com,Agender,157.111.209.81
195,Ellwood,Ovendale,eovendale5e@woothemes.com,Bigender,10.206.250.36
196,Goober,Mc Pake,gmcpake5f@t-online.de,Bigender,88.18.46.152
197,Wes,Jarrette,wjarrette5g@dagondesign.com,Genderfluid,70.59.92.151
198,Janek,Morlon,jmorlon5h@about.me,Male,164.179.212.158
199,Opalina,Putt,oputt5i@google.fr,Genderqueer,31.75.28.36
200,Hollyanne,O'Dea,hodea5j@ocn.ne.jp,Female,137.64.121.90
201,Titus,Slimming,tslimming5k@arizona.edu,Female,202.3.196.141
202,Beth,Hamfleet,bhamfleet5l@amazon.co.jp,Genderfluid,113.198.112.11
203,Nerte,Pakenham,npakenham5m@chicagotribune.com,Female,12.126.20.228
204,Dickie,Halversen,dhalversen5n@lycos.com,Non-binary,110.239.205.157
205,Job,Signoret,jsignoret5o@disqus.com,Female,29.30.195.216
206,Zulema,Mallard,zmallard5p@google.nl,Bigender,189.74.157.195
207,Lorilee,Given,lgiven5q@unblog.fr,Female,224.116.114.63
208,Verena,Bartalini,vbartalini5r@wordpress.com,Female,226.138.133.48
209,Rollin,Cruess,rcruess5s@go.com,Bigender,125.18.77.81
210,Grethel,Servis,gservis5t@clickbank.net,Male,191.51.95.86
211,Miguela,Ransley,mransley5u@economist.com,Agender,67.142.200.236
212,Ulrica,Dollar,udollar5v@cdc.gov,Bigender,7.88.241.235
213,Kessia,Devenport,kdevenport5w@weibo.com,Non-binary,208.238.246.168
214,Berne,Lilie,blilie5x@adobe.com,Male,101.47.249.14
215,Charlene,Fernyhough,cfernyhough5y@blinklist.com,Male,133.71.219.24
216,Reade,Cocksedge,rcocksedge5z@oaic.gov.au,Genderfluid,45.72.83.43
217,Cordelie,Minet,cminet60@friendfeed.com,Female,8.231.140.211
218,Pietrek,Charlson,pcharlson61@networksolutions.com,Genderfluid,185.66.45.199
219,Darbie,Marages,dmarages62@canalblog.com,Agender,254.138.246.48
220,Sallyanne,Tewelson,stewelson63@businessinsider.com,Genderqueer,75.178.159.152
221,Kile,Attow,kattow64@cbslocal.com,Agender,93.152.130.196
222,Dari,Navarre,dnavarre65@netvibes.com,Non-binary,182.120.10.243
223,Lilith,Riccardi,lriccardi66@github.com,Non-binary,60.24.90.218
224,Raimund,Leipoldt,rleipoldt67@amazonaws.com,Genderfluid,66.78.149.238
225,Sharron,Wintle,swintle68@slashdot.org,Bigender,113.233.66.174
226,Rockie,Jemmett,rjemmett69@networkadvertising.org,Genderqueer,234.117.170.126
227,Chico,Pitney,cpitney6a@oracle.com,Male,143.210.205.196
228,Ronny,Langhor,rlanghor6b@a8.net,Polygender,91.22.106.144
229,Timothy,Dobrovolski,tdobrovolski6c@csmonitor.com,Genderfluid,170.169.18.253
230,Mord,Tinghill,mtinghill6d@topsy.com,Genderfluid,66.173.127.183
231,Dmitri,Crawforth,dcrawforth6e@i2i.jp,Agender,58.69.33.149
232,Joanna,Alfonsetti,jalfonsetti6f@apache.org,Genderfluid,34.178.131.218
233,Bryon,Ferrulli,bferrulli6g@theguardian.com,Male,157.158.234.170
234,Wilfrid,Papaccio,wpapaccio6h@samsung.com,Agender,162.128.98.4
235,Stephana,Cottle,scottle6i@booking.com,Non-binary,78.194.88.51
236,Fabien,Dake,fdake6j@marriott.com,Female,217.252.49.62
237,Calhoun,Peppin,cpeppin6k@dell.com,Female,172.141.189.69
238,Vittorio,Bischop,vbischop6l@goo.gl,Agender,195.29.192.218
239,Clayton,Brose,cbrose6m@livejournal.com,Non-binary,41.37.41.125
240,Kristien,Siely,ksiely6n@state.tx.us,Polygender,79.242.149.135
241,Christen,Vorley,cvorley6o@china.com.cn,Polygender,150.104.18.186
242,Willi,Pherps,wpherps6p@ted.com,Non-binary,166.102.2.88
243,Arabelle,Rosberg,arosberg6q@howstuffworks.com,Genderfluid,70.45.46.95
244,Bettye,Lithgow,blithgow6r@merriam-webster.com,Agender,214.202.12.49
245,Pasquale,Josofovitz,pjosofovitz6s@sohu.com,Bigender,65.214.105.201
246,Thadeus,Antley,tantley6t@harvard.edu,Genderqueer,121.126.25.214
247,Koenraad,Jarrell,kjarrell6u@deliciousdays.com,Non-binary,185.125.140.145
248,Kym,Dolohunty,kdolohunty6v@dyndns.org,Genderfluid,124.217.25.64
249,Jeremy,Anersen,janersen6w@adobe.com,Male,198.92.110.149
250,Arline,Verey,averey6x@imageshack.us,Genderqueer,22.82.92.42
251,Edita,Strettell,estrettell6y@ft.com,Male,41.223.5.79
252,Oralia,Faucett,ofaucett6z@businesswire.com,Genderqueer,182.13.70.80
253,Noble,Sein,nsein70@unc.edu,Female,234.81.59.68
254,Brennen,Rickersy,brickersy71@prlog.org,Bigender,240.169.46.211
255,Donnie,Woolager,dwoolager72@who.int,Male,232.113.100.17
256,Benedetta,Jeffry,bjeffry73@fda.gov,Female,135.99.213.182
257,Sandy,Youson,syouson74@over-blog.com,Polygender,27.210.92.81
258,Salomi,Lewinton,slewinton75@shinystat.com,Non-binary,160.228.112.50
259,Friederike,Chalfant,fchalfant76@simplemachines.org,Agender,231.245.248.138
260,Vale,Echelle,vechelle77@twitpic.com,Genderfluid,254.92.105.150
261,Saunderson,Ivic,sivic78@amazon.co.uk,Polygender,211.156.52.157
262,Moria,Polsin,mpolsin79@acquirethisname.com,Female,173.130.108.146
263,Madlin,Kurten,mkurten7a@soundcloud.com,Genderfluid,15.99.254.91
264,Alaric,Matthew,amatthew7b@youtu.be,Non-binary,51.250.150.32
265,Juieta,Luker,jluker7c@hibu.com,Genderfluid,239.16.215.150
266,Jakob,Guillerman,jguillerman7d@tiny.cc,Female,254.92.169.22
267,Garvey,Lowle,glowle7e@discuz.net,Non-binary,119.9.66.142
268,Dwight,Alner,dalner7f@cnet.com,Polygender,174.146.85.130
269,Richmond,McCane,rmccane7g@wix.com,Genderfluid,142.99.168.57
270,Tracie,Pichmann,tpichmann7h@wordpress.org,Agender,9.19.233.102
271,Jaime,Kindread,jkindread7i@springer.com,Genderfluid,193.27.91.196
272,Nichol,Petracek,npetracek7j@etsy.com,Genderfluid,162.43.60.161
273,Shandra,Shannahan,sshannahan7k@go.com,Agender,148.67.94.119
274,Mattie,Hailwood,mhailwood7l@cnn.com,Male,87.169.144.191
275,Ettore,Janouch,ejanouch7m@indiegogo.com,Bigender,210.6.112.189
276,Deeanne,Blincko,dblincko7n@nsw.gov.au,Polygender,106.132.91.170
277,Tammara,Duffyn,tduffyn7o@i2i.jp,Agender,242.201.90.137
278,Valli,Beric,vberic7p@cnbc.com,Non-binary,49.135.132.243
279,Constancy,Dragoe,cdragoe7q@fc2.com,Female,224.176.200.67
280,Benoit,Bilton,bbilton7r@china.com.cn,Agender,37.1.135.153
281,Kennett,Huffa,khuffa7s@ezinearticles.com,Polygender,58.252.86.183
282,Dorey,McGraw,dmcgraw7t@pen.io,Genderfluid,125.252.129.29
283,Davidson,Bushrod,dbushrod7u@instagram.com,Polygender,236.15.207.20
284,Ivory,Mathet,imathet7v@webeden.co.uk,Genderqueer,1.205.20.115
285,Ogden,Dines,odines7w@ucoz.ru,Agender,236.17.205.50
286,Ruthie,Wharrier,rwharrier7x@biblegateway.com,Bigender,163.129.150.237
287,Bevvy,Fibbit,bfibbit7y@bloglovin.com,Polygender,158.136.208.218
288,Joceline,Cattellion,jcattellion7z@nyu.edu,Bigender,206.75.208.50
289,Livvyy,Jessop,ljessop80@tamu.edu,Agender,130.205.108.209
290,Dannel,Lennie,dlennie81@vk.com,Bigender,223.18.250.196
291,Farley,Malt,fmalt82@google.com.br,Bigender,174.58.9.225
292,Jessi,Stockey,jstockey83@ning.com,Agender,229.206.10.182
293,Alma,Frith,afrith84@phpbb.com,Bigender,133.37.14.46
294,Elena,Gocher,egocher85@sfgate.com,Genderqueer,132.30.220.236
295,Josh,Keesman,jkeesman86@cocolog-nifty.com,Polygender,85.78.121.188
296,Juliana,Baggally,jbaggally87@list-manage.com,Genderqueer,205.100.199.186
297,Grace,Bergstram,gbergstram88@amazon.co.uk,Male,233.128.221.102
298,Jemmie,Brownbridge,jbrownbridge89@yahoo.co.jp,Non-binary,168.106.104.144
299,Carney,Knowlden,cknowlden8a@phpbb.com,Agender,145.227.15.177
300,Arch,Aberkirder,aaberkirder8b@msn.com,Genderfluid,97.175.215.193
301,Orelie,Durak,odurak8c@csmonitor.com,Polygender,208.125.16.58
302,Mignon,Cabrer,mcabrer8d@sohu.com,Bigender,162.134.184.27
303,Kimberly,McComish,kmccomish8e@eepurl.com,Genderqueer,84.71.48.151
304,Alvin,Erington,aerington8f@furl.net,Female,163.177.221.198
305,Joachim,Redfern,jredfern8g@cyberchimps.com,Non-binary,113.32.70.194
306,Shena,Deadman,sdeadman8h@usda.gov,Non-binary,196.198.246.32
307,Boony,Burris,bburris8i@upenn.edu,Bigender,128.35.214.67
308,Ashlen,Kinneally,akinneally8j@webmd.com,Male,204.214.172.137
309,Nickolai,Wyldish,nwyldish8k@de.vu,Bigender,169.171.250.113
310,Saloma,Muck,smuck8l@twitter.com,Genderfluid,49.172.150.182
311,Ashil,Woollends,awoollends8m@reddit.com,Polygender,158.146.114.164
312,Cammy,Rodrig,crodrig8n@samsung.com,Non-binary,234.26.48.26
313,Parry,Jindacek,pjindacek8o@census.gov,Bigender,229.162.117.206
314,Morten,Sparshutt,msparshutt8p@thetimes.co.uk,Genderqueer,199.161.84.173
315,Jacintha,Rymill,jrymill8q@dmoz.org,Agender,190.4.125.205
316,Miranda,Comello,mcomello8r@smugmug.com,Agender,171.72.49.43
317,Kinsley,Prendeguest,kprendeguest8s@geocities.jp,Female,9.149.89.201
318,Danyette,Scroggs,dscroggs8t@hc360.com,Polygender,22.228.156.112
319,Major,Muir,mmuir8u@sourceforge.net,Male,91.147.255.170
320,Cody,Lauridsen,clauridsen8v@wordpress.org,Male,29.6.248.248
321,Karita,Jollands,kjollands8w@examiner.com,Female,90.86.236.10
322,Tierney,MacRury,tmacrury8x@scientificamerican.com,Polygender,157.31.200.110
323,Artair,Levene,alevene8y@seesaa.net,Female,36.102.140.92
324,Annie,Vaillant,availlant8z@networksolutions.com,Male,241.237.56.141
325,Tybi,Tremble,ttremble90@redcross.org,Male,190.195.10.113
326,Melba,Alsobrook,malsobrook91@rakuten.co.jp,Genderfluid,25.196.109.228
327,Barbara-anne,Chittem,bchittem92@wikia.com,Genderqueer,30.178.188.209
328,Roi,Winspear,rwinspear93@nifty.com,Genderqueer,223.235.75.166
329,Alia,Chastelain,achastelain94@ebay.com,Bigender,153.173.129.89
330,Bernardo,Vannar,bvannar95@ehow.com,Non-binary,132.30.219.54
331,Cece,Somner,csomner96@cargocollective.com,Polygender,134.99.45.13
332,Dionne,Barwack,dbarwack97@mac.com,Bigender,93.36.249.223
333,Roderick,Tesh,rtesh98@bbc.co.uk,Agender,14.174.251.101
334,Ignatius,Wyllcock,iwyllcock99@comcast.net,Female,179.241.160.244
335,Wendeline,Burston,wburston9a@umich.edu,Female,222.253.71.77
336,Emelia,Portinari,eportinari9b@umn.edu,Agender,25.97.79.237
337,Nyssa,Jacobsohn,njacobsohn9c@php.net,Polygender,245.61.149.53
338,Demetris,McSkin,dmcskin9d@bloglines.com,Agender,96.77.218.87
339,Darda,Winthrop,dwinthrop9e@unesco.org,Non-binary,127.192.224.22
340,Tasha,Garrold,tgarrold9f@desdev.cn,Non-binary,241.171.162.26
341,Cora,Stayte,cstayte9g@buzzfeed.com,Agender,143.13.150.122
342,Broddy,Fortman,bfortman9h@nationalgeographic.com,Bigender,85.91.4.112
343,Randy,Yesipov,ryesipov9i@wikipedia.org,Genderqueer,201.18.247.217
344,Terrence,Juza,tjuza9j@intel.com,Genderfluid,41.40.163.247
345,Vitoria,Mottershaw,vmottershaw9k@smugmug.com,Genderfluid,183.158.119.229
346,Alica,Nornasell,anornasell9l@dedecms.com,Agender,241.52.237.88
347,Vachel,Higgen,vhiggen9m@abc.net.au,Genderfluid,65.219.78.130
348,Drake,Kyllford,dkyllford9n@soup.io,Genderqueer,168.3.150.149
349,Nalani,Edgecombe,nedgecombe9o@tuttocitta.it,Genderqueer,229.21.104.128
350,Kilian,Coomer,kcoomer9p@irs.gov,Polygender,193.219.251.13
351,Steffi,Skeene,sskeene9q@slate.com,Genderfluid,19.141.134.161
352,Wren,Easterling,weasterling9r@ebay.co.uk,Male,13.96.50.189
353,Rhona,Allibone,rallibone9s@java.com,Non-binary,10.166.142.122
354,Lissa,Chrstine,lchrstine9t@omniture.com,Female,137.75.189.112
355,Romeo,Kearton,rkearton9u@census.gov,Genderqueer,192.122.179.16
356,Barret,Fairnington,bfairnington9v@posterous.com,Non-binary,168.82.120.244
357,Cherrita,MacNeill,cmacneill9w@indiatimes.com,Bigender,227.42.132.89
358,Aristotle,Mongeot,amongeot9x@odnoklassniki.ru,Female,13.185.118.175
359,Mara,Bordessa,mbordessa9y@surveymonkey.com,Non-binary,142.174.7.250
360,Yetty,Menier,ymenier9z@usgs.gov,Female,147.28.12.61
361,Shaun,Rabjohns,srabjohnsa0@npr.org,Genderfluid,136.209.100.192
362,Vittorio,Belch,vbelcha1@comcast.net,Bigender,11.62.19.163
363,Willette,Gregoli,wgregolia2@ocn.ne.jp,Female,210.177.172.185
364,Pauly,Mordy,pmordya3@scientificamerican.com,Agender,236.46.77.221
365,Carmita,Wiggans,cwiggansa4@unc.edu,Non-binary,227.140.145.39
366,Averil,Pickford,apickforda5@cbsnews.com,Male,193.190.206.186
367,Cecelia,Lars,clarsa6@plala.or.jp,Bigender,201.251.66.161
368,Constantin,Birtchnell,cbirtchnella7@storify.com,Genderqueer,73.96.40.239
369,Dot,Nickels,dnickelsa8@upenn.edu,Polygender,139.161.96.192
370,Kenny,Sowood,ksowooda9@utexas.edu,Non-binary,145.207.232.6
371,Rosina,Jenicke,rjenickeaa@live.com,Bigender,156.75.26.191
372,Kirbee,Mathiot,kmathiotab@ox.ac.uk,Male,242.29.216.215
373,Emlynne,Wolfarth,ewolfarthac@wikimedia.org,Genderqueer,85.154.176.213
374,Jean,Mulles,jmullesad@shareasale.com,Female,113.51.34.101
375,Woody,Caines,wcainesae@elegantthemes.com,Non-binary,208.80.193.179
376,Eduardo,Gamil,egamilaf@ftc.gov,Agender,89.51.182.171
377,Giana,Kenworthey,gkenwortheyag@blogs.com,Genderqueer,193.59.215.234
378,Tine,Stennet,tstennetah@example.com,Male,120.207.178.48
379,Rem,Debell,rdebellai@engadget.com,Male,46.110.171.165
380,Weider,Ecclestone,wecclestoneaj@ihg.com,Agender,27.184.117.149
381,Peta,Riccetti,priccettiak@wunderground.com,Polygender,28.180.188.228
382,Shalne,MacKeller,smackelleral@indiatimes.com,Non-binary,72.176.141.120
383,Maggy,Shoebridge,mshoebridgeam@list-manage.com,Genderfluid,137.86.24.152
384,Clement,Bande,cbandean@sciencedirect.com,Genderqueer,150.1.25.51
385,Lorraine,Davenhill,ldavenhillao@ca.gov,Bigender,199.251.169.181
386,Markos,Millmoe,mmillmoeap@chicagotribune.com,Agender,88.214.29.231
387,Ferrel,Farthing,ffarthingaq@networksolutions.com,Genderfluid,7.144.34.251
388,Catlaina,Aimable,caimablear@bigcartel.com,Genderfluid,180.43.149.153
389,Dev,Leglise,dlegliseas@geocities.com,Agender,227.106.21.156
390,Jamey,Benn,jbennat@bravesites.com,Genderfluid,200.21.237.83
391,Tyler,Lalley,tlalleyau@gravatar.com,Male,150.26.122.238
392,Andros,Gibbe,agibbeav@ed.gov,Agender,191.113.146.36
393,Ingamar,Eite,ieiteaw@ning.com,Non-binary,182.26.57.232
394,Cathlene,Bucky,cbuckyax@domainmarket.com,Male,160.126.181.221
395,Rockey,Flament,rflamentay@npr.org,Genderfluid,63.175.213.10
396,Rockwell,Kun,rkunaz@t.co,Female,221.188.5.134
397,Aigneis,Smurthwaite,asmurthwaiteb0@trellian.com,Male,230.208.53.156
398,Allan,Cund,acundb1@china.com.cn,Female,120.152.120.145
399,Dita,Luesley,dluesleyb2@examiner.com,Polygender,151.13.182.191
400,Gan,Rogier,grogierb3@netlog.com,Non-binary,12.127.17.1
401,Bree,O'Brien,bobrienb4@wiley.com,Genderqueer,189.198.108.78
402,Junina,Fitzjohn,jfitzjohnb5@jalbum.net,Female,224.8.236.213
403,Bartolomeo,Clurow,bclurowb6@networksolutions.com,Genderfluid,7.211.202.14
404,Jeannette,Kildea,jkildeab7@istockphoto.com,Genderfluid,199.41.203.80
405,Vanessa,Grigolli,vgrigollib8@cafepress.com,Agender,223.65.227.67
406,Archibaldo,Gillian,agillianb9@soup.io,Male,219.243.161.181
407,Gaby,Dignall,gdignallba@wired.com,Genderfluid,247.153.168.41
408,Zsa zsa,Boyfield,zboyfieldbb@lulu.com,Female,103.16.168.7
409,Georgina,Kuhnwald,gkuhnwaldbc@sun.com,Non-binary,69.224.104.154
410,Dodie,Cornwall,dcornwallbd@mashable.com,Genderqueer,243.253.211.31
411,Halsey,Soreau,hsoreaube@jiathis.com,Female,34.125.53.20
412,Corri,Stimpson,cstimpsonbf@hao123.com,Genderqueer,6.245.21.47
413,Goldie,Feakins,gfeakinsbg@imgur.com,Female,86.55.7.190
414,Hayward,Guillot,hguillotbh@answers.com,Male,137.210.226.36
415,Robinetta,Ivasechko,rivasechkobi@uol.com.br,Polygender,165.250.245.155
416,Munroe,Lucy,mlucybj@spiegel.de,Bigender,207.69.105.7
417,Rozanna,Fasson,rfassonbk@tinyurl.com,Genderqueer,153.194.152.166
418,Geordie,Muzzall,gmuzzallbl@scientificamerican.com,Male,27.5.10.166
419,Breena,Bannard,bbannardbm@gov.uk,Genderqueer,110.117.130.254
420,Pooh,Inglesant,pinglesantbn@tuttocitta.it,Female,66.171.224.106
421,Meier,McAuliffe,mmcauliffebo@china.com.cn,Female,146.150.106.25
422,Oona,Pawlik,opawlikbp@google.com.br,Non-binary,221.79.124.99
423,Arlen,Feron,aferonbq@dedecms.com,Male,13.209.175.185
424,Leicester,Saffon,lsaffonbr@dmoz.org,Bigender,216.69.235.29
425,Penelopa,Artois,partoisbs@domainmarket.com,Non-binary,196.16.69.230
426,Brod,Hammant,bhammantbt@senate.gov,Male,240.219.155.232
427,Kevyn,Chsteney,kchsteneybu@wordpress.com,Non-binary,211.176.53.187
428,Lin,Fawdrey,lfawdreybv@taobao.com,Bigender,56.2.238.39
429,Clarie,Boutwell,cboutwellbw@pcworld.com,Polygender,168.167.153.231
430,Harley,Roscam,hroscambx@4shared.com,Bigender,73.236.244.247
431,Micah,Soldan,msoldanby@thetimes.co.uk,Agender,11.156.210.104
432,Nonna,Kybert,nkybertbz@digg.com,Non-binary,137.254.225.7
433,Casie,Beaney,cbeaneyc0@vkontakte.ru,Genderqueer,125.242.57.14
434,Marlo,Goadbie,mgoadbiec1@hibu.com,Non-binary,172.74.255.59
435,Cathrin,Roofe,croofec2@si.edu,Male,176.232.104.55
436,Bethena,Grishechkin,bgrishechkinc3@tinyurl.com,Bigender,198.203.221.147
437,Meade,McWaters,mmcwatersc4@posterous.com,Genderqueer,246.195.83.241
438,Rafael,Rudderham,rrudderhamc5@businessweek.com,Male,210.177.47.92
439,Ninnette,Giffard,ngiffardc6@t-online.de,Female,5.140.133.209
440,Ginevra,Canlin,gcanlinc7@digg.com,Male,246.169.246.93
441,Magda,Braycotton,mbraycottonc8@phpbb.com,Agender,95.208.30.22
442,Idette,Griniov,igriniovc9@netlog.com,Genderfluid,202.165.152.91
443,Bear,Whibley,bwhibleyca@imgur.com,Non-binary,255.146.87.173
444,Luce,Spinley,lspinleycb@apache.org,Non-binary,224.12.174.78
445,Zola,Smedley,zsmedleycc@ebay.co.uk,Bigender,109.93.19.98
446,Slade,Bold,sboldcd@scientificamerican.com,Non-binary,7.243.103.148
447,Tobey,Bland,tblandce@macromedia.com,Female,22.70.247.79
448,Diane,Djurisic,ddjurisiccf@blinklist.com,Female,122.119.74.14
449,Ignazio,Cluet,icluetcg@oaic.gov.au,Non-binary,4.184.68.41
450,Carlynne,Talks,ctalksch@zimbio.com,Genderfluid,196.171.75.160
451,Alyson,Taillard,ataillardci@soup.io,Genderfluid,208.132.102.94
452,Patric,Corbould,pcorbouldcj@unesco.org,Genderqueer,162.174.41.172
453,Marilee,Creber,mcreberck@omniture.com,Genderqueer,243.234.34.13
454,Ara,Benardet,abenardetcl@jimdo.com,Bigender,39.243.94.253
455,Sybyl,MacArthur,smacarthurcm@geocities.jp,Agender,233.115.37.244
456,Corene,Ghidelli,cghidellicn@latimes.com,Male,142.197.138.109
457,Rickard,Bousquet,rbousquetco@studiopress.com,Genderqueer,186.43.70.10
458,Benni,Padillo,bpadillocp@usnews.com,Genderqueer,0.146.69.64
459,Doug,Bourgeois,dbourgeoiscq@51.la,Non-binary,119.226.44.100
460,Babara,Scoggin,bscoggincr@ebay.co.uk,Genderfluid,30.34.178.164
461,Cathrin,Brimilcombe,cbrimilcombecs@reverbnation.com,Genderfluid,186.13.134.38
462,Carlee,Cottier,ccottierct@123-reg.co.uk,Non-binary,96.184.35.83
463,Grover,Hurnell,ghurnellcu@dropbox.com,Non-binary,178.78.111.200
464,Matelda,Klaussen,mklaussencv@amazon.co.uk,Male,189.211.116.160
465,Freedman,Gwyther,fgwythercw@businessinsider.com,Bigender,237.0.23.119
466,Robby,Patriche,rpatrichecx@netvibes.com,Genderqueer,248.196.22.211
467,Leeanne,Timoney,ltimoneycy@phpbb.com,Male,119.62.209.94
468,Andreas,Maeer,amaeercz@istockphoto.com,Female,85.59.76.161
469,Bonni,Loch,blochd0@themeforest.net,Agender,83.240.208.193
470,Putnem,Beven,pbevend1@cbsnews.com,Bigender,140.66.116.95
471,Hermann,Balas,hbalasd2@yale.edu,Polygender,107.145.58.222
472,Niki,Jeratt,njerattd3@cnn.com,Non-binary,140.234.150.144
473,Benito,Casbourne,bcasbourned4@utexas.edu,Female,177.143.98.114
474,Noby,Yoselevitch,nyoselevitchd5@gizmodo.com,Female,141.213.240.167
475,Corilla,Twelve,ctwelved6@scientificamerican.com,Agender,196.60.194.108
476,Minne,Mallinder,mmallinderd7@umn.edu,Genderfluid,236.193.244.190
477,Nananne,Petrovykh,npetrovykhd8@mayoclinic.com,Genderqueer,8.29.134.138
478,Gilberte,Pimblett,gpimblettd9@ca.gov,Agender,225.186.32.37
479,Trisha,Giraldon,tgiraldonda@sina.com.cn,Male,222.216.69.97
480,Sheba,Hyland,shylanddb@infoseek.co.jp,Female,170.26.209.174
481,Daria,Exley,dexleydc@squidoo.com,Bigender,201.50.71.58
482,Harbert,Goodreid,hgoodreiddd@wunderground.com,Bigender,147.136.47.90
483,Pancho,MacFarlan,pmacfarlande@examiner.com,Bigender,202.248.18.242
484,Marney,Parfrey,mparfreydf@statcounter.com,Bigender,229.164.215.78
485,Joline,Jubb,jjubbdg@youtube.com,Agender,93.153.12.152
486,Ashton,Marcroft,amarcroftdh@360.cn,Genderqueer,172.89.94.98
487,Arlan,Gawke,agawkedi@statcounter.com,Non-binary,177.150.95.23
488,Sabina,Wavish,swavishdj@cdc.gov,Bigender,154.239.98.156
489,Vick,O'Fallowne,vofallownedk@friendfeed.com,Bigender,51.124.249.138
490,Livvie,Shakshaft,lshakshaftdl@boston.com,Polygender,81.251.243.161
491,Lancelot,Penhallurick,lpenhallurickdm@pcworld.com,Non-binary,188.104.253.72
492,Faith,Sloss,fslossdn@seattletimes.com,Female,207.189.183.166
493,Breena,Mulqueeny,bmulqueenydo@nifty.com,Female,12.232.151.21
494,Fair,Hush,fhushdp@dedecms.com,Male,246.31.79.45
495,Teodoro,Toon,ttoondq@senate.gov,Male,134.40.32.72
496,Merralee,Pietersma,mpietersmadr@admin.ch,Genderqueer,237.209.92.164
497,Marchall,Lanham,mlanhamds@symantec.com,Female,55.81.104.168
498,Clarabelle,Ganniclifft,cganniclifftdt@fc2.com,Female,143.45.16.63
499,Reamonn,Mobius,rmobiusdu@godaddy.com,Bigender,91.115.255.83
500,Hermie,Ilchenko,hilchenkodv@sbwire.com,Non-binary,148.204.73.169
501,Sylvia,Hairsine,shairsinedw@engadget.com,Polygender,178.197.85.145
502,Farlay,Hardistry,fhardistrydx@google.com.br,Genderqueer,120.132.231.192
503,Bebe,Dooman,bdoomandy@youtu.be,Genderqueer,167.4.218.212
504,Quintana,Syce,qsycedz@mediafire.com,Male,79.80.35.235
505,Beniamino,Wray,bwraye0@nhs.uk,Bigender,92.10.86.204
506,Sammie,Fiddiman,sfiddimane1@hud.gov,Female,213.74.145.236
507,Herbie,Eusden,heusdene2@fema.gov,Agender,54.180.142.45
508,Orin,Twinbrow,otwinbrowe3@google.com.hk,Female,157.238.181.248
509,Rivi,Kopp,rkoppe4@symantec.com,Bigender,56.61.207.46
510,Kort,Gyngyll,kgyngylle5@fema.gov,Agender,186.91.208.8
511,Betsey,Darlow,bdarlowe6@deliciousdays.com,Female,11.61.15.138
512,Helge,Rowan,hrowane7@vimeo.com,Non-binary,159.131.187.125
513,Krishna,Shanks,kshankse8@amazon.co.uk,Female,78.69.251.139
514,Jeralee,Axleby,jaxlebye9@eepurl.com,Bigender,183.32.218.190
515,Dew,Oxlade,doxladeea@wufoo.com,Genderfluid,37.234.65.218
516,Piotr,McPhate,pmcphateeb@surveymonkey.com,Polygender,186.49.199.160
517,Jake,Brecken,jbreckenec@house.gov,Non-binary,205.206.40.129
518,Dalli,Barstowk,dbarstowked@deliciousdays.com,Genderqueer,120.219.173.14
519,Tallulah,Petrelli,tpetrelliee@marriott.com,Genderqueer,10.225.180.93
520,Emiline,Attwell,eattwellef@blogtalkradio.com,Genderfluid,206.103.180.61
521,Marty,Mowson,mmowsoneg@myspace.com,Agender,78.189.30.78
522,Ezekiel,Downe,edowneeh@weather.com,Bigender,30.164.126.70
523,Gill,Scampion,gscampionei@time.com,Genderfluid,18.176.213.23
524,Hurlee,Rosebotham,hrosebothamej@sciencedirect.com,Bigender,15.126.197.190
525,Tybalt,Senner,tsennerek@google.fr,Polygender,240.5.92.229
526,Evania,Beynke,ebeynkeel@ted.com,Female,0.231.50.157
527,Coretta,Minchenton,cminchentonem@homestead.com,Male,63.44.181.235
528,Gabbey,Hamel,ghamelen@blogger.com,Polygender,79.253.105.136
529,Bucky,Eydel,beydeleo@ifeng.com,Bigender,88.101.45.120
530,Rafi,Hastewell,rhastewellep@intel.com,Genderqueer,178.252.30.98
531,Pris,McCurdy,pmccurdyeq@tripod.com,Non-binary,142.98.98.246
532,Hyacintha,Stoneham,hstonehamer@angelfire.com,Non-binary,151.170.111.56
533,Emilie,Mc Elory,emceloryes@people.com.cn,Polygender,38.49.147.161
534,Fanni,McCall,fmccallet@webs.com,Female,83.212.4.175
535,Nataniel,Rangell,nrangelleu@seesaa.net,Bigender,2.143.238.243
536,Yasmeen,Woan,ywoanev@slideshare.net,Female,102.138.10.218
537,Petunia,Swindon,pswindonew@hao123.com,Polygender,84.176.106.175
538,Annaliese,Eastope,aeastopeex@thetimes.co.uk,Agender,0.11.47.179
539,Ethelbert,Dunthorn,edunthorney@google.com.hk,Non-binary,20.80.145.50
540,Gaile,Perett,gperettez@exblog.jp,Non-binary,234.171.254.119
541,Zaria,Connors,zconnorsf0@smugmug.com,Genderfluid,214.77.172.210
542,Sib,Stollmeyer,sstollmeyerf1@wired.com,Male,179.4.78.152
543,Hort,Quenell,hquenellf2@narod.ru,Genderfluid,177.185.58.115
544,Merl,Saull,msaullf3@cloudflare.com,Non-binary,131.251.194.235
545,Claiborne,Lowmass,clowmassf4@narod.ru,Agender,18.13.31.214
546,Debera,Berresford,dberresfordf5@wisc.edu,Agender,56.42.192.199
547,Tomaso,Paula,tpaulaf6@e-recht24.de,Bigender,163.205.145.247
548,Halie,Oakton,hoaktonf7@dell.com,Polygender,172.165.109.89
549,Conchita,Gouldeby,cgouldebyf8@cnn.com,Male,24.45.154.130
550,Jayne,Yosevitz,jyosevitzf9@mozilla.com,Non-binary,156.142.248.184
551,Emlynne,Iacobassi,eiacobassifa@oaic.gov.au,Agender,213.86.139.26
552,Darnell,Mynott,dmynottfb@goo.gl,Female,213.39.104.221
553,Durant,Maxstead,dmaxsteadfc@reuters.com,Female,146.232.19.60
554,Morgan,Brinicombe,mbrinicombefd@naver.com,Bigender,65.62.251.127
555,Drucie,Houlton,dhoultonfe@hugedomains.com,Male,150.202.10.51
556,Freddie,Garrood,fgarroodff@nhs.uk,Polygender,132.36.146.47
557,Hercule,Life,hlifefg@adobe.com,Agender,140.119.221.141
558,Ashien,Forestall,aforestallfh@typepad.com,Non-binary,94.80.179.227
559,Willie,Wards,wwardsfi@msn.com,Genderqueer,114.157.146.131
560,Jonas,Duffet,jduffetfj@dedecms.com,Female,248.175.249.200
561,Schuyler,Eales,sealesfk@sphinn.com,Polygender,65.97.176.238
562,Sheffield,McCroft,smccroftfl@pcworld.com,Male,195.160.184.83
563,Lilas,Barme,lbarmefm@trellian.com,Polygender,11.248.99.78
564,Ethel,Gaynes,egaynesfn@bigcartel.com,Bigender,223.30.203.175
565,Franchot,Lennard,flennardfo@shinystat.com,Genderqueer,14.243.113.253
566,Patience,Bernardy,pbernardyfp@dion.ne.jp,Bigender,118.48.201.61
567,Bobbye,Singleton,bsingletonfq@smugmug.com,Genderqueer,67.190.101.165
568,Garner,Toderini,gtoderinifr@ycombinator.com,Polygender,23.13.187.167
569,Ty,Jodkowski,tjodkowskifs@hubpages.com,Polygender,65.151.79.2
570,Pauly,Colwell,pcolwellft@photobucket.com,Genderfluid,145.185.87.78
571,Glennis,Wibrow,gwibrowfu@jugem.jp,Non-binary,20.115.74.23
572,Aloin,Josefsson,ajosefssonfv@ucsd.edu,Agender,74.78.183.96
573,Wendall,MacLeod,wmacleodfw@elegantthemes.com,Female,140.72.17.189
574,Nev,Wildes,nwildesfx@alexa.com,Polygender,49.203.155.60
575,Harmonie,Serotsky,hserotskyfy@dot.gov,Bigender,154.142.228.2
576,Chic,Bohler,cbohlerfz@themeforest.net,Genderfluid,60.7.135.165
577,Blanch,Mignot,bmignotg0@eepurl.com,Genderqueer,68.120.162.190
578,Eba,Gerber,egerberg1@hugedomains.com,Non-binary,31.225.141.178
579,Minerva,Battleson,mbattlesong2@sun.com,Bigender,130.162.95.255
580,Rriocard,Hookes,rhookesg3@blogspot.com,Genderqueer,67.142.139.3
581,Onfre,Artrick,oartrickg4@wufoo.com,Male,139.2.45.221
582,Zacherie,Swedeland,zswedelandg5@vinaora.com,Bigender,6.239.183.146
583,Eran,MacRannell,emacrannellg6@people.com.cn,Agender,75.144.250.204
584,Leshia,Labuschagne,llabuschagneg7@twitter.com,Non-binary,127.17.236.245
585,Darda,Froment,dfromentg8@opensource.org,Male,115.201.148.254
586,Farrel,Edmonson,fedmonsong9@time.com,Genderqueer,79.86.192.203
587,Martino,Filisov,mfilisovga@upenn.edu,Male,78.250.1.247
588,Tilda,Francois,tfrancoisgb@sfgate.com,Polygender,214.102.49.54
589,Dyanne,Hearsey,dhearseygc@nhs.uk,Female,45.219.129.214
590,Josee,Flemmich,jflemmichgd@weibo.com,Female,53.57.164.87
591,Cari,Normanvill,cnormanvillge@msu.edu,Male,236.113.232.191
592,Letta,Milward,lmilwardgf@addthis.com,Genderfluid,254.21.78.248
593,Armando,Bignold,abignoldgg@ycombinator.com,Non-binary,171.158.200.56
594,Tamarra,Organ,torgangh@topsy.com,Genderfluid,186.118.84.242
595,Pepito,Frayling,pfraylinggi@marriott.com,Polygender,105.31.31.69
596,Gigi,Linnane,glinnanegj@behance.net,Bigender,108.112.201.56
597,Adele,Whipp,awhippgk@oakley.com,Male,40.85.55.193
598,Dani,Moret,dmoretgl@ameblo.jp,Agender,57.20.127.1
599,Leann,Tuxsell,ltuxsellgm@bravesites.com,Genderqueer,189.66.248.212
600,Cacilie,Ogers,cogersgn@weibo.com,Genderqueer,24.90.210.41
601,Michael,Crome,mcromego@zdnet.com,Non-binary,136.173.90.36
602,Eolande,Grahlman,egrahlmangp@digg.com,Genderqueer,189.206.231.45
603,Karia,Iacovucci,kiacovuccigq@goo.ne.jp,Female,191.131.169.49
604,Nikolaos,Josefsohn,njosefsohngr@bbc.co.uk,Polygender,195.16.127.213
605,Issiah,Largan,ilargangs@mediafire.com,Genderqueer,211.142.136.42
606,Thomasa,Reinbeck,treinbeckgt@guardian.co.uk,Male,190.80.209.251
607,Olga,Scolding,oscoldinggu@aboutads.info,Bigender,153.139.246.176
608,Phedra,Martusewicz,pmartusewiczgv@cbc.ca,Genderqueer,166.174.163.81
609,Mia,MacCoughan,mmaccoughangw@nps.gov,Genderqueer,74.68.58.98
610,Alvis,Sandle,asandlegx@examiner.com,Female,166.168.60.203
611,Vivyan,Milesop,vmilesopgy@about.com,Genderfluid,55.5.73.131
612,Scottie,Yanez,syanezgz@thetimes.co.uk,Male,216.120.180.168
613,Dene,Rennles,drennlesh0@weather.com,Agender,43.141.206.184
614,Mitchell,Noquet,mnoqueth1@cbc.ca,Genderqueer,100.142.160.119
615,Flin,Houlden,fhouldenh2@twitpic.com,Genderqueer,142.242.188.20
616,Hy,Crisall,hcrisallh3@chronoengine.com,Agender,156.235.0.66
617,Irma,Coulling,icoullingh4@goo.gl,Polygender,34.193.162.115
618,Johnnie,Gildroy,jgildroyh5@illinois.edu,Female,153.77.174.187
619,Obie,Stigell,ostigellh6@51.la,Agender,18.96.87.172
620,Tobias,De Rechter,tderechterh7@nba.com,Genderqueer,198.172.189.124
621,Janeczka,Dudek,jdudekh8@epa.gov,Agender,195.35.92.198
622,Myrlene,Bennellick,mbennellickh9@youku.com,Non-binary,198.211.178.134
623,Gonzales,Snalham,gsnalhamha@dailymotion.com,Bigender,230.85.103.75
624,Daffi,Lorrain,dlorrainhb@moonfruit.com,Genderfluid,22.67.64.69
625,Berenice,Munning,bmunninghc@alibaba.com,Genderfluid,190.232.132.144
626,Veda,Macveigh,vmacveighhd@wordpress.com,Polygender,94.254.121.59
627,Caryl,Sheringham,csheringhamhe@twitpic.com,Non-binary,88.240.38.248
628,Sergio,Westell,swestellhf@ca.gov,Bigender,90.79.155.59
629,Reinaldos,Ferney,rferneyhg@blogs.com,Male,255.41.243.219
630,Arnaldo,Belfelt,abelfelthh@umn.edu,Genderqueer,0.218.31.170
631,Jenifer,Duchant,jduchanthi@vkontakte.ru,Bigender,88.65.59.64
632,Fae,Simkiss,fsimkisshj@businessweek.com,Bigender,201.138.146.225
633,Lonee,Fryatt,lfryatthk@senate.gov,Genderqueer,212.208.34.57
634,Russ,Pickerill,rpickerillhl@army.mil,Genderqueer,148.240.94.98
635,Veronika,Slewcock,vslewcockhm@hhs.gov,Polygender,166.181.73.248
636,Calla,Weekland,cweeklandhn@netvibes.com,Female,192.248.239.179
637,Jeremie,Farquharson,jfarquharsonho@icq.com,Male,90.208.98.123
638,Say,Harryman,sharrymanhp@europa.eu,Genderqueer,247.174.213.146
639,Sada,Elstob,selstobhq@istockphoto.com,Genderqueer,34.148.22.133
640,Keene,Yearne,kyearnehr@nps.gov,Polygender,197.33.84.191
641,Nanci,Magrane,nmagranehs@netscape.com,Genderfluid,61.197.76.159
642,Donna,Minero,dmineroht@home.pl,Polygender,20.79.240.186
643,Irina,Maddra,imaddrahu@oaic.gov.au,Female,169.68.183.34
644,Francoise,Leaman,fleamanhv@epa.gov,Polygender,186.12.174.185
645,Duke,Salkild,dsalkildhw@odnoklassniki.ru,Bigender,108.105.141.111
646,Annamaria,Caldecott,acaldecotthx@cdbaby.com,Agender,54.232.153.53
647,Kimball,Kalker,kkalkerhy@e-recht24.de,Male,14.165.146.14
648,Ilise,Hardiker,ihardikerhz@virginia.edu,Bigender,191.69.39.91
649,Alexandro,Hedley,ahedleyi0@twitter.com,Genderfluid,86.140.228.222
650,Benoit,Armatidge,barmatidgei1@berkeley.edu,Genderqueer,240.102.110.194
651,Arleta,Munnery,amunneryi2@macromedia.com,Bigender,199.128.181.253
652,Myrlene,Ajsik,majsiki3@facebook.com,Bigender,138.148.204.38
653,Allix,Schust,aschusti4@hc360.com,Genderqueer,169.152.154.126
654,Graehme,Ezzy,gezzyi5@acquirethisname.com,Female,95.254.170.166
655,Wash,Heber,wheberi6@livejournal.com,Genderfluid,33.171.232.77
656,Arliene,McTrustrie,amctrustriei7@pbs.org,Polygender,47.171.130.87
657,Filbert,Siemianowicz,fsiemianowiczi8@chron.com,Polygender,197.74.193.122
658,Teodoor,Cometti,tcomettii9@ustream.tv,Non-binary,180.8.116.57
659,Gena,Covill,gcovillia@homestead.com,Male,139.22.23.43
660,Brig,Pechet,bpechetib@kickstarter.com,Genderfluid,62.171.110.97
661,Rea,Volke,rvolkeic@eventbrite.com,Female,222.7.3.42
662,Libby,Stennet,lstennetid@furl.net,Genderfluid,150.207.206.218
663,Findley,Simek,fsimekie@vistaprint.com,Genderfluid,242.19.175.219
664,Maurits,Wilber,mwilberif@time.com,Bigender,167.206.31.144
665,Dominica,Gwilym,dgwilymig@auda.org.au,Bigender,87.129.164.83
666,Vick,Rentelll,vrentelllih@stanford.edu,Female,231.178.114.174
667,Perkin,Gemelli,pgemelliii@cisco.com,Polygender,111.6.178.88
668,Bevon,Nevet,bnevetij@soup.io,Polygender,161.107.188.67
669,Stacia,Dancy,sdancyik@si.edu,Polygender,241.160.81.226
670,Noak,Allworthy,nallworthyil@cafepress.com,Female,126.188.134.104
671,Merralee,Kubec,mkubecim@i2i.jp,Agender,236.112.228.224
672,Elga,Lello,elelloin@delicious.com,Agender,8.191.181.147
673,Evey,Traylen,etraylenio@tinyurl.com,Bigender,196.254.112.98
674,Rudie,Djekovic,rdjekovicip@ucoz.ru,Polygender,4.8.71.180
675,Zita,Simanek,zsimanekiq@berkeley.edu,Polygender,49.224.158.31
676,Loydie,Steely,lsteelyir@prlog.org,Polygender,86.188.214.69
677,Nicky,Housego,nhousegois@cargocollective.com,Male,98.38.226.16
678,Gradey,Slight,gslightit@cdc.gov,Genderfluid,56.226.79.96
679,Vivianne,Ivanovic,vivanoviciu@digg.com,Agender,5.74.169.114
680,Artur,Flear,afleariv@thetimes.co.uk,Female,160.104.54.208
681,Ethe,Samart,esamartiw@mapy.cz,Agender,220.193.98.27
682,Nessa,Cussons,ncussonsix@ehow.com,Bigender,218.254.218.55
683,Way,Yesichev,wyesicheviy@xinhuanet.com,Non-binary,58.245.219.2
684,Brittni,Watters,bwattersiz@furl.net,Female,113.150.205.83
685,Perla,Rubes,prubesj0@omniture.com,Non-binary,220.149.180.225
686,Micky,Slobom,mslobomj1@cbslocal.com,Polygender,129.225.175.144
687,Louie,Engelmann,lengelmannj2@fema.gov,Polygender,183.237.92.78
688,Harriot,Klees,hkleesj3@google.es,Female,163.119.36.122
689,Yale,Mahody,ymahodyj4@wix.com,Bigender,169.183.137.246
690,Gill,Course,gcoursej5@diigo.com,Genderqueer,238.154.125.238
691,Robenia,Cardero,rcarderoj6@domainmarket.com,Polygender,48.61.212.241
692,Moyra,Dericot,mdericotj7@chronoengine.com,Bigender,201.178.212.176
693,Cosme,Stamper,cstamperj8@shinystat.com,Male,88.90.122.109
694,Noam,McElvogue,nmcelvoguej9@cdbaby.com,Agender,11.201.145.157
695,Bourke,Atyea,batyeaja@nps.gov,Bigender,107.77.254.245
696,Eadith,Yvon,eyvonjb@free.fr,Male,145.248.40.57
697,Royce,Iorns,riornsjc@wikimedia.org,Polygender,119.205.113.7
698,Bren,O'Hartigan,bohartiganjd@google.com,Genderfluid,142.61.71.226
699,Normy,Robard,nrobardje@hexun.com,Polygender,9.91.179.0
700,Niko,Clutten,ncluttenjf@geocities.jp,Polygender,8.126.182.215
701,Prisca,Anderson,pandersonjg@woothemes.com,Genderqueer,180.240.182.166
702,Cara,Stutard,cstutardjh@mashable.com,Genderqueer,111.193.53.38
703,Elsa,Coddington,ecoddingtonji@t.co,Genderqueer,223.168.25.193
704,Townsend,Edleston,tedlestonjj@gizmodo.com,Bigender,196.190.254.155
705,Case,Akers,cakersjk@virginia.edu,Genderqueer,129.24.56.243
706,Mildred,Von Brook,mvonbrookjl@nbcnews.com,Agender,147.198.221.127
707,Sadella,Flecknell,sflecknelljm@typepad.com,Genderfluid,35.229.138.5
708,Patin,Phython,pphythonjn@booking.com,Male,235.161.166.247
709,Leona,Souster,lsousterjo@vkontakte.ru,Non-binary,251.19.37.24
710,Avis,Barth,abarthjp@clickbank.net,Male,34.246.45.127
711,Bastien,Vigars,bvigarsjq@dion.ne.jp,Male,252.14.164.243
712,Eben,Sarney,esarneyjr@edublogs.org,Polygender,87.136.231.241
713,Casper,MacKibbon,cmackibbonjs@tripod.com,Non-binary,137.216.220.126
714,Rhona,Excell,rexcelljt@virginia.edu,Male,66.102.153.143
715,Constantia,Yate,cyateju@abc.net.au,Polygender,141.156.64.13
716,Ezra,Feitosa,efeitosajv@people.com.cn,Genderfluid,219.184.73.244
717,Tamarra,Le Fevre,tlefevrejw@dion.ne.jp,Female,56.89.83.169
718,Shae,Spolton,sspoltonjx@google.com.au,Non-binary,30.212.54.172
719,Blair,Ponton,bpontonjy@umn.edu,Agender,5.62.67.141
720,Malynda,Colebourn,mcolebournjz@wikipedia.org,Genderfluid,174.221.13.46
721,Bryon,Atwel,batwelk0@slashdot.org,Polygender,72.56.222.233
722,Tadd,Benoiton,tbenoitonk1@google.it,Male,154.231.155.239
723,Betta,Paxeford,bpaxefordk2@bravesites.com,Female,56.240.87.171
724,Andee,Beake,abeakek3@diigo.com,Female,78.165.154.51
725,Maddy,MacParlan,mmacparlank4@123-reg.co.uk,Genderfluid,102.252.121.47
726,L;urette,Morales,lmoralesk5@oakley.com,Male,112.33.37.148
727,Kris,Huster,khusterk6@wordpress.com,Polygender,235.119.41.69
728,Garner,Pietrasik,gpietrasikk7@oakley.com,Non-binary,62.187.5.85
729,Jessalyn,Caudrey,jcaudreyk8@pen.io,Male,223.153.4.40
730,Ramsay,Deakin,rdeakink9@va.gov,Female,136.205.61.151
731,Felix,Harmour,fharmourka@bloomberg.com,Male,21.57.210.222
732,Tully,Broxup,tbroxupkb@microsoft.com,Bigender,58.185.122.95
733,Ransell,Beaves,rbeaveskc@histats.com,Female,113.73.15.49
734,Kirbee,Strowthers,kstrowtherskd@bbc.co.uk,Non-binary,106.152.33.3
735,Kelby,Piens,kpienske@squarespace.com,Male,145.63.52.185
736,Teddie,Holehouse,tholehousekf@jiathis.com,Genderqueer,142.211.240.224
737,Max,Tackle,mtacklekg@youtu.be,Genderfluid,107.13.153.243
738,Ivette,Bulmer,ibulmerkh@home.pl,Male,83.191.30.156
739,Ignatius,Goddman,igoddmanki@live.com,Male,101.105.171.199
740,Wanids,Bunnell,wbunnellkj@ebay.com,Male,27.175.209.202
741,Bambie,Paule,bpaulekk@macromedia.com,Bigender,193.174.35.23
742,Krystalle,Gudd,kguddkl@desdev.cn,Female,156.158.167.26
743,Herbert,Solly,hsollykm@eepurl.com,Female,49.178.106.174
744,Irving,Duligall,iduligallkn@mysql.com,Female,228.174.129.87
745,Ivett,Galliver,igalliverko@cmu.edu,Non-binary,220.20.53.134
746,Pascal,Pettingall,ppettingallkp@mtv.com,Bigender,142.179.200.153
747,Jerald,Soall,jsoallkq@unesco.org,Genderfluid,220.82.252.127
748,Celestia,Durman,cdurmankr@cdc.gov,Male,160.13.203.231
749,Erik,Napolitano,enapolitanoks@paginegialle.it,Genderfluid,207.0.169.67
750,Rebecca,Brownsall,rbrownsallkt@barnesandnoble.com,Male,98.63.125.241
751,Leshia,Wisby,lwisbyku@sina.com.cn,Non-binary,24.9.254.61
752,Yolande,Garham,ygarhamkv@berkeley.edu,Non-binary,232.98.14.45
753,Callean,Spere,csperekw@miibeian.gov.cn,Genderfluid,87.212.137.253
754,Poppy,Towsie,ptowsiekx@aol.com,Polygender,156.250.250.117
755,Noak,Wholesworth,nwholesworthky@miitbeian.gov.cn,Non-binary,49.31.164.237
756,Alyda,Lazar,alazarkz@slideshare.net,Non-binary,187.227.0.90
757,Kassie,Guierre,kguierrel0@google.com.br,Non-binary,126.158.161.32
758,Noah,Tiffney,ntiffneyl1@opensource.org,Male,57.115.72.254
759,Jacquette,Ockwell,jockwelll2@google.pl,Male,39.61.255.130
760,Yancy,Keig,ykeigl3@ebay.co.uk,Bigender,35.147.50.242
761,Candide,Gulley,cgulleyl4@bravesites.com,Agender,200.182.19.181
762,Lise,Cockroft,lcockroftl5@amazon.co.jp,Polygender,97.208.174.34
763,Callida,Burdas,cburdasl6@jimdo.com,Male,59.240.204.100
764,Niels,Houldin,nhouldinl7@bravesites.com,Genderfluid,180.124.87.56
765,Breena,Spiers,bspiersl8@liveinternet.ru,Agender,208.132.225.246
766,Mateo,Boys,mboysl9@jugem.jp,Agender,211.154.60.48
767,Maury,Thomson,mthomsonla@mit.edu,Genderqueer,29.123.107.129
768,Phil,Stent,pstentlb@skyrock.com,Bigender,36.47.239.2
769,Vito,Rodden,vroddenlc@ox.ac.uk,Female,251.169.110.240
770,Bradney,Conen,bconenld@last.fm,Male,117.250.25.181
771,Jacques,Strewthers,jstrewthersle@google.ru,Agender,102.122.217.157
772,Jerrome,Ranstead,jransteadlf@histats.com,Male,54.200.64.249
773,Fleurette,Narup,fnaruplg@chicagotribune.com,Male,236.126.212.87
774,Ingamar,Aslet,iasletlh@blog.com,Bigender,43.153.101.179
775,Cathe,Ames,camesli@geocities.jp,Bigender,222.246.76.33
776,Madalena,Chenery,mchenerylj@ucla.edu,Genderqueer,77.133.207.74
777,Sim,Klarzynski,sklarzynskilk@people.com.cn,Male,87.234.55.153
778,Rhodie,Sissot,rsissotll@toplist.cz,Polygender,198.69.124.154
779,Izak,Creffield,icreffieldlm@unesco.org,Bigender,178.40.179.181
780,Bertrando,Ughi,bughiln@netscape.com,Female,207.9.120.87
781,Olympie,Gyenes,ogyeneslo@mac.com,Female,85.137.39.95
782,Ilsa,Francioli,ifranciolilp@wunderground.com,Genderfluid,82.220.177.118
783,Inger,Haggerwood,ihaggerwoodlq@usnews.com,Female,193.25.228.223
784,Blanca,Jarrelt,bjarreltlr@wikia.com,Genderfluid,129.56.237.229
785,Orton,Matuszewski,omatuszewskils@bbb.org,Agender,96.121.181.217
786,Philippe,O'Coskerry,pocoskerrylt@weibo.com,Bigender,112.75.79.57
787,Vinita,Bunn,vbunnlu@slate.com,Polygender,17.155.9.239
788,Vivie,Jamary,vjamarylv@mapy.cz,Bigender,184.50.11.197
789,Honor,Sivewright,hsivewrightlw@infoseek.co.jp,Non-binary,70.223.18.156
790,Deonne,Rudiger,drudigerlx@indiegogo.com,Genderfluid,3.25.161.9
791,Julianna,Jaeggi,jjaeggily@senate.gov,Genderqueer,100.118.126.227
792,Nathalia,Marusyak,nmarusyaklz@quantcast.com,Female,5.208.148.77
793,Clerkclaude,Gateley,cgateleym0@trellian.com,Agender,203.155.75.124
794,Artus,Harvatt,aharvattm1@example.com,Bigender,21.107.61.68
795,Dorey,Macenzy,dmacenzym2@constantcontact.com,Genderqueer,157.187.119.90
796,Tobye,Morena,tmorenam3@sakura.ne.jp,Agender,81.159.212.33
797,Cirillo,Wittrington,cwittringtonm4@upenn.edu,Non-binary,105.23.45.61
798,Sidoney,Trenfield,strenfieldm5@ning.com,Female,32.20.203.113
799,Tracie,Delucia,tdeluciam6@ebay.com,Bigender,127.41.175.160
800,Desiree,Yarrow,dyarrowm7@facebook.com,Genderqueer,253.12.194.222
801,Petrina,McGlynn,pmcglynnm8@dagondesign.com,Male,3.71.80.199
802,Giffie,Scotchforth,gscotchforthm9@com.com,Non-binary,10.216.193.42
803,Myrtia,De Anesy,mdeanesyma@tiny.cc,Bigender,168.217.38.42
804,Alverta,Feye,afeyemb@mozilla.org,Genderfluid,108.27.213.199
805,Iris,Bulman,ibulmanmc@kickstarter.com,Bigender,165.196.251.242
806,Berrie,Shorthill,bshorthillmd@google.nl,Agender,4.44.217.53
807,Normand,Payn,npaynme@huffingtonpost.com,Genderfluid,61.125.147.99
808,Steward,Cussons,scussonsmf@4shared.com,Male,145.198.188.234
809,Nestor,Dunkinson,ndunkinsonmg@gizmodo.com,Polygender,131.31.27.182
810,Irena,Goodridge,igoodridgemh@webs.com,Agender,65.163.33.245
811,Cathrine,Praundlin,cpraundlinmi@fc2.com,Male,92.113.151.18
812,Yurik,Delouch,ydelouchmj@abc.net.au,Non-binary,128.15.91.183
813,Justine,Mathou,jmathoumk@nature.com,Non-binary,9.124.56.240
814,Corly,Clover,ccloverml@1und1.de,Polygender,137.239.149.154
815,Richard,Drohane,rdrohanemm@google.com,Bigender,178.102.216.130
816,Antonietta,Dungate,adungatemn@merriam-webster.com,Bigender,144.159.1.187
817,Avrit,Chivrall,achivrallmo@vistaprint.com,Polygender,252.86.36.254
818,Gaye,Vigars,gvigarsmp@independent.co.uk,Bigender,223.95.125.188
819,Gena,Awty,gawtymq@marketwatch.com,Genderqueer,20.230.83.35
820,Herschel,Swindle,hswindlemr@list-manage.com,Female,66.247.248.16
821,Hanson,Gleder,hglederms@chronoengine.com,Genderfluid,229.76.180.69
822,Leontine,MacDonald,lmacdonaldmt@ask.com,Male,129.215.197.92
823,Eirena,Barlee,ebarleemu@alexa.com,Polygender,133.247.224.142
824,Randi,Delwater,rdelwatermv@senate.gov,Bigender,66.64.19.232
825,Andrea,Meins,ameinsmw@google.ru,Agender,9.163.144.237
826,Melina,Dulake,mdulakemx@biglobe.ne.jp,Bigender,240.144.237.98
827,Gauthier,Espinos,gespinosmy@biglobe.ne.jp,Bigender,206.12.37.27
828,Krispin,Demead,kdemeadmz@ftc.gov,Genderqueer,136.151.24.237
829,Ralph,Jurewicz,rjurewiczn0@sourceforge.net,Female,169.35.81.203
830,Adeline,Bechley,abechleyn1@timesonline.co.uk,Female,80.27.137.203
831,Vivie,Tattershall,vtattershalln2@freewebs.com,Bigender,191.239.41.25
832,Kimberlee,Rangeley,krangeleyn3@slideshare.net,Agender,143.116.187.204
833,Corabel,Casserly,ccasserlyn4@yellowbook.com,Male,158.66.32.246
834,Dell,Bampfield,dbampfieldn5@odnoklassniki.ru,Genderqueer,216.179.24.226
835,Murial,Nadin,mnadinn6@elpais.com,Genderqueer,103.176.175.244
836,Selma,Dourin,sdourinn7@noaa.gov,Genderfluid,219.157.207.161
837,Virgilio,Audus,vaudusn8@csmonitor.com,Male,215.180.48.83
838,Sapphira,Torres,storresn9@multiply.com,Polygender,34.247.217.51
839,Angelle,Mullen,amullenna@xrea.com,Non-binary,13.63.120.253
840,Nickolai,Zanini,nzanininb@ftc.gov,Agender,176.150.220.211
841,Peri,Hatzar,phatzarnc@bizjournals.com,Bigender,187.13.203.32
842,Elston,Switzer,eswitzernd@miitbeian.gov.cn,Male,150.96.69.124
843,Neila,Lamartine,nlamartinene@tamu.edu,Genderfluid,160.254.77.225
844,Rickey,Landrick,rlandricknf@google.de,Polygender,190.228.211.24
845,Rosette,Braybrookes,rbraybrookesng@cisco.com,Genderqueer,14.159.43.141
846,Eveline,Ockleshaw,eockleshawnh@zdnet.com,Agender,228.88.249.103
847,Rowney,O'Shiel,roshielni@virginia.edu,Polygender,167.107.205.225
848,Lynette,Beathem,lbeathemnj@google.es,Male,142.228.151.151
849,Gabby,Audley,gaudleynk@census.gov,Genderfluid,19.167.77.113
850,Yelena,Moss,ymossnl@yandex.ru,Non-binary,244.130.91.4
851,Caterina,Kenchington,ckenchingtonnm@ft.com,Non-binary,184.203.251.0
852,Neda,Wapple,nwapplenn@nih.gov,Male,142.10.17.219
853,Rhianon,Strevens,rstrevensno@dmoz.org,Female,178.104.46.166
854,Nomi,MacGilrewy,nmacgilrewynp@blinklist.com,Male,154.239.138.222
855,Nappie,Linfoot,nlinfootnq@amazon.de,Genderqueer,113.34.40.161
856,Renie,Regorz,rregorznr@cdbaby.com,Genderfluid,69.109.14.203
857,Ryley,Alven,ralvenns@cbsnews.com,Non-binary,199.7.109.60
858,Tadd,Hugnin,thugninnt@elpais.com,Female,21.59.247.124
859,Erda,Golland,egollandnu@cloudflare.com,Genderqueer,213.220.49.142
860,Jobina,Kienzle,jkienzlenv@slate.com,Genderqueer,27.68.0.104
861,Becka,Darley,bdarleynw@ustream.tv,Bigender,250.113.216.85
862,Kermit,Louth,klouthnx@businessweek.com,Non-binary,225.251.120.181
863,Gail,Storcke,gstorckeny@businesswire.com,Agender,113.114.15.253
864,Kellsie,Pettiford,kpettifordnz@mit.edu,Genderqueer,34.36.171.60
865,Tisha,Skegg,tskeggo0@sourceforge.net,Bigender,3.5.218.68
866,Cordie,Penrose,cpenroseo1@about.me,Female,211.130.12.194
867,Reamonn,Boone,rbooneo2@instagram.com,Bigender,73.173.178.37
868,Derrik,Connick,dconnicko3@house.gov,Female,80.41.28.59
869,Kimble,Taaffe,ktaaffeo4@opera.com,Female,205.57.52.188
870,Vivyan,Aldwinckle,valdwinckleo5@ox.ac.uk,Female,195.206.228.232
871,Elihu,Epp,eeppo6@quantcast.com,Male,32.128.224.42
872,Bat,Enstone,benstoneo7@arizona.edu,Genderfluid,64.54.118.62
873,Roselin,Branno,rbrannoo8@archive.org,Female,193.66.95.134
874,Ailbert,MacClure,amacclureo9@clickbank.net,Agender,230.130.164.183
875,Melisse,Filipychev,mfilipychevoa@businessinsider.com,Agender,205.7.247.171
876,Fidelity,Lesly,fleslyob@cdc.gov,Agender,228.227.136.177
877,Florina,Wakeham,fwakehamoc@telegraph.co.uk,Bigender,72.139.117.25
878,Raddie,Mees,rmeesod@webeden.co.uk,Male,183.14.39.197
879,Vinnie,Duffin,vduffinoe@sfgate.com,Genderqueer,83.82.118.157
880,Ernaline,Felder,efelderof@yahoo.com,Male,26.137.212.255
881,Sloane,Lawden,slawdenog@washington.edu,Polygender,48.79.173.127
882,Shirl,Nevinson,snevinsonoh@ed.gov,Genderqueer,220.137.89.109
883,Max,McGlaughn,mmcglaughnoi@google.com.hk,Female,146.90.26.38
884,Kaile,Butters,kbuttersoj@google.com.hk,Agender,139.104.177.84
885,Fay,Badby,fbadbyok@naver.com,Genderqueer,17.236.39.118
886,Cariotta,Payze,cpayzeol@typepad.com,Agender,223.154.160.44
887,Wylma,Binstead,wbinsteadom@squidoo.com,Non-binary,184.34.157.111
888,Alasteir,Dudderidge,adudderidgeon@51.la,Agender,73.196.129.111
889,Ginni,Prin,gprinoo@businessinsider.com,Agender,139.53.201.91
890,Petr,Thundercliffe,pthundercliffeop@imgur.com,Bigender,35.118.233.55
891,Husain,Windaybank,hwindaybankoq@wufoo.com,Male,39.99.69.221
892,Cami,Dziwisz,cdziwiszor@pcworld.com,Agender,59.183.46.191
893,Conroy,Dinnage,cdinnageos@dyndns.org,Agender,146.88.184.43
894,Putnem,Caitlin,pcaitlinot@marriott.com,Genderqueer,168.244.156.3
895,Papagena,Batt,pbattou@reference.com,Female,14.75.65.204
896,Weston,Finlan,wfinlanov@cnet.com,Male,63.157.87.190
897,Svend,Kid,skidow@netvibes.com,Female,125.39.85.85
898,Sheffie,Starmont,sstarmontox@mayoclinic.com,Non-binary,199.230.6.14
899,Cchaddie,Gilluley,cgilluleyoy@stanford.edu,Female,211.128.93.10
900,Maurise,Bagg,mbaggoz@sohu.com,Bigender,97.6.167.138
901,Marian,Kelmere,mkelmerep0@hc360.com,Genderfluid,4.60.120.181
902,Fan,Cherrie,fcherriep1@comcast.net,Agender,23.52.112.100
903,Hervey,Doolan,hdoolanp2@japanpost.jp,Polygender,151.46.70.150
904,Una,Redsall,uredsallp3@dell.com,Non-binary,170.23.136.47
905,Nappie,Yakubowicz,nyakubowiczp4@nsw.gov.au,Female,128.0.233.106
906,Melodee,Gornal,mgornalp5@theguardian.com,Polygender,94.85.54.6
907,Von,Sibylla,vsibyllap6@reference.com,Agender,168.2.240.124
908,Erl,Cheales,echealesp7@yandex.ru,Bigender,219.218.204.131
909,Kailey,Dobel,kdobelp8@bloomberg.com,Male,139.72.216.75
910,Jojo,Gwinnel,jgwinnelp9@ovh.net,Genderqueer,155.167.110.18
911,Ashlee,Hoston,ahostonpa@multiply.com,Non-binary,97.146.248.15
912,Jim,Chappell,jchappellpb@boston.com,Bigender,101.128.48.93
913,Ulrick,Chadwyck,uchadwyckpc@springer.com,Genderfluid,22.17.144.39
914,Staffard,Rumsby,srumsbypd@cpanel.net,Genderfluid,61.69.171.47
915,Diann,Schwand,dschwandpe@vk.com,Non-binary,202.175.246.189
916,Austina,Paladini,apaladinipf@w3.org,Bigender,54.214.173.213
917,Taylor,Vaughan,tvaughanpg@tumblr.com,Polygender,195.161.95.202
918,Hoyt,Beckley,hbeckleyph@dot.gov,Agender,36.171.92.125
919,Minny,Jados,mjadospi@webs.com,Genderqueer,214.2.32.99
920,Ronalda,Whymark,rwhymarkpj@topsy.com,Non-binary,27.47.21.206
921,Shayne,Pepperell,spepperellpk@ed.gov,Genderfluid,18.40.91.126
922,Gustave,Arkley,garkleypl@whitehouse.gov,Non-binary,245.190.44.70
923,Esmeralda,Hargreave,ehargreavepm@bloomberg.com,Genderqueer,221.125.240.226
924,Bondy,Bradder,bbradderpn@sourceforge.net,Agender,190.235.159.214
925,Ferdie,Hulstrom,fhulstrompo@irs.gov,Genderqueer,109.106.220.233
926,Shari,Sammon,ssammonpp@skype.com,Bigender,116.240.187.183
927,Doralin,McAvin,dmcavinpq@flavors.me,Polygender,68.59.210.11
928,Layla,Tisun,ltisunpr@yale.edu,Genderfluid,39.184.55.43
929,Hart,Mileham,hmilehamps@e-recht24.de,Polygender,25.196.2.39
930,Erika,Lockier,elockierpt@drupal.org,Genderfluid,232.233.92.26
931,Starr,Crichten,scrichtenpu@tmall.com,Genderfluid,124.86.3.67
932,Guthrie,Sacaze,gsacazepv@t-online.de,Bigender,207.48.91.239
933,Oren,Habishaw,ohabishawpw@delicious.com,Non-binary,68.58.37.222
934,Leeann,Doody,ldoodypx@admin.ch,Genderfluid,176.211.6.59
935,Yehudi,Crowest,ycrowestpy@vimeo.com,Polygender,76.37.161.148
936,Sinclair,Antham,santhampz@skype.com,Genderqueer,36.240.204.207
937,Karlotta,Edmondson,kedmondsonq0@ask.com,Genderfluid,84.128.55.57
938,Kippie,Romeril,kromerilq1@dmoz.org,Non-binary,107.221.248.167
939,Tome,Brislawn,tbrislawnq2@salon.com,Female,142.178.136.233
940,Ira,Clemits,iclemitsq3@cbc.ca,Polygender,55.214.1.197
941,Eada,Cranidge,ecranidgeq4@technorati.com,Genderfluid,205.181.197.176
942,Andrey,Chidgey,achidgeyq5@topsy.com,Bigender,233.126.97.244
943,Mora,Ikin,mikinq6@cornell.edu,Female,59.10.87.76
944,Shandie,Boken,sbokenq7@reverbnation.com,Genderqueer,34.131.131.2
945,Glennis,Burgwyn,gburgwynq8@examiner.com,Non-binary,3.63.25.252
946,Jenelle,Jandac,jjandacq9@ovh.net,Agender,66.1.103.39
947,Maris,Baser,mbaserqa@cdbaby.com,Bigender,40.88.248.99
948,Harland,Kollaschek,hkollaschekqb@phoca.cz,Polygender,85.148.119.199
949,Rinaldo,Laurant,rlaurantqc@thetimes.co.uk,Genderfluid,243.134.110.249
950,Jacobo,Ben-Aharon,jbenaharonqd@mapquest.com,Male,192.67.240.221
951,Shaylyn,Vaadeland,svaadelandqe@sun.com,Polygender,206.122.203.58
952,Merrill,Chadburn,mchadburnqf@umich.edu,Bigender,231.62.2.111
953,Raeann,Pech,rpechqg@wordpress.com,Bigender,177.211.54.100
954,Bette,Behning,bbehningqh@thetimes.co.uk,Agender,177.96.134.112
955,Daile,Golley,dgolleyqi@foxnews.com,Female,214.8.30.252
956,Zacharia,Deaton,zdeatonqj@ovh.net,Polygender,240.154.70.30
957,Humbert,Bussetti,hbussettiqk@deviantart.com,Polygender,233.246.148.91
958,Samuel,Ridding,sriddingql@discuz.net,Non-binary,210.108.233.157
959,Sofie,Cominetti,scominettiqm@com.com,Polygender,242.28.216.168
960,Tracie,Allain,tallainqn@cbslocal.com,Male,164.229.152.241
961,Xaviera,Westhofer,xwesthoferqo@sourceforge.net,Male,110.178.21.7
962,Kiersten,Evenden,kevendenqp@bing.com,Female,119.168.152.52
963,Reggy,Loren,rlorenqq@dailymail.co.uk,Male,135.91.124.189
964,Brennan,Awin,bawinqr@weather.com,Genderqueer,67.139.203.36
965,Arley,Melross,amelrossqs@wikimedia.org,Male,191.228.116.48
966,Edyth,Oliphand,eoliphandqt@soup.io,Non-binary,44.206.234.211
967,Willamina,Gregolin,wgregolinqu@taobao.com,Female,180.254.117.73
968,Conan,Brauner,cbraunerqv@baidu.com,Non-binary,150.85.152.194
969,Amalea,Stowgill,astowgillqw@free.fr,Female,33.205.140.150
970,Ardis,Smillie,asmillieqx@ameblo.jp,Non-binary,92.226.184.111
971,Noby,Storie,nstorieqy@nydailynews.com,Genderqueer,196.134.100.97
972,Jillana,Davet,jdavetqz@nature.com,Bigender,13.249.196.101
973,Maryann,Simonett,msimonettr0@mozilla.org,Polygender,173.126.34.193
974,Melisent,Vogt,mvogtr1@examiner.com,Bigender,172.71.25.42
975,Poppy,Rotlauf,protlaufr2@wiley.com,Genderfluid,183.149.115.232
976,Inessa,Roman,iromanr3@epa.gov,Bigender,121.0.169.126
977,Catlin,Smead,csmeadr4@foxnews.com,Non-binary,240.189.171.244
978,Tye,Blaza,tblazar5@ted.com,Agender,122.23.58.145
979,Dot,Seger,dsegerr6@nydailynews.com,Non-binary,27.199.170.167
980,Cull,Kelcey,ckelceyr7@aol.com,Genderqueer,152.181.223.68
981,Van,Esland,veslandr8@t-online.de,Polygender,189.197.35.225
982,Ki,Mayward,kmaywardr9@w3.org,Genderfluid,60.246.97.121
983,Agretha,Collard,acollardra@ameblo.jp,Bigender,249.83.220.57
984,Harriott,Piddock,hpiddockrb@blogspot.com,Genderfluid,19.197.200.72
985,Vicki,Bearsmore,vbearsmorerc@utexas.edu,Non-binary,26.124.184.157
986,Jillie,Silson,jsilsonrd@prweb.com,Bigender,167.168.176.1
987,Ettie,Taberer,etabererre@cocolog-nifty.com,Polygender,219.159.194.95
988,Christi,Chastey,cchasteyrf@ox.ac.uk,Genderqueer,114.160.226.175
989,Mikkel,Babin,mbabinrg@ibm.com,Genderqueer,246.167.148.143
990,Bea,Allsupp,ballsupprh@comsenz.com,Non-binary,247.225.23.119
991,Miner,McKechnie,mmckechnieri@themeforest.net,Female,95.71.137.201
992,Hana,Goodright,hgoodrightrj@businessweek.com,Male,7.24.198.238
993,Gayla,Wisson,gwissonrk@businessinsider.com,Genderqueer,7.107.127.108
994,Jorry,Padefield,jpadefieldrl@blogger.com,Genderfluid,215.55.141.12
995,Tabor,Bernasek,tbernasekrm@kickstarter.com,Agender,236.38.182.35
996,Lynnea,Seally,lseallyrn@examiner.com,Non-binary,218.23.77.70
997,Genevieve,Cavolini,gcavoliniro@noaa.gov,Agender,29.31.237.59
998,Carlita,Twatt,ctwattrp@independent.co.uk,Female,198.212.38.245
999,Berk,Clayworth,bclayworthrq@ebay.com,Genderqueer,17.177.198.94
1000,Heda,Angrove,hangroverr@cargocollective.com,Female,128.78.217.56
