id,first_name,last_name,email,gender,ip_address
1,Angelica,Roja,aroja0@quantcast.com,Genderqueer,134.2.161.213
2,Rosemarie,Pooley,rpooley1@census.gov,Female,85.98.143.82
3,Erny,Naptine,enaptine2@tinyurl.com,Female,110.245.69.245
4,Emma,Grzesiewicz,egrzesiewicz3@cdbaby.com,Genderqueer,22.195.83.100
5,Germana,Tyreman,gtyreman4@patch.com,Genderqueer,125.53.221.171
6,Karisa,Pray,kpray5@loc.gov,Agender,54.212.141.120
7,Dena,D'Souza,ddsouza6@joomla.org,Genderqueer,227.172.179.128
8,Kimball,Tersay,ktersay7@goo.gl,Agender,165.172.69.185
9,Drusi,Broadfoot,dbroadfoot8@ox.ac.uk,Female,234.132.72.111
10,Phil,Krienke,pkrienke9@buzzfeed.com,Bigender,203.12.175.202
11,Allard,Walsh,awalsha@auda.org.au,Polygender,2.31.132.30
12,Ronda,Bingley,rbingleyb@dot.gov,Bigender,46.166.166.39
13,Sayer,Humphrey,shumphreyc@utexas.edu,Polygender,113.190.183.9
14,Ingram,Garlette,igarletted@princeton.edu,Female,110.59.50.202
15,Reta,Gorstidge,rgorstidgee@google.fr,Non-binary,71.56.115.196
16,Jessa,Underwood,junderwoodf@google.co.uk,Bigender,34.23.195.15
17,Flossi,Diggins,fdigginsg@photobucket.com,Female,149.201.93.154
18,Francis,Guyet,fguyeth@miibeian.gov.cn,Male,132.192.220.167
19,Ardath,Coalburn,acoalburni@soup.io,Male,238.222.182.211
20,Haily,Empson,hempsonj@gravatar.com,Genderfluid,85.149.173.3
21,Archibald,Dzeniskevich,adzeniskevichk@deliciousdays.com,Female,23.22.19.17
22,Sean,Sarah,ssarahl@ezinearticles.com,Polygender,160.150.188.82
23,Elwin,Jacob,ejacobm@feedburner.com,Male,95.98.15.33
24,Isabelita,Benoit,ibenoitn@amazon.co.jp,Male,13.174.237.125
25,Cyrillus,Morgan,cmorgano@theguardian.com,Agender,165.217.24.243
26,Aharon,Bavidge,abavidgep@rakuten.co.jp,Genderfluid,25.213.158.252
27,Aloin,Boustead,abousteadq@technorati.com,Female,213.203.120.44
28,Gilligan,McArdle,gmcardler@amazon.com,Non-binary,71.112.108.131
29,Shena,Syson,ssysons@ustream.tv,Non-binary,176.191.114.46
30,Sascha,O'Dunniom,sodunniomt@prnewswire.com,Genderfluid,167.81.159.193
31,Mikel,Koppke,mkoppkeu@webnode.com,Non-binary,186.98.172.32
32,Darell,Ledstone,dledstonev@devhub.com,Male,23.72.206.196
33,Lucian,Heffer,lhefferw@simplemachines.org,Non-binary,210.17.124.151
34,Irv,Bonellie,ibonelliex@gmpg.org,Polygender,73.214.95.139
35,Rosemonde,Butterfint,rbutterfinty@lulu.com,Female,83.153.48.131
36,Austine,Kubach,akubachz@flavors.me,Non-binary,49.229.191.146
37,Adriana,Epelett,aepelett10@nasa.gov,Female,236.225.102.210
38,Dulci,Myderscough,dmyderscough11@seesaa.net,Genderfluid,135.107.100.22
39,Kacey,Inglefield,kinglefield12@admin.ch,Polygender,104.69.142.18
40,Serge,Barnshaw,sbarnshaw13@microsoft.com,Non-binary,10.125.54.86
41,Malvina,Deluca,mdeluca14@businesswire.com,Genderqueer,39.222.227.223
42,Ardeen,Burley,aburley15@craigslist.org,Polygender,65.172.53.243
43,Valentine,Jemmett,vjemmett16@businessinsider.com,Polygender,240.235.147.150
44,Romain,Balls,rballs17@delicious.com,Female,184.8.226.121
45,Joye,Fewkes,jfewkes18@springer.com,Female,66.101.209.204
46,Marris,Jencken,mjencken19@hp.com,Genderfluid,214.141.150.100
47,Thorsten,Yerson,tyerson1a@businesswire.com,Genderfluid,79.229.104.29
48,Ross,O'Malley,romalley1b@usatoday.com,Polygender,234.185.244.146
49,Nita,Olekhov,nolekhov1c@bloglines.com,Non-binary,179.26.104.68
50,Florentia,MacDowall,fmacdowall1d@zimbio.com,Bigender,60.1.12.224
51,Valentine,Jelf,vjelf1e@nbcnews.com,Female,251.207.18.135
52,Muffin,Nijs,mnijs1f@si.edu,Female,86.151.196.8
53,Almeda,Tissell,atissell1g@wikia.com,Male,73.138.229.246
54,Oralie,Hebblewaite,ohebblewaite1h@statcounter.com,Male,152.92.155.250
55,Jennie,Gildersleeve,jgildersleeve1i@census.gov,Female,212.123.122.50
56,Tana,Runcie,truncie1j@webmd.com,Agender,139.37.85.48
57,Ewan,Pleasants,epleasants1k@imdb.com,Genderqueer,79.206.251.252
58,Homerus,McJury,hmcjury1l@scientificamerican.com,Female,187.172.165.207
59,Gustie,Crunkhorn,gcrunkhorn1m@deliciousdays.com,Agender,33.6.2.157
60,Lynette,O'Fairy,lofairy1n@statcounter.com,Genderfluid,241.51.210.110
61,Kandy,Isabell,kisabell1o@wordpress.org,Non-binary,98.213.64.29
62,Nomi,Morrow,nmorrow1p@eventbrite.com,Genderqueer,9.46.243.189
63,Arny,Brotheridge,abrotheridge1q@dmoz.org,Polygender,79.163.1.135
64,Burton,Berggren,bberggren1r@deliciousdays.com,Genderqueer,58.158.171.193
65,Spense,Playle,splayle1s@techcrunch.com,Male,80.36.221.30
66,Smitty,Killiner,skilliner1t@mozilla.com,Genderfluid,188.140.114.180
67,Heriberto,Rudgard,hrudgard1u@storify.com,Bigender,252.86.217.232
68,Lucie,McLleese,lmclleese1v@freewebs.com,Bigender,236.57.38.203
69,Drew,Ashard,dashard1w@army.mil,Bigender,29.255.120.209
70,Sanders,Goozee,sgoozee1x@istockphoto.com,Bigender,203.60.152.55
71,Jennee,Woolveridge,jwoolveridge1y@chron.com,Bigender,30.100.97.112
72,Blisse,Bernhardsson,bbernhardsson1z@harvard.edu,Male,35.108.182.21
73,Dana,Font,dfont20@macromedia.com,Non-binary,129.145.83.213
74,Farlie,Polson,fpolson21@yelp.com,Polygender,147.28.155.188
75,Shauna,Dibbin,sdibbin22@infoseek.co.jp,Male,159.171.245.130
76,Mikel,MacGaffey,mmacgaffey23@ucoz.com,Polygender,8.238.126.234
77,Annette,Salaman,asalaman24@eepurl.com,Agender,76.105.223.184
78,Marlow,Dent,mdent25@cnet.com,Polygender,150.123.100.217
79,Shermy,Bergen,sbergen26@ox.ac.uk,Agender,55.112.236.17
80,Mary,Curson,mcurson27@wunderground.com,Polygender,219.113.205.168
81,Aurie,Boydell,aboydell28@mashable.com,Agender,123.22.62.207
82,Raoul,Logan,rlogan29@seesaa.net,Bigender,140.238.222.16
83,Emilio,Ganter,eganter2a@gmpg.org,Agender,45.206.94.114
84,Bern,Dingwall,bdingwall2b@tripod.com,Genderqueer,116.91.0.47
85,Chas,Matchett,cmatchett2c@google.co.uk,Genderqueer,69.198.80.216
86,Kelcey,Messom,kmessom2d@storify.com,Genderqueer,103.201.103.78
87,Thatcher,Wemes,twemes2e@soundcloud.com,Non-binary,244.246.226.50
88,Dodi,Rumbelow,drumbelow2f@msn.com,Genderqueer,89.171.105.58
89,Lisle,Pound,lpound2g@auda.org.au,Non-binary,150.2.150.13
90,Katherine,Schurig,kschurig2h@google.com.hk,Genderfluid,60.211.206.96
91,Loralee,Macoun,lmacoun2i@dion.ne.jp,Polygender,248.148.173.56
92,Megan,Bidnall,mbidnall2j@ft.com,Agender,32.98.33.177
93,Easter,Whitemarsh,ewhitemarsh2k@last.fm,Genderqueer,111.170.15.160
94,Adrianna,Witty,awitty2l@mapquest.com,Polygender,47.40.79.147
95,Phip,Westnedge,pwestnedge2m@woothemes.com,Polygender,121.23.129.235
96,Viola,Cluelow,vcluelow2n@theatlantic.com,Genderqueer,53.53.71.10
97,Iolande,Osgardby,iosgardby2o@desdev.cn,Non-binary,94.118.180.148
98,Melony,Collomosse,mcollomosse2p@cnbc.com,Male,113.36.3.45
99,Dorine,Robert,drobert2q@godaddy.com,Non-binary,82.42.83.101
100,Analiese,Jeaves,ajeaves2r@reverbnation.com,Bigender,222.92.21.119
101,Richie,Breit,rbreit2s@bravesites.com,Polygender,156.26.61.137
102,Benedetto,Schimann,bschimann2t@bluehost.com,Genderqueer,240.86.121.174
103,Humfrey,Whittle,hwhittle2u@youtube.com,Bigender,194.114.161.149
104,Charo,Tiffin,ctiffin2v@i2i.jp,Bigender,134.104.28.56
105,Guendolen,Alldred,galldred2w@fc2.com,Female,245.238.16.221
106,Bartholomeus,Canedo,bcanedo2x@creativecommons.org,Genderqueer,131.43.116.153
107,Teri,Glantz,tglantz2y@parallels.com,Male,204.77.233.71
108,Darill,Gipp,dgipp2z@microsoft.com,Polygender,162.27.195.25
109,Neils,Gorwood,ngorwood30@barnesandnoble.com,Polygender,253.2.159.126
110,Minnaminnie,Thoumasson,mthoumasson31@blogtalkradio.com,Agender,203.95.113.46
111,Mikaela,Pearson,mpearson32@slideshare.net,Non-binary,101.109.122.135
112,Hardy,Edmand,hedmand33@addtoany.com,Agender,36.10.206.221
113,Paolina,Sheilds,psheilds34@nationalgeographic.com,Genderqueer,149.82.21.109
114,Gussy,Sinclar,gsinclar35@businessinsider.com,Bigender,114.118.240.69
115,Darius,Grafhom,dgrafhom36@google.it,Female,30.26.214.84
116,Iorgo,Shalders,ishalders37@slideshare.net,Bigender,96.184.139.242
117,Asia,Instock,ainstock38@diigo.com,Female,44.252.151.8
118,Levey,Kaemena,lkaemena39@jigsy.com,Non-binary,93.43.16.86
119,Monte,Cressy,mcressy3a@yellowpages.com,Genderfluid,187.179.152.205
120,Isidore,Pottes,ipottes3b@yandex.ru,Agender,5.3.252.195
121,Alys,Hannaby,ahannaby3c@sohu.com,Genderfluid,138.135.108.188
122,Rochester,Picknett,rpicknett3d@washington.edu,Genderqueer,121.18.165.155
123,Jean,Benterman,jbenterman3e@creativecommons.org,Male,224.193.21.175
124,Devlen,Bilby,dbilby3f@oaic.gov.au,Agender,17.122.108.97
125,Mattie,Binny,mbinny3g@smugmug.com,Genderfluid,79.179.66.254
126,Nicolais,Reeves,nreeves3h@cdbaby.com,Agender,32.238.139.78
127,Kristian,Pilling,kpilling3i@meetup.com,Genderqueer,47.192.107.122
128,Ewart,Rand,erand3j@bravesites.com,Agender,225.89.142.195
129,Phoebe,Stonary,pstonary3k@twitter.com,Genderfluid,102.190.107.120
130,Hercule,Armsden,harmsden3l@nifty.com,Non-binary,71.18.106.99
131,Findley,Thurstance,fthurstance3m@pagesperso-orange.fr,Genderqueer,212.133.37.18
132,Jamaal,Loudon,jloudon3n@cnet.com,Female,69.63.209.102
133,Sela,Muscroft,smuscroft3o@geocities.com,Genderfluid,231.195.113.23
134,Alexina,Larder,alarder3p@mozilla.org,Male,235.32.209.110
135,Jacquelin,De la Eglise,jdelaeglise3q@trellian.com,Genderfluid,240.78.253.98
136,Rafaelia,Trownson,rtrownson3r@omniture.com,Genderqueer,112.103.145.117
137,Fianna,Barnbrook,fbarnbrook3s@histats.com,Agender,168.207.140.127
138,Diego,Maslen,dmaslen3t@cocolog-nifty.com,Genderfluid,224.6.241.104
139,Cello,Cane,ccane3u@paginegialle.it,Genderqueer,19.12.171.185
140,Conroy,Aronin,caronin3v@businessweek.com,Non-binary,103.21.135.244
141,Adair,Nisuis,anisuis3w@tripod.com,Agender,149.176.253.50
142,Wilhelm,Laxton,wlaxton3x@wsj.com,Genderqueer,230.152.76.105
143,Gabbey,Hounsom,ghounsom3y@gnu.org,Genderqueer,83.120.128.216
144,Jolee,Payfoot,jpayfoot3z@cbslocal.com,Polygender,151.200.203.81
145,Mimi,Girauld,mgirauld40@imgur.com,Female,44.170.24.162
146,Eilis,Duguid,eduguid41@noaa.gov,Agender,238.212.230.193
147,Baron,Egle,begle42@desdev.cn,Genderfluid,169.179.131.95
148,Kev,Nerney,knerney43@istockphoto.com,Female,43.177.119.233
149,Chantalle,Paten,cpaten44@clickbank.net,Genderfluid,173.34.1.79
150,Veronique,Bennallck,vbennallck45@wp.com,Male,209.222.165.254
151,Stephannie,Keast,skeast46@stanford.edu,Genderfluid,247.170.188.207
152,Corene,Petrulis,cpetrulis47@army.mil,Female,89.128.248.33
153,Angelika,Shears,ashears48@tripod.com,Genderfluid,238.32.18.66
154,Juliet,Bordis,jbordis49@nifty.com,Agender,108.40.48.169
155,Ginelle,Skahill,gskahill4a@lulu.com,Genderqueer,14.94.111.25
156,Tracey,Keegan,tkeegan4b@patch.com,Agender,0.201.32.203
157,Tamera,Kelemen,tkelemen4c@zdnet.com,Genderqueer,20.142.135.71
158,Mellie,Stetson,mstetson4d@europa.eu,Genderqueer,137.10.80.187
159,Nappy,Scurlock,nscurlock4e@symantec.com,Non-binary,170.197.65.97
160,Timothea,Christophe,tchristophe4f@wikispaces.com,Bigender,209.121.211.16
161,Cornelia,de Voiels,cdevoiels4g@so-net.ne.jp,Female,103.36.155.128
162,Cyb,Danett,cdanett4h@google.co.uk,Genderfluid,177.31.125.173
163,Robinetta,Vreede,rvreede4i@rakuten.co.jp,Genderfluid,158.144.210.219
164,Jesse,Joan,jjoan4j@com.com,Bigender,30.110.224.223
165,Maybelle,Farquharson,mfarquharson4k@blinklist.com,Polygender,228.55.79.99
166,Prinz,Stuart,pstuart4l@dropbox.com,Genderqueer,169.86.143.87
167,Lurlene,Clutterham,lclutterham4m@cisco.com,Male,180.203.172.223
168,Minnnie,Howles,mhowles4n@blogger.com,Bigender,87.206.234.111
169,Katherina,Rider,krider4o@diigo.com,Genderqueer,97.208.11.149
170,Raynell,Cruces,rcruces4p@weebly.com,Polygender,207.47.98.31
171,Jeddy,Popelay,jpopelay4q@merriam-webster.com,Agender,213.99.116.189
172,Herold,Matthessen,hmatthessen4r@smh.com.au,Non-binary,5.4.22.138
173,Selinda,Tennison,stennison4s@godaddy.com,Male,94.29.33.69
174,Rosa,Colby,rcolby4t@skyrock.com,Agender,116.16.188.0
175,Wylma,Sallan,wsallan4u@ebay.com,Female,17.234.35.224
176,Lucas,Barukh,lbarukh4v@joomla.org,Genderfluid,0.239.224.160
177,Torrie,Giorgini,tgiorgini4w@yellowbook.com,Genderfluid,182.224.18.38
178,Noach,Kleewein,nkleewein4x@virginia.edu,Non-binary,159.209.243.178
179,Roman,Crosfield,rcrosfield4y@umn.edu,Agender,50.111.83.219
180,Lynde,Moore,lmoore4z@privacy.gov.au,Genderfluid,42.63.8.8
181,Sarajane,Bust,sbust50@dell.com,Female,37.218.59.108
182,Urson,Screwton,uscrewton51@canalblog.com,Genderqueer,65.215.84.35
183,Esra,Wynn,ewynn52@blinklist.com,Non-binary,210.173.4.116
184,Adelheid,Lambertazzi,alambertazzi53@ask.com,Genderfluid,103.221.245.34
185,Mickie,Lesor,mlesor54@slate.com,Polygender,31.210.198.213
186,Owen,Turrell,oturrell55@mac.com,Female,232.109.211.164
187,Rafe,Marran,rmarran56@twitter.com,Bigender,2.175.111.195
188,Jarvis,Ferres,jferres57@umich.edu,Agender,75.199.119.129
189,Heloise,de Banke,hdebanke58@latimes.com,Agender,152.13.171.94
190,Ellery,Cargon,ecargon59@flavors.me,Genderfluid,179.167.221.182
191,Dulci,Spyby,dspyby5a@biblegateway.com,Female,183.39.117.157
192,Delcine,Tassaker,dtassaker5b@privacy.gov.au,Bigender,215.126.155.101
193,Leon,Woodford,lwoodford5c@cornell.edu,Polygender,59.172.165.44
194,Myron,Josefsen,mjosefsen5d@symantec.com,Genderqueer,134.137.155.117
195,Lacie,Tulk,ltulk5e@arizona.edu,Bigender,169.158.198.90
196,Uri,Domerque,udomerque5f@netvibes.com,Genderqueer,125.5.174.157
197,Chip,Accum,caccum5g@naver.com,Female,48.16.10.58
198,Mikel,Mulligan,mmulligan5h@51.la,Male,118.247.203.238
199,Francisco,Treacher,ftreacher5i@earthlink.net,Agender,118.223.81.19
200,Crawford,Arents,carents5j@wikispaces.com,Genderqueer,199.101.223.98
201,Nichols,Halahan,nhalahan5k@google.fr,Male,66.33.194.85
202,Rockie,Sachno,rsachno5l@163.com,Genderqueer,4.78.174.179
203,Dode,St Angel,dstangel5m@instagram.com,Male,31.22.25.147
204,Gaylor,Aldrick,galdrick5n@e-recht24.de,Male,176.1.176.95
205,Bobbie,Cianelli,bcianelli5o@cbslocal.com,Agender,237.24.75.217
206,Charlotte,Surmeir,csurmeir5p@skyrock.com,Female,236.219.249.57
207,Graeme,Nudd,gnudd5q@hubpages.com,Bigender,150.149.27.63
208,Deny,Auchterlony,dauchterlony5r@shinystat.com,Female,32.67.117.86
209,Tony,Jeannequin,tjeannequin5s@bloglines.com,Non-binary,75.51.145.84
210,Angelika,Domerq,adomerq5t@symantec.com,Genderqueer,177.87.35.95
211,Saba,Dachs,sdachs5u@blogspot.com,Agender,225.106.98.184
212,Scarlett,Hegge,shegge5v@yahoo.co.jp,Genderfluid,150.218.57.246
213,Bari,Kemell,bkemell5w@nyu.edu,Genderqueer,169.10.45.185
214,Gian,Gillmor,ggillmor5x@canalblog.com,Genderqueer,243.66.67.116
215,Say,Chantillon,schantillon5y@dropbox.com,Male,254.97.187.120
216,Dorie,Christofor,dchristofor5z@npr.org,Genderqueer,17.198.154.182
217,Mela,Bamblett,mbamblett60@skyrock.com,Non-binary,196.189.245.126
218,Winna,Bunker,wbunker61@rakuten.co.jp,Genderfluid,113.114.243.40
219,Ingrim,Spooner,ispooner62@hubpages.com,Genderqueer,101.118.57.172
220,Emma,Pittway,epittway63@ycombinator.com,Genderqueer,169.186.202.53
221,Cate,Manach,cmanach64@noaa.gov,Male,168.241.68.91
222,Tabby,McGillivray,tmcgillivray65@amazonaws.com,Agender,209.184.118.26
223,Gusti,Nisot,gnisot66@facebook.com,Non-binary,142.198.98.85
224,Jeannette,Kiehl,jkiehl67@ucsd.edu,Genderqueer,84.128.130.45
225,Elene,Boater,eboater68@indiegogo.com,Agender,13.70.147.88
226,Sadye,Etty,setty69@indiatimes.com,Bigender,236.78.21.75
227,Ingra,Redgrove,iredgrove6a@weibo.com,Genderfluid,104.54.188.56
228,Tadeo,Gobel,tgobel6b@ibm.com,Agender,194.59.173.149
229,Gordan,Crafts,gcrafts6c@cmu.edu,Genderfluid,214.179.225.82
230,Diahann,Brinkler,dbrinkler6d@earthlink.net,Bigender,60.123.98.199
231,Dion,Joe,djoe6e@gmpg.org,Non-binary,140.251.25.229
232,Karlotta,Doran,kdoran6f@ovh.net,Genderfluid,65.15.125.17
233,Anders,Lindeberg,alindeberg6g@toplist.cz,Female,243.5.57.147
234,Andres,Curragh,acurragh6h@google.nl,Bigender,169.203.89.53
235,Kiele,Flippelli,kflippelli6i@networkadvertising.org,Non-binary,121.132.84.47
236,Marney,Mc Carrick,mmccarrick6j@a8.net,Genderfluid,126.117.227.141
237,Hyacinthe,Soame,hsoame6k@uol.com.br,Non-binary,93.245.15.178
238,Cathrin,Konzelmann,ckonzelmann6l@cbslocal.com,Genderfluid,240.49.206.51
239,Rube,Tuckley,rtuckley6m@hao123.com,Bigender,139.239.145.175
240,Denna,Ironside,dironside6n@ning.com,Female,50.178.131.171
241,Hermon,Jorcke,hjorcke6o@posterous.com,Agender,107.81.190.213
242,Tracie,Jurewicz,tjurewicz6p@jimdo.com,Bigender,237.95.58.228
243,Roselia,Gant,rgant6q@t-online.de,Bigender,167.112.127.246
244,Kaylyn,Addie,kaddie6r@drupal.org,Genderqueer,170.67.204.182
245,Farris,Flewin,fflewin6s@china.com.cn,Genderqueer,189.83.121.104
246,Milicent,Boath,mboath6t@angelfire.com,Genderfluid,18.65.59.133
247,Merrielle,Fotheringham,mfotheringham6u@house.gov,Non-binary,205.170.56.97
248,Aksel,Burtwell,aburtwell6v@sciencedirect.com,Male,109.203.25.239
249,Kalila,Binden,kbinden6w@cloudflare.com,Polygender,221.86.231.210
250,Thomasine,Lezemore,tlezemore6x@nifty.com,Non-binary,188.34.158.231
251,Bobina,Rudkin,brudkin6y@ucsd.edu,Polygender,197.191.41.138
252,Miner,Creagh,mcreagh6z@adobe.com,Genderfluid,221.61.234.194
253,Norby,Jedrychowski,njedrychowski70@wiley.com,Agender,56.151.131.105
254,Ricardo,Fritz,rfritz71@un.org,Non-binary,129.73.74.255
255,Sadye,Isakovic,sisakovic72@stumbleupon.com,Agender,139.6.92.40
256,Quintina,MacCarter,qmaccarter73@mozilla.org,Genderfluid,13.176.249.3
257,Ronda,Antyshev,rantyshev74@hhs.gov,Non-binary,148.117.179.92
258,Julianne,Grunwall,jgrunwall75@msn.com,Female,146.213.2.75
259,Hobie,Trye,htrye76@salon.com,Bigender,69.44.72.201
260,Isak,Emor,iemor77@discuz.net,Genderfluid,57.217.23.156
261,Hulda,Francklin,hfrancklin78@timesonline.co.uk,Polygender,58.128.167.107
262,Ethyl,McOwan,emcowan79@upenn.edu,Genderqueer,225.136.214.119
263,Berty,Lemmen,blemmen7a@rakuten.co.jp,Non-binary,221.21.215.35
264,Jehanna,Arrundale,jarrundale7b@sogou.com,Male,23.86.98.91
265,Garrick,Brobak,gbrobak7c@over-blog.com,Polygender,88.28.78.164
266,Dennis,Leile,dleile7d@ucla.edu,Non-binary,91.39.235.90
267,Dario,Riddiough,driddiough7e@soup.io,Genderfluid,46.43.157.101
268,Vidovic,Orr,vorr7f@jimdo.com,Agender,126.214.187.56
269,Arleen,Kleinhaut,akleinhaut7g@ucoz.com,Male,193.148.96.61
270,Basia,Eglise,beglise7h@umich.edu,Agender,77.13.53.243
271,Harlan,Monni,hmonni7i@cnn.com,Female,245.229.248.111
272,Alasdair,Durdan,adurdan7j@squarespace.com,Genderfluid,192.20.63.160
273,Sigmund,Lanfare,slanfare7k@jalbum.net,Female,101.209.195.124
274,Guntar,Dowdeswell,gdowdeswell7l@howstuffworks.com,Genderqueer,199.98.73.215
275,Gaynor,Fevers,gfevers7m@tmall.com,Polygender,89.74.118.83
276,Stace,Klass,sklass7n@tmall.com,Male,22.213.172.63
277,Kevin,Head,khead7o@hatena.ne.jp,Female,161.171.111.65
278,Parnell,Cryer,pcryer7p@typepad.com,Female,199.92.183.55
279,Sonnie,Wadmore,swadmore7q@huffingtonpost.com,Genderqueer,194.165.180.167
280,Debbie,Norcott,dnorcott7r@shareasale.com,Polygender,52.51.53.215
281,Kip,Hatter,khatter7s@list-manage.com,Agender,11.207.172.32
282,Alfi,Lantaff,alantaff7t@noaa.gov,Polygender,245.83.161.24
283,Grata,Bowsher,gbowsher7u@eventbrite.com,Female,95.59.39.81
284,Winnah,McCome,wmccome7v@is.gd,Genderfluid,142.238.59.249
285,Fairlie,Lucchi,flucchi7w@diigo.com,Male,7.60.201.33
286,Lilly,Fessby,lfessby7x@addthis.com,Polygender,160.202.159.175
287,Gradey,Di Biasi,gdibiasi7y@ox.ac.uk,Genderqueer,175.204.8.159
288,Lucas,Eacott,leacott7z@addthis.com,Bigender,110.93.92.185
289,Charin,Cunnane,ccunnane80@desdev.cn,Female,113.244.187.143
290,Dickie,Massingham,dmassingham81@phoca.cz,Genderqueer,105.24.247.250
291,Arty,Matt,amatt82@ca.gov,Agender,139.151.202.24
292,Warden,Prentice,wprentice83@example.com,Agender,116.211.118.148
293,Yorgo,Tiffany,ytiffany84@so-net.ne.jp,Genderfluid,138.112.51.98
294,Clarice,Petraitis,cpetraitis85@github.io,Agender,34.84.39.113
295,Hebert,Yurkevich,hyurkevich86@intel.com,Non-binary,220.71.25.58
296,Carey,Petroff,cpetroff87@comsenz.com,Agender,219.75.55.217
297,Nanny,Gellett,ngellett88@lycos.com,Female,254.162.143.72
298,Reinold,Bedham,rbedham89@github.com,Male,223.44.122.18
299,Anthony,Skakunas,askakunas8a@facebook.com,Genderfluid,93.38.151.22
300,Alexandre,Whyteman,awhyteman8b@cocolog-nifty.com,Genderqueer,49.235.63.34
301,Kori,Been,kbeen8c@hhs.gov,Non-binary,72.20.58.209
302,Virginia,Rannigan,vrannigan8d@1und1.de,Female,114.232.53.217
303,Kassia,Frodsam,kfrodsam8e@shop-pro.jp,Genderqueer,74.231.92.99
304,Karim,Camelia,kcamelia8f@hatena.ne.jp,Male,92.140.143.223
305,Fran,Newson,fnewson8g@shinystat.com,Agender,65.140.163.82
306,Kirby,Scarfe,kscarfe8h@geocities.com,Polygender,6.64.136.250
307,Hana,Pasfield,hpasfield8i@wiley.com,Male,131.95.191.89
308,Maribel,Evamy,mevamy8j@ucsd.edu,Non-binary,133.132.122.175
309,Aeriel,Brunetti,abrunetti8k@mit.edu,Genderfluid,209.177.81.160
310,Arden,Eastbury,aeastbury8l@wunderground.com,Genderfluid,84.11.17.223
311,Magda,Senyard,msenyard8m@purevolume.com,Agender,146.196.54.243
312,Sorcha,Defrain,sdefrain8n@fotki.com,Bigender,242.89.36.74
313,Katie,Seery,kseery8o@epa.gov,Polygender,145.188.0.228
314,Gusti,Stagge,gstagge8p@ucoz.com,Male,214.0.57.20
315,Norina,Kellitt,nkellitt8q@tinyurl.com,Polygender,178.146.189.123
316,Sigismond,Grimbleby,sgrimbleby8r@umn.edu,Genderfluid,107.233.12.158
317,Royall,O' Shea,roshea8s@mysql.com,Male,59.190.165.10
318,Roana,Yeldham,ryeldham8t@skyrock.com,Male,20.245.194.182
319,Kimberli,Forsdicke,kforsdicke8u@pagesperso-orange.fr,Female,239.163.120.82
320,Rutter,Probyn,rprobyn8v@latimes.com,Non-binary,152.162.104.21
321,Dougy,Oller,doller8w@kickstarter.com,Male,36.117.149.85
322,Xylia,Haxley,xhaxley8x@twitpic.com,Genderqueer,251.160.120.170
323,Laurent,Surmeyer,lsurmeyer8y@drupal.org,Female,230.85.61.47
324,Hermon,Hayselden,hhayselden8z@devhub.com,Bigender,174.150.193.137
325,Sianna,Trank,strank90@wp.com,Polygender,36.150.71.178
326,Marv,Ahearne,mahearne91@huffingtonpost.com,Female,168.123.206.73
327,Jerrie,Chesser,jchesser92@java.com,Non-binary,55.219.28.13
328,Ludwig,Boothby,lboothby93@washingtonpost.com,Genderfluid,196.52.100.53
329,Eudora,Loyd,eloyd94@friendfeed.com,Non-binary,56.129.2.155
330,Con,Mardoll,cmardoll95@mozilla.org,Non-binary,223.164.206.64
331,Roderich,Mocher,rmocher96@japanpost.jp,Male,238.109.136.75
332,Dilan,Shevlin,dshevlin97@acquirethisname.com,Female,188.197.131.253
333,Silvie,Dufore,sdufore98@ameblo.jp,Agender,186.213.49.108
334,Malynda,Piel,mpiel99@google.es,Non-binary,40.34.51.155
335,Milli,Burwell,mburwell9a@studiopress.com,Bigender,59.131.150.108
336,Pooh,Kislingbury,pkislingbury9b@stumbleupon.com,Genderqueer,130.209.245.106
337,Latrena,Cristoferi,lcristoferi9c@tinyurl.com,Male,86.133.191.213
338,Massimiliano,Rustidge,mrustidge9d@bbc.co.uk,Non-binary,101.5.97.163
339,Karil,Devers,kdevers9e@mozilla.com,Bigender,225.60.188.141
340,Noam,McKeaveney,nmckeaveney9f@cdbaby.com,Bigender,28.12.183.202
341,Star,Scothorne,sscothorne9g@theglobeandmail.com,Genderqueer,245.34.171.35
342,Cyrillus,Eastment,ceastment9h@un.org,Non-binary,126.125.154.210
343,Humphrey,Kalkofen,hkalkofen9i@indiegogo.com,Polygender,64.178.51.104
344,Jayne,Ditchett,jditchett9j@cpanel.net,Polygender,220.200.36.28
345,Rosmunda,Meuse,rmeuse9k@icio.us,Polygender,30.228.94.215
346,Pauline,Ogilby,pogilby9l@photobucket.com,Non-binary,108.55.17.50
347,Audrye,Hatliffe,ahatliffe9m@prnewswire.com,Agender,231.230.122.187
348,Serge,Bullimore,sbullimore9n@msn.com,Bigender,51.33.61.50
349,Lorain,Borgesio,lborgesio9o@hibu.com,Bigender,60.96.244.180
350,Marsha,Battell,mbattell9p@webmd.com,Polygender,81.241.55.73
351,Ariel,Fynan,afynan9q@wix.com,Bigender,11.22.72.233
352,Heddi,Shipsey,hshipsey9r@forbes.com,Genderqueer,228.43.136.122
353,Adeline,Sammars,asammars9s@over-blog.com,Non-binary,253.158.65.81
354,Duke,Catteroll,dcatteroll9t@moonfruit.com,Polygender,188.135.101.155
355,Briana,Weatherley,bweatherley9u@nhs.uk,Agender,210.138.216.175
356,Johnna,Littlechild,jlittlechild9v@dailymail.co.uk,Female,144.182.31.145
357,Viva,Cramphorn,vcramphorn9w@last.fm,Agender,107.59.163.21
358,Simone,Shimuk,sshimuk9x@smh.com.au,Female,156.34.195.151
359,Corny,Bleacher,cbleacher9y@elpais.com,Non-binary,236.189.115.239
360,Jaye,Dudson,jdudson9z@phoca.cz,Genderqueer,181.211.190.140
361,Wake,Tomlins,wtomlinsa0@clickbank.net,Agender,17.11.162.126
362,Zulema,Dewsnap,zdewsnapa1@xinhuanet.com,Polygender,94.250.130.42
363,Court,Librey,clibreya2@moonfruit.com,Bigender,41.17.238.59
364,Hazlett,Jockle,hjocklea3@nbcnews.com,Agender,79.81.9.58
365,Ethelred,Sliman,eslimana4@berkeley.edu,Genderfluid,197.144.53.83
366,Lilian,Kennefick,lkenneficka5@ed.gov,Polygender,254.85.0.10
367,Arline,Rosoman,arosomana6@miitbeian.gov.cn,Bigender,100.20.57.135
368,Appolonia,Anlay,aanlaya7@google.com,Polygender,59.204.4.244
369,Neale,Balam,nbalama8@zimbio.com,Agender,18.83.88.77
370,Christa,Lain,claina9@vk.com,Male,222.20.28.1
371,Cody,McReedy,cmcreedyaa@facebook.com,Genderqueer,145.143.18.80
372,Leonard,Pinnigar,lpinnigarab@jugem.jp,Agender,171.183.191.123
373,Selby,Reisenberg,sreisenbergac@businessweek.com,Polygender,4.199.122.92
374,Zelda,Nairne,znairnead@php.net,Genderqueer,255.171.64.81
375,Desmund,Lapsley,dlapsleyae@businessinsider.com,Male,26.7.214.77
376,Stanislaus,Simenot,ssimenotaf@pagesperso-orange.fr,Non-binary,84.48.96.146
377,Loria,Rizon,lrizonag@desdev.cn,Agender,103.240.194.159
378,Brandi,MacRanald,bmacranaldah@google.it,Polygender,86.229.156.83
379,Kareem,Broodes,kbroodesai@cargocollective.com,Male,200.181.207.186
380,Erl,Hubber,ehubberaj@github.com,Agender,80.153.227.62
381,Sibylle,Botwright,sbotwrightak@constantcontact.com,Non-binary,143.108.73.44
382,Huntington,Sidwick,hsidwickal@tripadvisor.com,Agender,176.148.5.26
383,Emelen,Cooley,ecooleyam@paypal.com,Polygender,153.68.98.119
384,Dyanna,Halpin,dhalpinan@prnewswire.com,Female,128.70.59.117
385,Olympia,Janaszewski,ojanaszewskiao@jiathis.com,Genderqueer,249.218.57.241
386,Iris,Coles,icolesap@cnet.com,Bigender,178.143.131.64
387,Denni,Boow,dboowaq@answers.com,Genderqueer,209.111.11.194
388,Kermy,Ollet,kolletar@clickbank.net,Polygender,231.6.47.138
389,Belia,Brinicombe,bbrinicombeas@twitpic.com,Agender,9.148.23.138
390,Cassi,Potteridge,cpotteridgeat@slideshare.net,Female,141.84.237.152
391,Grannie,Dungey,gdungeyau@google.nl,Genderfluid,68.238.157.58
392,Aleksandr,Girardengo,agirardengoav@stumbleupon.com,Bigender,137.62.252.199
393,Veronica,Moppett,vmoppettaw@homestead.com,Female,147.204.133.22
394,Joelie,Coenraets,jcoenraetsax@mozilla.org,Agender,247.34.226.202
395,Myrta,Miklem,mmiklemay@indiegogo.com,Genderqueer,135.98.224.209
396,Celia,Cokayne,ccokayneaz@oaic.gov.au,Female,71.29.42.200
397,Kirk,Levin,klevinb0@toplist.cz,Bigender,243.67.254.1
398,Mickie,Corneljes,mcorneljesb1@tinyurl.com,Female,72.133.58.147
399,Fernando,Arzu,farzub2@hud.gov,Agender,89.22.144.153
400,Armin,Youthed,ayouthedb3@businessweek.com,Non-binary,168.100.33.252
401,Avigdor,Enterlein,aenterleinb4@t-online.de,Bigender,147.73.183.165
402,Jedidiah,Reddihough,jreddihoughb5@mozilla.com,Female,249.186.100.2
403,Felita,Mattea,fmatteab6@gov.uk,Bigender,208.241.232.232
404,Taylor,Van der Daal,tvanderdaalb7@amazon.co.uk,Bigender,186.237.98.175
405,Dionis,Kurth,dkurthb8@meetup.com,Polygender,62.91.98.119
406,Regine,Kampshell,rkampshellb9@abc.net.au,Agender,14.182.195.13
407,Lombard,Walsh,lwalshba@virginia.edu,Male,50.245.96.137
408,Janek,Trulocke,jtrulockebb@tamu.edu,Agender,247.145.156.145
409,Toby,Clemendet,tclemendetbc@usa.gov,Non-binary,10.61.104.70
410,Lutero,Daftor,ldaftorbd@digg.com,Genderqueer,74.225.234.12
411,Mathias,Surpliss,msurplissbe@fotki.com,Polygender,151.128.47.168
412,Pauletta,Sargent,psargentbf@samsung.com,Non-binary,254.9.112.200
413,Leshia,Trowsdall,ltrowsdallbg@weibo.com,Female,108.44.75.77
414,Leia,Springall,lspringallbh@economist.com,Genderfluid,63.103.54.153
415,Joellen,Vigne,jvignebi@bloomberg.com,Female,111.183.70.54
416,Trista,Topley,ttopleybj@posterous.com,Male,209.50.23.62
417,Eli,Sneesbie,esneesbiebk@wunderground.com,Female,111.208.82.143
418,Adore,Pegg,apeggbl@163.com,Agender,238.174.94.234
419,Jillie,Pafford,jpaffordbm@friendfeed.com,Agender,215.112.91.143
420,Julie,McConnel,jmcconnelbn@sciencedirect.com,Non-binary,11.222.156.45
421,Nydia,Boocock,nboocockbo@google.com.br,Female,104.245.188.154
422,Blondie,Haile,bhailebp@mayoclinic.com,Bigender,85.34.209.23
423,Sig,Mcwhinnie,smcwhinniebq@usgs.gov,Non-binary,235.225.77.141
424,Hayyim,Yusupov,hyusupovbr@360.cn,Genderqueer,243.84.217.80
425,Ivar,Norgan,inorganbs@printfriendly.com,Genderfluid,133.72.33.241
426,Linn,Rendall,lrendallbt@ca.gov,Agender,5.145.139.27
427,Malchy,Witherby,mwitherbybu@earthlink.net,Non-binary,42.170.72.159
428,Lloyd,Pettican,lpetticanbv@army.mil,Genderqueer,28.66.247.193
429,Wash,Klambt,wklambtbw@washington.edu,Bigender,50.95.223.66
430,Abra,Dyett,adyettbx@army.mil,Genderfluid,81.28.5.209
431,Cornie,Maclaine,cmaclaineby@google.it,Genderqueer,250.34.227.244
432,Freddie,Rodgerson,frodgersonbz@pcworld.com,Non-binary,171.254.210.190
433,Farah,Cornil,fcornilc0@tripadvisor.com,Bigender,223.50.66.175
434,Forester,Copestick,fcopestickc1@1und1.de,Genderqueer,122.143.171.144
435,Elianora,Urey,eureyc2@pagesperso-orange.fr,Non-binary,163.69.174.55
436,Franky,Cottel,fcottelc3@booking.com,Polygender,144.35.166.196
437,Catie,Petkens,cpetkensc4@digg.com,Bigender,237.160.247.148
438,Allyn,Trevor,atrevorc5@businesswire.com,Polygender,196.141.171.151
439,Jemima,Chesters,jchestersc6@nasa.gov,Polygender,4.71.64.100
440,Rutter,Vasilenko,rvasilenkoc7@simplemachines.org,Female,166.197.186.114
441,Josephine,Lanmeid,jlanmeidc8@hubpages.com,Female,183.201.47.80
442,Elicia,Ginley,eginleyc9@fotki.com,Agender,26.99.203.232
443,Vivian,Geertje,vgeertjeca@latimes.com,Agender,205.107.179.57
444,Rene,Lebbern,rlebberncb@netscape.com,Genderfluid,104.75.51.199
445,Stanislas,Lye,slyecc@jugem.jp,Polygender,216.148.53.247
446,Antonietta,Pleming,aplemingcd@opera.com,Genderqueer,10.114.229.12
447,Lizzie,Twelve,ltwelvece@mozilla.com,Male,124.162.143.182
448,Deedee,Martinets,dmartinetscf@uiuc.edu,Genderqueer,15.28.218.215
449,Andreana,Hearmon,ahearmoncg@gizmodo.com,Bigender,211.50.13.117
450,Lura,Laffling,llafflingch@youtube.com,Male,128.118.215.77
451,Roanna,Morforth,rmorforthci@dagondesign.com,Genderqueer,120.37.47.173
452,Odelia,Noell,onoellcj@sphinn.com,Male,13.121.175.126
453,Charin,Dymoke,cdymokeck@msu.edu,Genderfluid,165.241.148.32
454,Rance,Burmaster,rburmastercl@loc.gov,Non-binary,67.140.231.51
455,Lise,Pickering,lpickeringcm@mozilla.org,Bigender,100.56.244.219
456,Engelbert,Hogsden,ehogsdencn@shareasale.com,Genderqueer,16.4.83.119
457,Marian,Fairholme,mfairholmeco@geocities.com,Female,103.120.148.41
458,Joella,Heersma,jheersmacp@census.gov,Genderqueer,70.138.98.176
459,Wynnie,Livett,wlivettcq@paginegialle.it,Female,95.241.42.82
460,Jerald,Hurley,jhurleycr@google.co.jp,Genderfluid,1.50.43.140
461,Byron,Campion,bcampioncs@wunderground.com,Genderqueer,174.0.197.193
462,Sonja,Schreiner,sschreinerct@time.com,Non-binary,198.237.149.73
463,Mary,Wolfendale,mwolfendalecu@bloglovin.com,Female,250.43.53.232
464,Gertie,Ipsley,gipsleycv@freewebs.com,Bigender,249.242.227.81
465,Faustina,Massel,fmasselcw@examiner.com,Genderfluid,240.151.28.85
466,Sinclare,Barfitt,sbarfittcx@etsy.com,Genderqueer,32.142.76.96
467,Rosalia,Wannop,rwannopcy@wp.com,Polygender,2.158.71.94
468,Bronny,Large,blargecz@shareasale.com,Male,170.234.20.121
469,Marshal,Zupone,mzuponed0@vkontakte.ru,Male,248.75.92.184
470,Wait,Nelane,wnelaned1@sun.com,Polygender,82.198.137.26
471,Shaw,Tight,stightd2@ucla.edu,Bigender,106.37.14.222
472,Jerrilyn,Trevillion,jtrevilliond3@mapy.cz,Female,205.143.91.196
473,Austina,Barrowclough,abarrowcloughd4@seattletimes.com,Genderqueer,3.250.116.232
474,Stanford,Maciaszek,smaciaszekd5@instagram.com,Genderqueer,6.32.27.199
475,Kort,Sturdgess,ksturdgessd6@sciencedaily.com,Agender,189.152.185.253
476,Jermaine,Antosch,jantoschd7@google.co.uk,Bigender,136.121.18.21
477,Kele,Ehlerding,kehlerdingd8@addtoany.com,Genderfluid,55.214.231.208
478,Fanya,Barreau,fbarreaud9@sbwire.com,Genderfluid,74.87.86.210
479,Ivonne,Anyon,ianyonda@springer.com,Non-binary,251.86.223.20
480,Agneta,Scown,ascowndb@wix.com,Non-binary,31.26.122.177
481,Yolanthe,Spencers,yspencersdc@friendfeed.com,Female,5.49.27.253
482,Nanete,Abramovicz,nabramoviczdd@qq.com,Bigender,145.213.44.177
483,Cristionna,Byrde,cbyrdede@cocolog-nifty.com,Agender,195.201.156.45
484,Erinna,Atherley,eatherleydf@microsoft.com,Bigender,252.148.222.130
485,Patty,Ricardot,pricardotdg@google.ru,Genderqueer,148.101.82.130
486,Delphine,Gareisr,dgareisrdh@zdnet.com,Agender,203.211.205.231
487,Rori,Sayles,rsaylesdi@creativecommons.org,Genderqueer,218.48.58.209
488,Barbette,Forde,bfordedj@time.com,Non-binary,132.215.71.13
489,Jason,Spain-Gower,jspaingowerdk@webnode.com,Bigender,116.106.115.107
490,Elonore,Perford,eperforddl@techcrunch.com,Agender,98.50.228.69
491,Maurie,Bamfield,mbamfielddm@google.it,Polygender,208.173.212.241
492,Alexia,Delacote,adelacotedn@google.es,Genderqueer,80.189.79.119
493,Guendolen,Keepence,gkeepencedo@hud.gov,Polygender,62.168.73.190
494,Konrad,Ife,kifedp@ask.com,Genderfluid,118.214.233.108
495,Kimble,Turmel,kturmeldq@cdc.gov,Bigender,147.74.211.233
496,Verine,Lippett,vlippettdr@ning.com,Genderfluid,37.194.183.0
497,Georgeanna,Guly,ggulyds@cyberchimps.com,Bigender,115.138.76.172
498,Bunni,Zoephel,bzoepheldt@blog.com,Genderqueer,105.158.163.68
499,Joey,Swindley,jswindleydu@sun.com,Polygender,193.206.85.135
500,Randie,Stede,rstededv@ocn.ne.jp,Agender,166.31.246.127
501,Viviyan,Omond,vomonddw@wix.com,Polygender,254.190.162.31
502,Benedikta,Van Bruggen,bvanbruggendx@sciencedirect.com,Female,236.232.121.215
503,Mufi,Mullarkey,mmullarkeydy@linkedin.com,Non-binary,59.83.197.11
504,Bradley,Mc Comb,bmccombdz@narod.ru,Female,129.236.15.88
505,Bonnibelle,Moyler,bmoylere0@dot.gov,Male,87.127.24.99
506,Land,Wyley,lwyleye1@va.gov,Male,135.15.223.109
507,Keely,MacDearmaid,kmacdearmaide2@msn.com,Male,162.5.170.98
508,Michele,Bloore,mblooree3@mac.com,Male,181.135.145.7
509,Daisie,Upstell,dupstelle4@bbc.co.uk,Female,119.111.26.236
510,Kelli,Seton,ksetone5@dell.com,Genderfluid,198.67.76.114
511,Camilla,Matthaus,cmatthause6@abc.net.au,Polygender,81.136.204.9
512,Jyoti,Tims,jtimse7@skyrock.com,Male,14.190.79.237
513,Ahmed,Hookes,ahookese8@narod.ru,Bigender,152.106.205.36
514,Cherida,Ianittello,cianittelloe9@who.int,Agender,81.32.25.13
515,Ricki,Diem,rdiemea@diigo.com,Non-binary,246.236.249.160
516,Douglass,Skene,dskeneeb@acquirethisname.com,Male,124.251.235.212
517,Alanson,Artz,aartzec@geocities.jp,Polygender,88.240.233.241
518,Bud,Millen,bmillened@stanford.edu,Male,167.47.195.57
519,Duane,Blant,dblantee@google.ru,Male,255.19.223.115
520,Ashly,Dello,adelloef@macromedia.com,Genderfluid,51.171.75.66
521,Dasi,Camm,dcammeg@nba.com,Genderfluid,227.41.205.30
522,Evangelia,Cristofori,ecristoforieh@blogger.com,Male,115.137.160.204
523,Leesa,Suttle,lsuttleei@amazon.com,Genderfluid,136.182.34.213
524,Lem,Molloy,lmolloyej@disqus.com,Bigender,137.248.158.27
525,Vivianna,Leguey,vlegueyek@xing.com,Male,212.13.119.162
526,Dolph,Murrie,dmurrieel@miibeian.gov.cn,Female,140.57.144.167
527,Gratia,Enticott,genticottem@baidu.com,Genderqueer,140.217.170.223
528,Pru,Ridgwell,pridgwellen@storify.com,Genderfluid,200.172.160.61
529,Derek,Dikle,ddikleeo@ycombinator.com,Non-binary,248.73.151.214
530,Georgena,Bruun,gbruunep@stanford.edu,Female,88.80.129.243
531,Waneta,Buye,wbuyeeq@ifeng.com,Non-binary,145.71.161.6
532,Julie,Fenemore,jfenemoreer@imdb.com,Male,184.7.143.69
533,Krista,O'Farrell,kofarrelles@bizjournals.com,Bigender,238.162.103.200
534,Nalani,Load,nloadet@jigsy.com,Polygender,0.67.184.163
535,Sly,Rance,sranceeu@instagram.com,Male,84.197.58.145
536,Lillian,Alexsandrov,lalexsandrovev@godaddy.com,Non-binary,62.85.169.108
537,Tobye,Lundbech,tlundbechew@blogtalkradio.com,Bigender,5.113.0.6
538,Charyl,Rilton,criltonex@163.com,Bigender,0.225.19.79
539,Janine,Foort,jfoortey@answers.com,Genderqueer,196.103.167.198
540,Isabelita,Batts,ibattsez@qq.com,Agender,117.240.237.245
541,Natassia,Fassum,nfassumf0@lycos.com,Male,235.50.236.109
542,Clarabelle,Goudman,cgoudmanf1@admin.ch,Genderfluid,65.93.190.161
543,Lindie,Eastbury,leastburyf2@symantec.com,Genderqueer,36.61.73.80
544,Roy,McConigal,rmcconigalf3@theatlantic.com,Polygender,200.39.186.150
545,Leanor,Hanna,lhannaf4@amazon.de,Bigender,30.57.154.4
546,Giffy,Gilbody,ggilbodyf5@icio.us,Female,41.131.117.124
547,Bernard,Slay,bslayf6@creativecommons.org,Non-binary,81.127.196.32
548,Phil,Pendrich,ppendrichf7@techcrunch.com,Genderfluid,221.59.215.37
549,Winthrop,Vardey,wvardeyf8@cafepress.com,Non-binary,171.127.100.203
550,Judas,Killingbeck,jkillingbeckf9@plala.or.jp,Genderqueer,170.33.25.179
551,Iolande,Tween,itweenfa@phpbb.com,Polygender,42.171.244.199
552,Afton,Sibun,asibunfb@comcast.net,Genderqueer,11.225.133.118
553,Inigo,Upsale,iupsalefc@dmoz.org,Agender,93.236.151.25
554,L;urette,Livesey,lliveseyfd@stanford.edu,Polygender,84.145.252.47
555,Cristiano,Pitbladdo,cpitbladdofe@behance.net,Male,92.174.236.59
556,Raddie,Skoggins,rskogginsff@pen.io,Female,77.234.85.227
557,Matty,Yurtsev,myurtsevfg@hexun.com,Polygender,67.175.181.29
558,Karry,Dietzler,kdietzlerfh@army.mil,Polygender,73.145.56.130
559,Chet,Giraudou,cgiraudoufi@va.gov,Non-binary,231.177.99.115
560,Francklin,Gleadhall,fgleadhallfj@linkedin.com,Agender,50.105.127.40
561,Kareem,Gumm,kgummfk@shareasale.com,Genderfluid,150.128.85.167
562,Shelley,Cookson,scooksonfl@liveinternet.ru,Genderfluid,86.173.69.222
563,Joela,Lavington,jlavingtonfm@cloudflare.com,Genderqueer,176.178.54.12
564,Tabina,Plumstead,tplumsteadfn@infoseek.co.jp,Agender,174.28.112.241
565,Josey,Slyme,jslymefo@edublogs.org,Polygender,174.129.20.215
566,Wernher,De Francesco,wdefrancescofp@washington.edu,Genderqueer,160.118.169.120
567,Mahala,Shallow,mshallowfq@msn.com,Male,66.218.93.79
568,Henriette,Pancoast,hpancoastfr@ca.gov,Female,128.32.70.21
569,Emmalynn,Scolli,escollifs@discuz.net,Genderqueer,158.132.29.150
570,Fredericka,Gildroy,fgildroyft@irs.gov,Non-binary,17.12.239.38
571,Avram,Dreus,adreusfu@ox.ac.uk,Male,37.74.36.183
572,Douglass,Corkill,dcorkillfv@exblog.jp,Male,171.133.2.169
573,Nico,Januszewski,njanuszewskifw@prnewswire.com,Non-binary,149.209.102.214
574,Kanya,Messruther,kmessrutherfx@nps.gov,Female,122.191.235.246
575,Chick,Hubbis,chubbisfy@booking.com,Bigender,148.25.13.114
576,Kim,Bencher,kbencherfz@wsj.com,Non-binary,66.46.105.218
577,Carmen,Coucha,ccouchag0@so-net.ne.jp,Female,37.66.214.244
578,Carley,Manville,cmanvilleg1@technorati.com,Agender,99.215.17.167
579,Cristal,Naisbitt,cnaisbittg2@blinklist.com,Bigender,227.122.152.150
580,Ludovika,Adrian,ladriang3@seattletimes.com,Genderqueer,201.40.59.253
581,Torey,McInteer,tmcinteerg4@uol.com.br,Polygender,243.30.233.213
582,Farrah,Sanchiz,fsanchizg5@usgs.gov,Bigender,204.153.32.30
583,Nobe,Alywin,nalywing6@shop-pro.jp,Polygender,98.13.160.1
584,Elisabeth,Dmitrichenko,edmitrichenkog7@china.com.cn,Agender,21.223.56.29
585,Thaxter,Mouncher,tmouncherg8@shareasale.com,Agender,101.241.148.115
586,Anastassia,O'Shiels,aoshielsg9@forbes.com,Polygender,251.7.219.83
587,Sascha,Redwall,sredwallga@vimeo.com,Female,151.191.143.145
588,Desi,Sommerly,dsommerlygb@de.vu,Genderqueer,88.46.235.49
589,Cullan,Wiltsher,cwiltshergc@merriam-webster.com,Genderfluid,220.102.154.132
590,Chet,Grossier,cgrossiergd@google.com.hk,Agender,157.154.207.184
591,Adham,Buckam,abuckamge@harvard.edu,Male,35.45.83.165
592,Lila,McNeely,lmcneelygf@alexa.com,Genderfluid,31.231.146.97
593,Yolane,Ricketts,yrickettsgg@e-recht24.de,Genderfluid,202.142.111.84
594,Jacklin,Hullot,jhullotgh@irs.gov,Agender,106.158.72.131
595,Roma,Spavins,rspavinsgi@omniture.com,Female,159.216.50.205
596,Kym,Haydney,khaydneygj@people.com.cn,Genderfluid,246.106.99.2
597,Cherice,Dowsett,cdowsettgk@europa.eu,Female,79.44.217.7
598,Tammi,Wilds,twildsgl@wikia.com,Bigender,61.5.2.171
599,Alexandro,Jaquiss,ajaquissgm@mac.com,Female,74.2.154.255
600,Nevile,Evangelinos,nevangelinosgn@xing.com,Female,32.66.40.202
601,Ravid,Bruck,rbruckgo@freewebs.com,Bigender,217.62.114.201
602,Blake,Clowser,bclowsergp@bizjournals.com,Non-binary,6.3.62.184
603,Barn,Tynewell,btynewellgq@arstechnica.com,Bigender,125.94.11.219
604,Hillary,Overstall,hoverstallgr@privacy.gov.au,Genderqueer,7.70.16.208
605,Winna,Guiot,wguiotgs@amazon.de,Agender,131.216.148.249
606,Franklin,Duchesne,fduchesnegt@virginia.edu,Agender,87.8.181.68
607,Tuesday,Brownhall,tbrownhallgu@mashable.com,Female,237.224.125.126
608,Lindsey,Eakin,leakingv@storify.com,Genderfluid,191.55.81.172
609,Oby,Kearns,okearnsgw@census.gov,Bigender,196.42.242.93
610,Ada,Southouse,asouthousegx@twitpic.com,Polygender,12.58.85.42
611,Tedda,Rainsdon,trainsdongy@gmpg.org,Genderfluid,23.196.146.4
612,Drucill,Bingell,dbingellgz@goo.gl,Genderfluid,171.157.60.53
613,Ferdinand,Gladwell,fgladwellh0@sourceforge.net,Agender,79.87.112.5
614,Llywellyn,Sapena,lsapenah1@reuters.com,Male,107.29.187.8
615,Brunhilde,Vannoni,bvannonih2@adobe.com,Female,231.47.93.13
616,Darrel,Puttergill,dputtergillh3@networksolutions.com,Female,202.221.121.165
617,Jammal,Meakin,jmeakinh4@hud.gov,Genderfluid,75.48.166.40
618,Lula,Poundford,lpoundfordh5@accuweather.com,Non-binary,63.199.234.20
619,Dulsea,Dedmam,ddedmamh6@ed.gov,Polygender,67.243.118.161
620,Madalena,Grichukhin,mgrichukhinh7@purevolume.com,Genderqueer,82.69.152.252
621,Lauren,McCorkell,lmccorkellh8@psu.edu,Polygender,144.128.83.239
622,Coriss,Joslow,cjoslowh9@phoca.cz,Polygender,161.147.227.185
623,Hamish,Charkham,hcharkhamha@sun.com,Polygender,246.81.127.231
624,Jeramie,Stockill,jstockillhb@yale.edu,Male,247.25.255.145
625,Neville,Franzotto,nfranzottohc@skyrock.com,Genderqueer,53.81.22.198
626,Val,Payler,vpaylerhd@businesswire.com,Female,64.71.30.238
627,Benedikt,Wittier,bwittierhe@hc360.com,Female,79.13.200.43
628,Zedekiah,Baddiley,zbaddileyhf@discovery.com,Genderqueer,196.232.30.67
629,Giselle,McKintosh,gmckintoshhg@seesaa.net,Genderfluid,62.214.47.98
630,Fin,Charpin,fcharpinhh@g.co,Agender,232.52.253.238
631,Marion,Trathen,mtrathenhi@mail.ru,Genderqueer,15.250.216.61
632,Luciano,Gammet,lgammethj@e-recht24.de,Polygender,109.220.66.250
633,Wittie,Conquer,wconquerhk@fotki.com,Non-binary,8.148.155.199
634,Michelina,Belson,mbelsonhl@netscape.com,Bigender,33.9.200.109
635,Cherilynn,Basire,cbasirehm@imageshack.us,Genderqueer,247.43.245.15
636,Mark,Netherclift,mnetherclifthn@mashable.com,Genderqueer,4.189.51.56
637,Wesley,Moston,wmostonho@feedburner.com,Male,174.234.255.88
638,Cobbie,Vallender,cvallenderhp@php.net,Agender,121.239.9.130
639,Laureen,Cramphorn,lcramphornhq@yale.edu,Female,54.93.229.202
640,Aubree,Joyce,ajoycehr@ning.com,Polygender,181.155.95.122
641,Geralda,Smellie,gsmelliehs@hao123.com,Non-binary,248.60.191.91
642,Lev,Mebs,lmebsht@mtv.com,Female,186.8.240.32
643,Costanza,Meak,cmeakhu@zimbio.com,Genderfluid,155.236.173.3
644,Steve,Mathiassen,smathiassenhv@elegantthemes.com,Agender,250.201.82.152
645,Dotty,Baffin,dbaffinhw@netvibes.com,Non-binary,32.99.210.255
646,Claudina,Winkell,cwinkellhx@japanpost.jp,Bigender,85.218.40.248
647,Ginnifer,Bellinger,gbellingerhy@fema.gov,Male,66.155.66.163
648,Danette,Atlay,datlayhz@aol.com,Bigender,113.10.78.87
649,Benji,Sapena,bsapenai0@simplemachines.org,Male,80.113.176.201
650,Filide,Kilfeder,fkilfederi1@fastcompany.com,Genderfluid,102.44.91.190
651,Claudio,Edwinson,cedwinsoni2@twitter.com,Bigender,28.119.199.135
652,Filberto,Reimers,freimersi3@senate.gov,Bigender,238.206.140.69
653,Chloris,Grindley,cgrindleyi4@army.mil,Female,144.146.179.204
654,Erastus,Kemmey,ekemmeyi5@ask.com,Polygender,78.203.12.181
655,Sella,Lumly,slumlyi6@google.pl,Genderfluid,151.30.235.170
656,Jamesy,Durrant,jdurranti7@tmall.com,Genderfluid,93.222.212.104
657,Fidela,Napper,fnapperi8@tamu.edu,Polygender,99.242.94.74
658,Hercules,Allgood,hallgoodi9@va.gov,Genderqueer,157.133.83.76
659,Shurlocke,Treffrey,streffreyia@indiatimes.com,Genderfluid,217.17.224.104
660,Theobald,Girardeau,tgirardeauib@stanford.edu,Female,90.76.43.152
661,Cross,Drewell,cdrewellic@boston.com,Bigender,152.192.201.141
662,Marya,Hows,mhowsid@rediff.com,Agender,40.178.129.231
663,Harris,Legrand,hlegrandie@berkeley.edu,Genderqueer,235.123.104.167
664,Sheeree,Beglin,sbeglinif@samsung.com,Polygender,144.247.161.121
665,Frankie,Castellone,fcastelloneig@friendfeed.com,Male,169.32.90.10
666,Rheta,Fidler,rfidlerih@marriott.com,Male,47.175.221.244
667,Bail,Fullerton,bfullertonii@soup.io,Genderqueer,169.226.120.202
668,Phillipe,Agate,pagateij@psu.edu,Genderqueer,248.198.211.82
669,Tuck,Rowntree,trowntreeik@gizmodo.com,Bigender,255.5.51.149
670,Lori,Baurerich,lbaurerichil@bluehost.com,Agender,27.176.9.32
671,Gery,Simmank,gsimmankim@sfgate.com,Genderqueer,137.174.29.25
672,Jamie,Emig,jemigin@amazon.com,Polygender,193.106.159.79
673,Lacey,Roggeman,lroggemanio@google.ru,Non-binary,206.106.83.214
674,Korie,Woodroof,kwoodroofip@booking.com,Genderqueer,95.79.62.64
675,Stevana,Martinet,smartinetiq@blog.com,Genderfluid,2.42.97.27
676,Ginny,Rapinett,grapinettir@amazon.com,Female,18.250.61.78
677,Melisandra,Goatcher,mgoatcheris@creativecommons.org,Genderfluid,165.107.108.9
678,Godfrey,Heintze,gheintzeit@dedecms.com,Agender,110.45.163.46
679,Felice,Ottam,fottamiu@examiner.com,Female,13.225.254.102
680,Torrence,Casemore,tcasemoreiv@a8.net,Genderfluid,34.203.161.62
681,Sandie,Moodie,smoodieiw@lulu.com,Genderqueer,78.243.105.34
682,Cammie,Hurll,churllix@people.com.cn,Female,162.235.33.170
683,Philbert,Cuniffe,pcuniffeiy@multiply.com,Polygender,57.226.152.212
684,Reinold,Baton,rbatoniz@wix.com,Female,190.135.15.170
685,Adler,Lathom,alathomj0@arizona.edu,Polygender,221.133.160.61
686,Nannette,Brownsey,nbrownseyj1@jalbum.net,Female,15.113.54.40
687,Grantley,Hanigan,ghaniganj2@example.com,Genderfluid,168.239.171.66
688,Bren,Scones,bsconesj3@facebook.com,Female,158.84.4.150
689,Jacquie,Witts,jwittsj4@sciencedaily.com,Male,128.153.50.219
690,Tarah,Pentin,tpentinj5@java.com,Non-binary,57.157.74.149
691,Constantine,Workman,cworkmanj6@dagondesign.com,Genderfluid,176.183.141.137
692,Jayme,Biggen,jbiggenj7@networksolutions.com,Genderfluid,215.169.104.157
693,Patty,Seiler,pseilerj8@sciencedirect.com,Agender,40.50.83.82
694,Cass,Paolone,cpaolonej9@hexun.com,Polygender,46.235.71.242
695,Ardelle,Pietruszka,apietruszkaja@so-net.ne.jp,Polygender,104.255.121.229
696,Pierce,Fidelli,pfidellijb@gmpg.org,Genderqueer,127.104.10.136
697,Elyse,Pragnell,epragnelljc@soup.io,Genderqueer,49.23.182.32
698,Charley,Hoovart,choovartjd@cbc.ca,Non-binary,53.113.90.30
699,Drud,Lightbourn,dlightbournje@timesonline.co.uk,Genderfluid,69.239.64.250
700,Geneva,Andrzejowski,gandrzejowskijf@boston.com,Bigender,57.124.141.136
701,Jany,Fudger,jfudgerjg@blogger.com,Non-binary,105.237.166.123
702,Broddy,Leppard,bleppardjh@zdnet.com,Female,141.155.92.116
703,Harwell,Heaphy,hheaphyji@reuters.com,Genderfluid,118.150.194.96
704,Cassie,Redman,credmanjj@gizmodo.com,Male,207.25.170.95
705,Suzette,Porteous,sporteousjk@ted.com,Non-binary,124.16.85.174
706,Reggie,Husbands,rhusbandsjl@slate.com,Genderfluid,225.124.26.235
707,Darby,Groombridge,dgroombridgejm@oaic.gov.au,Agender,62.115.80.127
708,Joseph,Itzkovici,jitzkovicijn@sphinn.com,Polygender,200.109.111.233
709,Yorgo,Comiam,ycomiamjo@bluehost.com,Genderqueer,223.194.104.166
710,Ferguson,Craigg,fcraiggjp@nih.gov,Bigender,204.195.4.11
711,Bryana,Cadany,bcadanyjq@ft.com,Female,151.194.253.9
712,Karlotta,Buntin,kbuntinjr@shinystat.com,Male,160.157.237.180
713,Sonni,Rubenov,srubenovjs@example.com,Female,226.95.235.88
714,Audi,Tacker,atackerjt@va.gov,Genderfluid,88.136.170.39
715,Yale,Kinnin,ykinninju@drupal.org,Non-binary,15.27.120.52
716,Gradey,Groucutt,ggroucuttjv@eventbrite.com,Male,218.54.135.240
717,Arin,Sacchetti,asacchettijw@ovh.net,Female,112.161.60.97
718,Blondie,Woodcroft,bwoodcroftjx@bbc.co.uk,Male,40.115.157.206
719,Joannes,Oganian,joganianjy@acquirethisname.com,Male,51.86.178.111
720,Meir,Shropsheir,mshropsheirjz@ehow.com,Polygender,170.67.152.238
721,Breena,Blastock,bblastockk0@cbc.ca,Female,115.151.166.30
722,Peria,Nosworthy,pnosworthyk1@bluehost.com,Female,252.99.59.183
723,Adaline,Orton,aortonk2@usa.gov,Non-binary,237.81.208.19
724,Claudine,Yerlett,cyerlettk3@mediafire.com,Polygender,87.61.101.185
725,Karlotta,Escoffrey,kescoffreyk4@purevolume.com,Male,1.48.24.209
726,Foster,Goulter,fgoulterk5@nps.gov,Genderqueer,98.181.29.148
727,Opal,Ambrosio,oambrosiok6@so-net.ne.jp,Genderqueer,162.167.142.22
728,Sasha,Dorking,sdorkingk7@washingtonpost.com,Genderfluid,37.25.166.122
729,Hillery,Haythorne,hhaythornek8@techcrunch.com,Agender,212.114.149.66
730,Chloe,Happer,chapperk9@adobe.com,Agender,235.151.193.36
731,Tully,Reims,treimska@blinklist.com,Male,53.60.194.255
732,Marga,Prince,mprincekb@webnode.com,Genderfluid,22.147.200.254
733,Ludovico,Goade,lgoadekc@google.co.jp,Non-binary,252.241.85.59
734,Kennith,Inkpen,kinkpenkd@prnewswire.com,Male,240.179.111.108
735,Shaylah,Cody,scodyke@weibo.com,Female,127.231.197.138
736,Corbie,Kordovani,ckordovanikf@behance.net,Female,4.100.31.125
737,Corly,Ventum,cventumkg@irs.gov,Non-binary,29.244.20.163
738,Hamlin,Halesworth,hhalesworthkh@desdev.cn,Genderfluid,76.204.134.39
739,Bayard,Choak,bchoakki@spotify.com,Non-binary,223.88.180.217
740,Hedvig,Domenichini,hdomenichinikj@slate.com,Bigender,12.183.170.36
741,Jolynn,Smalley,jsmalleykk@about.me,Non-binary,171.144.1.224
742,Leonora,Smalls,lsmallskl@mozilla.org,Genderqueer,146.39.67.62
743,Bess,Haldane,bhaldanekm@privacy.gov.au,Genderfluid,36.250.207.255
744,Brina,Kellie,bkelliekn@upenn.edu,Female,205.145.211.139
745,Marice,Rentz,mrentzko@salon.com,Polygender,81.164.126.80
746,Bell,Greenhill,bgreenhillkp@homestead.com,Genderfluid,61.150.39.138
747,Alastair,Battson,abattsonkq@webeden.co.uk,Polygender,244.236.202.199
748,Richy,Golsworthy,rgolsworthykr@amazon.com,Genderqueer,206.70.57.133
749,Rock,Bessett,rbessettks@vimeo.com,Polygender,92.79.198.11
750,Kristina,Setterfield,ksetterfieldkt@skyrock.com,Bigender,247.114.74.132
751,Sax,Dorber,sdorberku@webs.com,Male,111.232.13.77
752,Hildagarde,Pinilla,hpinillakv@thetimes.co.uk,Female,50.165.67.218
753,Abbey,Witty,awittykw@discovery.com,Bigender,253.100.231.109
754,Rosalyn,Espinoy,respinoykx@w3.org,Bigender,240.251.95.5
755,Chloette,Tomini,ctominiky@marriott.com,Non-binary,235.139.35.211
756,Meridel,Greengrass,mgreengrasskz@biglobe.ne.jp,Male,130.190.35.15
757,Brew,Vescovini,bvescovinil0@surveymonkey.com,Female,142.144.80.76
758,Robenia,Greeve,rgreevel1@alibaba.com,Non-binary,57.114.77.41
759,Chris,Hartigan,chartiganl2@tiny.cc,Agender,214.242.110.104
760,Guglielma,Sailor,gsailorl3@artisteer.com,Agender,91.95.228.19
761,Ingrim,Lemar,ilemarl4@un.org,Agender,254.44.247.160
762,Calv,Channing,cchanningl5@columbia.edu,Genderfluid,106.89.127.80
763,Claiborne,Copcote,ccopcotel6@etsy.com,Bigender,103.179.93.208
764,Shelia,Girodias,sgirodiasl7@omniture.com,Genderfluid,26.168.44.70
765,Cathyleen,Dacey,cdaceyl8@twitter.com,Agender,87.174.138.0
766,Hy,Barts,hbartsl9@alibaba.com,Agender,124.7.235.133
767,Odele,Ridgedell,oridgedellla@naver.com,Polygender,219.75.230.75
768,Inglis,Craske,icraskelb@squarespace.com,Agender,217.31.204.190
769,Woody,Claus,wclauslc@comsenz.com,Non-binary,39.106.161.93
770,Joanie,Nyssens,jnyssensld@biglobe.ne.jp,Male,212.136.219.42
771,Eldon,Lusted,elustedle@posterous.com,Genderfluid,236.211.226.23
772,Mattheus,Enoksson,menokssonlf@rediff.com,Genderfluid,175.201.104.211
773,Hilde,Spiers,hspierslg@moonfruit.com,Agender,103.136.1.237
774,Arluene,Luttgert,aluttgertlh@google.com.br,Bigender,180.177.20.88
775,Rozele,Tute,rtuteli@bloglovin.com,Genderfluid,85.160.56.232
776,Joleen,Charters,jcharterslj@newsvine.com,Polygender,143.176.51.180
777,Hastings,Mongin,hmonginlk@w3.org,Polygender,94.225.61.13
778,Toiboid,Galle,tgallell@moonfruit.com,Genderfluid,204.152.63.251
779,Cornell,Kenryd,ckenrydlm@imageshack.us,Non-binary,13.11.88.68
780,Billie,Kinig,bkinigln@cmu.edu,Agender,123.2.79.127
781,Leisha,Riccardi,lriccardilo@mac.com,Female,19.2.21.187
782,Cornell,Paxton,cpaxtonlp@nba.com,Male,199.214.34.85
783,Sharron,Lawlan,slawlanlq@myspace.com,Agender,135.244.183.245
784,Hillie,Gaskell,hgaskelllr@digg.com,Genderfluid,179.75.200.247
785,Rana,Shireff,rshireffls@cbslocal.com,Agender,89.178.71.123
786,Kent,Dielhenn,kdielhennlt@cornell.edu,Female,85.201.203.117
787,Kalle,Castard,kcastardlu@cnbc.com,Female,159.89.25.249
788,Claribel,Wapple,cwapplelv@census.gov,Non-binary,229.83.167.109
789,Benson,Coate,bcoatelw@mediafire.com,Non-binary,55.74.30.179
790,Jeffrey,Deniso,jdenisolx@51.la,Polygender,158.123.13.219
791,Dick,Rosas,drosasly@lulu.com,Male,33.6.181.55
792,Araldo,Peskin,apeskinlz@google.pl,Genderqueer,237.109.32.126
793,Carla,Passe,cpassem0@dot.gov,Genderfluid,82.12.3.7
794,Prue,Cowing,pcowingm1@fema.gov,Male,117.72.137.31
795,Seumas,Cron,scronm2@mlb.com,Genderqueer,8.10.201.156
796,Pierette,Queyeiro,pqueyeirom3@eventbrite.com,Genderqueer,79.213.76.201
797,Fanchon,Barnaclough,fbarnacloughm4@sakura.ne.jp,Male,89.223.68.91
798,Culver,Mayow,cmayowm5@homestead.com,Non-binary,207.2.40.19
799,Carleen,Saxby,csaxbym6@google.com,Genderqueer,209.62.218.233
800,Madeline,Matthewman,mmatthewmanm7@auda.org.au,Bigender,123.131.190.174
801,Ginny,Mitchley,gmitchleym8@webs.com,Bigender,16.223.0.179
802,Peria,Moreinu,pmoreinum9@dagondesign.com,Polygender,90.72.170.75
803,Carla,Baudasso,cbaudassoma@indiatimes.com,Female,46.105.143.194
804,Nani,Jovasevic,njovasevicmb@utexas.edu,Bigender,33.51.223.79
805,Dorthea,Plover,dplovermc@usda.gov,Non-binary,42.179.18.230
806,Marian,Maccari,mmaccarimd@toplist.cz,Polygender,206.168.175.104
807,Vivia,Calliss,vcallissme@samsung.com,Non-binary,108.147.146.182
808,Deni,Carlisi,dcarlisimf@hubpages.com,Polygender,42.215.31.155
809,Vanny,Chastaing,vchastaingmg@kickstarter.com,Agender,189.59.137.176
810,Ezequiel,Grisley,egrisleymh@instagram.com,Agender,157.149.8.62
811,Shell,Tatum,statummi@ucsd.edu,Bigender,235.18.139.88
812,Elvyn,Muddicliffe,emuddicliffemj@unicef.org,Genderfluid,30.104.195.187
813,Liam,Applin,lapplinmk@ifeng.com,Polygender,254.31.126.26
814,Vinny,Dibbs,vdibbsml@rambler.ru,Female,183.13.123.24
815,Gerri,Sickling,gsicklingmm@msn.com,Bigender,149.253.78.251
816,Regan,Nozzolinii,rnozzoliniimn@elegantthemes.com,Bigender,35.116.109.196
817,Catrina,Lougheid,clougheidmo@elpais.com,Genderfluid,188.214.150.159
818,Harriot,Kellart,hkellartmp@tinyurl.com,Genderfluid,79.36.234.58
819,Evangeline,Fludgate,efludgatemq@patch.com,Agender,176.19.150.145
820,Aharon,Domney,adomneymr@homestead.com,Bigender,236.125.17.131
821,Steward,Timmins,stimminsms@php.net,Bigender,99.96.71.15
822,Coleman,Bredes,cbredesmt@dell.com,Genderfluid,26.252.192.70
823,Perry,Bome,pbomemu@devhub.com,Male,247.6.30.197
824,Keefe,Cappel,kcappelmv@homestead.com,Bigender,93.212.18.201
825,Debbi,Ridding,driddingmw@answers.com,Bigender,189.228.55.26
826,Janos,Panketh,jpankethmx@slideshare.net,Polygender,6.16.194.180
827,Adelheid,Largent,alargentmy@lulu.com,Agender,94.19.60.243
828,Jessy,Ronaldson,jronaldsonmz@fda.gov,Female,223.100.89.155
829,Marget,Bonifacio,mbonifacion0@wunderground.com,Female,183.193.130.205
830,El,Lawly,elawlyn1@yahoo.com,Female,183.81.12.50
831,Ciro,Di Roberto,cdiroberton2@columbia.edu,Non-binary,150.76.1.226
832,Betsey,Scott,bscottn3@webs.com,Genderqueer,77.15.51.150
833,Maxie,Juden,mjudenn4@google.ru,Female,255.155.250.228
834,Elianore,Weinmann,eweinmannn5@mashable.com,Polygender,156.15.17.213
835,Carver,Leagas,cleagasn6@uiuc.edu,Non-binary,156.114.115.23
836,Lillian,Norres,lnorresn7@theguardian.com,Female,183.156.74.206
837,Lief,Winterflood,lwinterfloodn8@nbcnews.com,Bigender,104.108.172.85
838,Rikki,Heavyside,rheavysiden9@gmpg.org,Bigender,103.242.8.165
839,Perry,Myrtle,pmyrtlena@etsy.com,Genderfluid,65.136.230.236
840,Lise,Limerick,llimericknb@1688.com,Genderqueer,115.233.192.254
841,Findlay,Pecha,fpechanc@theatlantic.com,Polygender,218.103.122.12
842,Davis,Bonnell,dbonnellnd@prlog.org,Bigender,120.45.28.180
843,Gillian,Thinn,gthinnne@cafepress.com,Female,230.185.70.175
844,Delaney,Finneran,dfinnerannf@naver.com,Polygender,118.116.179.132
845,Abby,Hamflett,ahamflettng@jiathis.com,Male,73.29.208.234
846,Frayda,Bentjens,fbentjensnh@ox.ac.uk,Genderqueer,162.101.225.138
847,Tana,Cicchitello,tcicchitelloni@engadget.com,Bigender,175.70.92.93
848,Rhett,Imesson,rimessonnj@dell.com,Non-binary,94.147.244.60
849,Aimil,Ivons,aivonsnk@networkadvertising.org,Genderqueer,11.152.214.244
850,Shir,Jukes,sjukesnl@amazon.com,Male,215.138.34.102
851,Talbot,Curedell,tcuredellnm@dailymotion.com,Agender,57.148.55.151
852,Jeri,Gounet,jgounetnn@wordpress.com,Genderqueer,51.221.174.80
853,Sarge,Leydon,sleydonno@cbslocal.com,Genderfluid,101.108.11.185
854,Allistir,Chiplin,achiplinnp@redcross.org,Female,179.196.74.251
855,Shawnee,Fitchew,sfitchewnq@hugedomains.com,Female,5.232.79.122
856,Waylan,Halgarth,whalgarthnr@rambler.ru,Genderfluid,180.41.51.108
857,Boone,Keyse,bkeysens@cloudflare.com,Female,59.10.53.28
858,Cody,Towhey,ctowheynt@nature.com,Male,85.243.39.148
859,Killy,Rimmer,krimmernu@statcounter.com,Male,118.244.152.61
860,Isak,Monteaux,imonteauxnv@umn.edu,Genderqueer,116.97.54.80
861,Edd,Shirer,eshirernw@so-net.ne.jp,Genderfluid,177.238.236.194
862,Wandis,Coopper,wcooppernx@home.pl,Bigender,138.241.40.201
863,Tawnya,Breheny,tbrehenyny@who.int,Bigender,50.220.196.12
864,Martha,Wylie,mwylienz@google.com.br,Polygender,35.167.235.17
865,Leontyne,Cartman,lcartmano0@istockphoto.com,Female,114.215.153.15
866,Dynah,Von Brook,dvonbrooko1@dion.ne.jp,Female,36.147.132.59
867,Dalston,Rival,drivalo2@buzzfeed.com,Non-binary,243.183.72.224
868,Jude,Habden,jhabdeno3@alexa.com,Polygender,94.127.67.201
869,Farly,Diben,fdibeno4@adobe.com,Genderfluid,14.60.27.146
870,Cheryl,Seman,csemano5@dropbox.com,Non-binary,152.229.151.212
871,Danyelle,McEnhill,dmcenhillo6@cam.ac.uk,Genderqueer,215.191.83.9
872,Brnaby,Grieve,bgrieveo7@engadget.com,Bigender,113.195.36.103
873,Jeno,Webling,jweblingo8@ox.ac.uk,Female,52.92.74.98
874,Jen,Ceci,jcecio9@feedburner.com,Non-binary,61.24.225.242
875,Freddie,Joburn,fjoburnoa@deviantart.com,Genderqueer,134.153.187.171
876,Myles,Bardsley,mbardsleyob@vk.com,Bigender,84.101.41.135
877,George,Vearnals,gvearnalsoc@angelfire.com,Genderfluid,90.88.5.1
878,Donny,Kornousek,dkornousekod@artisteer.com,Genderfluid,66.200.131.235
879,Vanya,Domney,vdomneyoe@altervista.org,Polygender,91.29.112.248
880,Nathaniel,Thomton,nthomtonof@narod.ru,Non-binary,38.201.13.197
881,Garrott,Antonio,gantonioog@ted.com,Agender,241.10.95.54
882,Emmerich,Tooke,etookeoh@amazon.com,Non-binary,233.51.41.210
883,Lila,De Nisco,ldeniscooi@phoca.cz,Female,101.252.203.245
884,Jonah,Heiden,jheidenoj@example.com,Agender,0.157.97.244
885,Angelia,Jerome,ajeromeok@latimes.com,Male,55.252.96.142
886,Colene,Jesteco,cjestecool@ehow.com,Female,194.70.60.165
887,Kara,Bernardoux,kbernardouxom@topsy.com,Bigender,113.64.213.112
888,Mattias,Eassom,meassomon@google.ru,Genderfluid,206.48.254.222
889,Ronna,Runnett,rrunnettoo@prlog.org,Genderfluid,215.196.253.149
890,Aubrette,Friel,afrielop@wiley.com,Bigender,41.35.18.115
891,Genvieve,Ellerton,gellertonoq@hp.com,Bigender,204.15.57.86
892,Eve,Koeppe,ekoeppeor@pen.io,Female,89.60.214.198
893,Pinchas,Tunnicliff,ptunnicliffos@berkeley.edu,Male,17.160.136.243
894,Carmella,Kerwen,ckerwenot@blinklist.com,Female,110.202.46.86
895,Sam,Annets,sannetsou@slate.com,Genderfluid,47.225.77.16
896,Arte,Siemens,asiemensov@delicious.com,Genderqueer,238.77.233.65
897,Dody,Saura,dsauraow@webeden.co.uk,Non-binary,167.160.203.197
898,Kippie,Gillman,kgillmanox@sitemeter.com,Female,240.203.21.64
899,Vaclav,Belz,vbelzoy@taobao.com,Male,169.195.172.221
900,Harlene,Lacroux,hlacrouxoz@nba.com,Male,201.136.158.115
901,Chaim,Reinbech,creinbechp0@webnode.com,Bigender,29.161.157.18
902,Yale,Kock,ykockp1@jimdo.com,Polygender,59.86.95.184
903,Belinda,Bantham,bbanthamp2@multiply.com,Non-binary,227.46.13.65
904,Ricca,Durie,rduriep3@wired.com,Female,143.194.220.183
905,Cristie,Ketch,cketchp4@biblegateway.com,Genderqueer,147.228.136.216
906,Pembroke,Bramwell,pbramwellp5@discuz.net,Agender,109.206.39.86
907,Emanuele,Varnals,evarnalsp6@vinaora.com,Male,239.7.15.128
908,Giana,Beri,gberip7@usgs.gov,Genderfluid,90.4.90.133
909,Rex,Smouten,rsmoutenp8@yahoo.co.jp,Genderqueer,80.126.209.39
910,Padriac,Blees,pbleesp9@telegraph.co.uk,Bigender,98.61.238.82
911,Ortensia,Leven,olevenpa@intel.com,Male,85.201.97.155
912,Marillin,Audus,mauduspb@ucoz.ru,Non-binary,0.195.5.1
913,Rori,Crutchley,rcrutchleypc@stumbleupon.com,Non-binary,13.89.241.139
914,Wilfred,Culross,wculrosspd@illinois.edu,Polygender,246.246.90.52
915,Armin,Orr,aorrpe@fastcompany.com,Female,253.94.139.244
916,Elly,Boniface,ebonifacepf@tiny.cc,Non-binary,250.243.179.189
917,Merry,Handrok,mhandrokpg@mozilla.com,Male,82.34.105.44
918,Doralia,Brazier,dbrazierph@mail.ru,Polygender,212.77.230.43
919,Paten,Konerding,pkonerdingpi@sbwire.com,Polygender,65.85.21.244
920,Jerrold,Leadbeatter,jleadbeatterpj@jiathis.com,Non-binary,123.79.217.119
921,Aubrey,Fairfoull,afairfoullpk@oracle.com,Female,223.159.184.132
922,Ronald,Savine,rsavinepl@soup.io,Agender,119.155.185.108
923,Tommy,Pieracci,tpieraccipm@shutterfly.com,Genderfluid,120.232.90.55
924,Corbet,Buttrick,cbuttrickpn@devhub.com,Male,96.248.30.228
925,Mellisa,Pashley,mpashleypo@naver.com,Female,148.104.127.41
926,Granthem,Ogers,gogerspp@last.fm,Bigender,178.23.206.74
927,Carolan,Urian,curianpq@over-blog.com,Polygender,248.178.241.134
928,Shelley,Chadney,schadneypr@cisco.com,Polygender,24.140.200.170
929,Nathalie,Yemm,nyemmps@flavors.me,Polygender,165.51.40.234
930,Ericka,Peebles,epeeblespt@dailymotion.com,Genderqueer,126.72.180.168
931,Amble,Kenwell,akenwellpu@google.ca,Non-binary,83.60.100.69
932,Augustine,Atwood,aatwoodpv@huffingtonpost.com,Male,34.163.157.188
933,Gran,Edlin,gedlinpw@yahoo.com,Female,13.244.100.248
934,Windy,Hedon,whedonpx@com.com,Female,143.7.230.103
935,Berky,Lody,blodypy@archive.org,Genderqueer,218.7.38.90
936,Reg,Berrey,rberreypz@hexun.com,Male,185.36.254.229
937,Abner,Keeves,akeevesq0@angelfire.com,Agender,56.123.9.214
938,Gray,Corona,gcoronaq1@hubpages.com,Non-binary,204.156.84.23
939,Floyd,Chastenet,fchastenetq2@mlb.com,Genderfluid,220.121.246.97
940,Barbabra,Cousins,bcousinsq3@biglobe.ne.jp,Non-binary,150.214.76.28
941,Ganny,Baudins,gbaudinsq4@about.com,Bigender,180.41.60.13
942,Cirstoforo,Reardon,creardonq5@example.com,Female,106.115.225.197
943,Massimiliano,Whinray,mwhinrayq6@angelfire.com,Bigender,52.210.50.221
944,Ferd,Darree,fdarreeq7@wix.com,Genderqueer,93.123.236.161
945,Winny,Dallimore,wdallimoreq8@guardian.co.uk,Female,110.132.220.164
946,Kele,Hazell,khazellq9@tinypic.com,Genderqueer,137.153.127.172
947,Pall,Zuppa,pzuppaqa@youku.com,Bigender,77.119.164.157
948,Albertina,Regardsoe,aregardsoeqb@skype.com,Agender,63.93.229.121
949,Cirilo,Goss,cgossqc@dell.com,Non-binary,210.248.141.139
950,Aileen,Leathart,aleathartqd@ibm.com,Polygender,43.40.79.242
951,Jane,Redon,jredonqe@bbc.co.uk,Genderqueer,169.52.77.134
952,Baxy,Claricoats,bclaricoatsqf@eepurl.com,Agender,215.193.95.47
953,Ame,Michelet,amicheletqg@bloomberg.com,Genderqueer,231.212.18.104
954,Marijn,Torbeck,mtorbeckqh@netlog.com,Genderqueer,254.183.225.121
955,Rozalie,Coan,rcoanqi@ucoz.ru,Genderfluid,219.128.163.236
956,Gawen,Dorricott,gdorricottqj@weebly.com,Bigender,120.175.7.222
957,Lucinda,Sowter,lsowterqk@technorati.com,Genderfluid,97.17.54.54
958,Free,Benedetti,fbenedettiql@whitehouse.gov,Non-binary,212.206.22.235
959,Debera,Binner,dbinnerqm@tiny.cc,Genderqueer,199.136.159.89
960,Vivie,Osgar,vosgarqn@clickbank.net,Male,147.41.102.112
961,Brandi,McGeoch,bmcgeochqo@yandex.ru,Polygender,165.12.158.76
962,Alisa,Checcucci,acheccucciqp@ocn.ne.jp,Genderqueer,124.246.134.198
963,Wake,Cauderlie,wcauderlieqq@dailymotion.com,Agender,175.58.60.197
964,Francois,Klulik,fklulikqr@bloomberg.com,Agender,80.52.9.150
965,Demetri,Roads,droadsqs@g.co,Genderqueer,161.229.109.18
966,Far,Bresnahan,fbresnahanqt@berkeley.edu,Non-binary,133.252.15.234
967,Tamma,Gudger,tgudgerqu@blogspot.com,Bigender,197.85.193.250
968,Martynne,Huguet,mhuguetqv@nih.gov,Bigender,40.92.147.234
969,Constanta,MacAvaddy,cmacavaddyqw@topsy.com,Polygender,16.46.46.9
970,Ephrayim,Lobb,elobbqx@ning.com,Agender,178.59.48.151
971,Ron,Menelaws,rmenelawsqy@google.de,Female,133.10.24.84
972,Tresa,Emmens,temmensqz@salon.com,Male,22.80.94.30
973,Ag,Mechic,amechicr0@newyorker.com,Genderqueer,40.4.75.123
974,Janela,MacAnelley,jmacanelleyr1@wsj.com,Agender,216.191.23.96
975,Leontine,Bogeys,lbogeysr2@myspace.com,Agender,128.231.7.129
976,Nerte,Rickardsson,nrickardssonr3@photobucket.com,Agender,216.85.74.190
977,Lind,Bridgland,lbridglandr4@spiegel.de,Genderqueer,197.149.77.134
978,Kerr,Filchagin,kfilchaginr5@earthlink.net,Male,165.176.106.175
979,Paolina,Toyne,ptoyner6@naver.com,Genderfluid,20.165.43.156
980,Rayshell,Agent,ragentr7@typepad.com,Female,194.120.116.110
981,Bard,Outridge,boutridger8@samsung.com,Genderqueer,180.225.255.252
982,Dolores,Wincott,dwincottr9@mac.com,Genderfluid,115.70.207.222
983,Danila,Wallman,dwallmanra@house.gov,Bigender,81.71.148.102
984,Benedict,McGuiness,bmcguinessrb@discuz.net,Genderqueer,25.246.222.197
985,Dunc,Kinchlea,dkinchlearc@netvibes.com,Non-binary,115.136.17.233
986,Charlean,Mea,cmeard@artisteer.com,Female,100.199.170.122
987,Tressa,Kilty,tkiltyre@springer.com,Genderfluid,123.12.226.183
988,Melissa,Treadgold,mtreadgoldrf@hubpages.com,Genderfluid,87.106.31.14
989,Philomena,Anthoine,panthoinerg@bravesites.com,Non-binary,119.156.253.137
990,Anetta,Alasdair,aalasdairrh@w3.org,Bigender,113.196.15.72
991,Hildagard,Tarquinio,htarquiniori@xing.com,Genderfluid,154.112.30.244
992,Alberta,Chin,achinrj@apple.com,Female,18.184.121.62
993,Jessalyn,Jiracek,jjiracekrk@zimbio.com,Male,84.153.179.177
994,Barton,Wilshire,bwilshirerl@slashdot.org,Male,135.233.37.225
995,Brooks,Somersett,bsomersettrm@rakuten.co.jp,Agender,51.10.48.189
996,Viviene,Wadman,vwadmanrn@so-net.ne.jp,Non-binary,85.88.52.188
997,Ewan,Tunnicliff,etunnicliffro@tuttocitta.it,Polygender,247.113.241.74
998,Katleen,Chable,kchablerp@miibeian.gov.cn,Polygender,175.15.115.78
999,Kathi,Wilflinger,kwilflingerrq@cbsnews.com,Polygender,81.69.203.215
1000,Sammy,Wattisham,swattishamrr@baidu.com,Bigender,249.96.47.175
