id,first_name,last_name,email,gender,ip_address
1,Sammy,Silverwood,ssilverwood0@theatlantic.com,Male,1.240.107.240
2,Lukas,Bisco,lbisco1@blogtalkradio.com,Bigender,20.136.53.99
3,Peyter,Darbishire,pdarbishire2@parallels.com,Agender,21.134.23.29
4,Nehemiah,Bazylets,nbazylets3@businessweek.com,Non-binary,41.182.139.40
5,Jemmy,Cleator,jcleator4@friendfeed.com,Agender,22.140.81.223
6,Elianore,Basson,ebasson5@nymag.com,Female,169.43.215.22
7,Wash,Enterlein,wenterlein6@wunderground.com,Male,220.58.28.178
8,Tiphani,Scripps,tscripps7@state.gov,Female,82.180.32.200
9,Allina,Beatens,abeatens8@vinaora.com,Bigender,252.71.112.59
10,Audra,Murname,amurname9@indiatimes.com,Non-binary,208.72.46.195
11,Nerte,Domotor,ndomotora@1und1.de,Bigender,137.122.172.46
12,Jessalyn,Pugh,jpughb@time.com,Bigender,229.67.68.119
13,Drona,Klementz,dklementzc@netlog.com,Bigender,3.100.168.115
14,Pat,Bernetti,pbernettid@si.edu,Polygender,8.56.62.99
15,Cthrine,Mulleary,cmullearye@prweb.com,Male,74.237.182.16
16,Gwenneth,Skippon,gskipponf@smugmug.com,Bigender,80.229.154.181
17,Afton,Laidlaw,alaidlawg@kickstarter.com,Genderqueer,55.27.107.197
18,Binnie,Sutherns,bsuthernsh@topsy.com,Male,198.60.118.150
19,Bonnee,Bruckner,bbruckneri@japanpost.jp,Non-binary,124.57.47.16
20,Artemus,Balls,aballsj@w3.org,Female,151.219.212.89
21,Temp,Blasik,tblasikk@diigo.com,Genderfluid,78.169.80.150
22,Carlen,Digweed,cdigweedl@hc360.com,Polygender,251.15.154.80
23,Mindy,Eland,melandm@usnews.com,Bigender,114.57.96.70
24,Wyn,Zealander,wzealandern@google.ru,Male,132.138.77.214
25,Peria,Kimbrey,pkimbreyo@trellian.com,Bigender,34.222.197.199
26,Brockie,Simione,bsimionep@webnode.com,Genderfluid,37.117.198.59
27,Filippa,Christensen,fchristensenq@sakura.ne.jp,Non-binary,180.57.130.124
28,Kalila,Priestley,kpriestleyr@java.com,Male,140.207.118.89
29,Gabriel,Mayou,gmayous@uiuc.edu,Polygender,178.84.130.239
30,Bird,Fridd,bfriddt@merriam-webster.com,Genderqueer,100.117.50.10
31,Kingston,Hallwell,khallwellu@xing.com,Female,12.84.188.61
32,Marsiella,Lindfors,mlindforsv@biblegateway.com,Female,174.229.78.248
33,Emelen,Muckeen,emuckeenw@digg.com,Genderfluid,4.154.238.212
34,Marie-jeanne,Berston,mberstonx@over-blog.com,Genderfluid,158.19.183.136
35,Zahara,McVrone,zmcvroney@uol.com.br,Genderfluid,51.244.30.24
36,Royal,Doxsey,rdoxseyz@wikia.com,Female,10.58.11.182
37,Katy,Le Gassick,klegassick10@reuters.com,Female,217.182.252.126
38,Dalton,Dury,ddury11@usnews.com,Polygender,163.109.124.145
39,Brena,Billitteri,bbillitteri12@cmu.edu,Bigender,131.50.192.147
40,Gertie,Skilbeck,gskilbeck13@umn.edu,Male,253.49.109.61
41,Avictor,Aidler,aaidler14@webmd.com,Genderfluid,220.25.190.168
42,Roman,Brodest,rbrodest15@google.it,Female,0.232.79.101
43,Shamus,Marskell,smarskell16@bbc.co.uk,Agender,192.173.85.94
44,Ilyse,Gamage,igamage17@nydailynews.com,Genderfluid,133.148.215.156
45,Margaret,Shoveller,mshoveller18@cyberchimps.com,Non-binary,237.68.123.106
46,Marguerite,Maffin,mmaffin19@jugem.jp,Female,150.2.17.44
47,Ellette,Vesco,evesco1a@dmoz.org,Male,69.153.223.21
48,Abby,Walework,awalework1b@flavors.me,Polygender,10.246.37.82
49,Deeyn,Duffield,dduffield1c@taobao.com,Female,52.122.131.4
50,Berni,Swane,bswane1d@ask.com,Polygender,234.93.26.66
51,Hope,Ludl,hludl1e@furl.net,Polygender,62.190.147.87
52,Glory,Molines,gmolines1f@ebay.com,Male,140.144.190.180
53,Fidelio,Shilleto,fshilleto1g@domainmarket.com,Non-binary,11.245.37.162
54,Carleton,Frissell,cfrissell1h@upenn.edu,Agender,217.234.227.80
55,Elysia,Heigho,eheigho1i@angelfire.com,Bigender,120.88.112.173
56,Ruddie,Parren,rparren1j@wufoo.com,Non-binary,184.163.67.217
57,Artus,Santorini,asantorini1k@hhs.gov,Polygender,18.165.20.68
58,Kacey,Kleinpeltz,kkleinpeltz1l@bbc.co.uk,Male,24.142.32.221
59,Tamas,Basilio,tbasilio1m@nasa.gov,Genderqueer,242.11.3.227
60,Jay,Mattam,jmattam1n@whitehouse.gov,Agender,59.36.206.231
61,Bianka,McCartney,bmccartney1o@umn.edu,Male,79.147.27.142
62,Modestine,Rycraft,mrycraft1p@elegantthemes.com,Female,50.241.73.50
63,Andrew,Teenan,ateenan1q@51.la,Polygender,39.79.220.21
64,Kaleena,Clapperton,kclapperton1r@ask.com,Non-binary,18.180.98.167
65,Karel,Dunlea,kdunlea1s@ucoz.com,Genderfluid,237.124.216.27
66,Kathy,Legerton,klegerton1t@prweb.com,Polygender,189.141.128.62
67,Sibeal,Kauble,skauble1u@artisteer.com,Bigender,179.167.177.232
68,Mace,Le Fleming,mlefleming1v@princeton.edu,Genderfluid,143.236.113.133
69,Andeee,Baseley,abaseley1w@xing.com,Female,208.78.169.145
70,Geno,Pacitti,gpacitti1x@nasa.gov,Genderfluid,200.125.141.248
71,Donni,Kirtlan,dkirtlan1y@toplist.cz,Male,240.232.210.216
72,Saunderson,Mateus,smateus1z@upenn.edu,Non-binary,11.86.186.51
73,Carlen,Stammler,cstammler20@google.cn,Polygender,124.25.3.100
74,Marleah,Bussons,mbussons21@addtoany.com,Male,228.239.208.21
75,Petronia,Zipsell,pzipsell22@wikispaces.com,Female,165.226.98.162
76,Sophronia,Mattinson,smattinson23@qq.com,Genderfluid,91.253.18.117
77,Kelley,Gummow,kgummow24@xing.com,Polygender,28.166.229.130
78,Adria,McGrotty,amcgrotty25@vinaora.com,Non-binary,169.38.195.31
79,Lombard,Grealy,lgrealy26@dion.ne.jp,Male,67.73.184.166
80,Vernice,Postill,vpostill27@newyorker.com,Bigender,49.136.121.226
81,Kenyon,Ossipenko,kossipenko28@blog.com,Bigender,101.253.180.149
82,Maurita,Durbin,mdurbin29@telegraph.co.uk,Male,63.46.79.238
83,Janet,Worsfield,jworsfield2a@engadget.com,Male,86.29.68.56
84,Marielle,Catlin,mcatlin2b@zdnet.com,Non-binary,155.118.215.114
85,Rita,Steart,rsteart2c@nydailynews.com,Female,151.243.191.111
86,Tessi,Antoniewicz,tantoniewicz2d@thetimes.co.uk,Polygender,189.67.13.137
87,Mahmoud,Burnie,mburnie2e@discovery.com,Male,27.135.151.4
88,Dory,Matysik,dmatysik2f@dagondesign.com,Genderqueer,45.172.96.145
89,Roana,Gurry,rgurry2g@de.vu,Agender,59.198.98.246
90,Munmro,Lohden,mlohden2h@joomla.org,Polygender,57.77.132.144
91,Grete,Laing,glaing2i@wufoo.com,Genderfluid,221.248.222.136
92,Dulsea,Adelman,dadelman2j@google.es,Non-binary,48.125.134.60
93,Broderick,Nyles,bnyles2k@imgur.com,Bigender,133.172.163.164
94,Gilbertina,Male,gmale2l@people.com.cn,Female,185.41.63.255
95,Amie,Egell,aegell2m@smugmug.com,Female,108.179.6.179
96,Oates,Conlaund,oconlaund2n@oaic.gov.au,Male,107.28.76.171
97,Mic,Ollie,mollie2o@gnu.org,Genderfluid,76.37.12.95
98,Selestina,Kiely,skiely2p@go.com,Male,118.240.162.80
99,Laughton,Mundwell,lmundwell2q@europa.eu,Bigender,94.146.109.163
100,Mallory,Descroix,mdescroix2r@arizona.edu,Bigender,141.158.85.175
101,Theressa,Logsdail,tlogsdail2s@odnoklassniki.ru,Bigender,45.71.92.252
102,Nikita,Caramuscia,ncaramuscia2t@flavors.me,Female,38.206.83.212
103,Norrie,Lyburn,nlyburn2u@vistaprint.com,Male,47.31.67.68
104,Benedicta,Shoreson,bshoreson2v@umich.edu,Agender,75.225.162.10
105,Jackie,Donn,jdonn2w@nba.com,Male,161.185.30.152
106,Penrod,Drever,pdrever2x@ed.gov,Polygender,69.64.31.254
107,Herve,Gullane,hgullane2y@infoseek.co.jp,Agender,208.29.161.59
108,Ranee,Hambridge,rhambridge2z@ucla.edu,Genderfluid,98.20.58.92
109,Raychel,Bemand,rbemand30@yelp.com,Non-binary,2.250.255.185
110,Francine,Whittington,fwhittington31@baidu.com,Polygender,116.129.215.13
111,Hendrika,Follos,hfollos32@archive.org,Female,49.73.100.200
112,Gill,Bollis,gbollis33@mlb.com,Male,216.40.64.208
113,Jobyna,Lago,jlago34@japanpost.jp,Polygender,155.151.55.85
114,Bendick,Phipps,bphipps35@shinystat.com,Non-binary,32.176.158.50
115,Rockey,Baggelley,rbaggelley36@google.com.hk,Genderfluid,240.52.56.132
116,Nollie,Cotty,ncotty37@ebay.com,Agender,207.176.42.194
117,Chiarra,Medford,cmedford38@mysql.com,Genderqueer,183.183.254.182
118,Fiann,Whewill,fwhewill39@com.com,Genderfluid,66.88.213.204
119,Bryna,Amos,bamos3a@a8.net,Polygender,159.145.83.36
120,Tommi,Plumer,tplumer3b@istockphoto.com,Agender,148.99.237.129
121,Olivia,McLagain,omclagain3c@fastcompany.com,Genderqueer,72.39.45.27
122,Prudi,Clamp,pclamp3d@reddit.com,Agender,54.249.187.98
123,Sabrina,Adlard,sadlard3e@blog.com,Male,170.41.222.223
124,Norene,Turneaux,nturneaux3f@hp.com,Male,75.115.31.245
125,Hamlin,Prescote,hprescote3g@ow.ly,Female,207.67.93.63
126,Scarface,Hardwich,shardwich3h@fc2.com,Polygender,199.3.167.199
127,Bryanty,Burkert,bburkert3i@barnesandnoble.com,Polygender,95.31.36.210
128,Carmine,Curuclis,ccuruclis3j@e-recht24.de,Male,134.233.150.111
129,Dannie,Le Grys,dlegrys3k@furl.net,Genderfluid,226.178.240.223
130,Portie,Croote,pcroote3l@craigslist.org,Agender,247.120.7.84
131,Basilius,Brome,bbrome3m@washington.edu,Bigender,169.183.183.242
132,Cristi,Raylton,craylton3n@instagram.com,Genderfluid,15.114.38.232
133,Trudy,Samsin,tsamsin3o@simplemachines.org,Polygender,24.104.163.47
134,Fax,Milson,fmilson3p@php.net,Genderqueer,84.144.227.5
135,Kat,Denington,kdenington3q@g.co,Male,213.16.47.14
136,Hubert,Barajaz,hbarajaz3r@blogtalkradio.com,Polygender,47.119.163.151
137,Denice,McAirt,dmcairt3s@bravesites.com,Agender,169.181.88.29
138,Horst,Flitcroft,hflitcroft3t@deviantart.com,Female,51.199.46.168
139,Alfy,Harmon,aharmon3u@foxnews.com,Polygender,162.3.193.184
140,Tybi,Canaan,tcanaan3v@ftc.gov,Genderfluid,232.136.218.173
141,Brena,Platt,bplatt3w@symantec.com,Genderqueer,237.88.61.18
142,Doria,Carvill,dcarvill3x@stumbleupon.com,Bigender,212.253.185.21
143,Arlyne,Tomasino,atomasino3y@google.co.jp,Genderfluid,23.223.161.17
144,Onfre,Alsobrook,oalsobrook3z@smh.com.au,Bigender,254.221.11.235
145,Kaleb,Ladyman,kladyman40@cnbc.com,Non-binary,109.103.223.57
146,Shalne,Gillbe,sgillbe41@4shared.com,Female,166.143.118.220
147,Anett,Bowser,abowser42@skyrock.com,Polygender,112.14.125.214
148,Marcela,Hogsden,mhogsden43@blogs.com,Bigender,135.119.66.47
149,Davidde,Marxsen,dmarxsen44@paypal.com,Agender,29.162.207.88
150,Jolie,Jacquemy,jjacquemy45@vinaora.com,Agender,210.122.8.27
151,Kendricks,Dallicott,kdallicott46@unblog.fr,Non-binary,61.216.193.195
152,Donetta,Ingon,dingon47@google.fr,Agender,157.56.215.249
153,Dyane,Ramalho,dramalho48@jalbum.net,Genderqueer,85.236.148.146
154,Valeda,Cannan,vcannan49@indiatimes.com,Bigender,166.219.52.8
155,Jamal,Tawton,jtawton4a@prnewswire.com,Non-binary,43.15.39.126
156,Carlina,Gaskarth,cgaskarth4b@symantec.com,Agender,236.34.102.51
157,Noelle,Gibbins,ngibbins4c@wunderground.com,Agender,254.112.204.184
158,Thadeus,Lilion,tlilion4d@shutterfly.com,Agender,231.173.84.230
159,Emmerich,Kraut,ekraut4e@cloudflare.com,Genderqueer,197.135.250.246
160,Edna,Gianuzzi,egianuzzi4f@fotki.com,Agender,145.53.13.139
161,Brynne,Shillabear,bshillabear4g@patch.com,Genderqueer,50.55.123.124
162,Rudolf,Storrah,rstorrah4h@addtoany.com,Bigender,27.123.13.112
163,Florentia,Wyard,fwyard4i@nhs.uk,Non-binary,65.45.103.66
164,Ardra,Thunderchief,athunderchief4j@qq.com,Bigender,146.200.145.136
165,Kylynn,Pope,kpope4k@bluehost.com,Bigender,135.71.227.18
166,Guglielma,Melin,gmelin4l@mail.ru,Bigender,65.176.145.107
167,Rennie,Matherson,rmatherson4m@deliciousdays.com,Male,82.169.24.158
168,Dianemarie,Fillan,dfillan4n@baidu.com,Female,29.194.67.120
169,Ilaire,Caldayrou,icaldayrou4o@altervista.org,Genderfluid,62.185.92.207
170,Abel,Kennifeck,akennifeck4p@github.com,Agender,126.204.253.42
171,Ricki,McKinstry,rmckinstry4q@phoca.cz,Agender,205.119.122.138
172,Blaire,Coltherd,bcoltherd4r@blogspot.com,Agender,143.116.177.167
173,Cyndi,Gromley,cgromley4s@scribd.com,Male,26.244.95.216
174,Filbert,Goard,fgoard4t@harvard.edu,Male,246.251.253.11
175,Bari,Haylor,bhaylor4u@marketwatch.com,Agender,159.12.210.209
176,Aggy,Gosart,agosart4v@ibm.com,Non-binary,57.19.144.88
177,Maryl,Lambertz,mlambertz4w@twitter.com,Bigender,120.69.188.19
178,Waylon,Tomovic,wtomovic4x@t-online.de,Agender,149.25.133.151
179,Lincoln,Skamell,lskamell4y@google.ru,Agender,178.171.120.179
180,Kathy,Breddy,kbreddy4z@deviantart.com,Female,184.22.16.253
181,Yorgo,Bryett,ybryett50@cornell.edu,Polygender,201.126.150.82
182,Hagen,Eilhart,heilhart51@npr.org,Non-binary,23.119.232.150
183,Iosep,Klaaasen,iklaaasen52@sciencedaily.com,Agender,16.243.226.210
184,Teddi,Skirvane,tskirvane53@gnu.org,Female,15.144.251.71
185,Corabelle,Gatch,cgatch54@vinaora.com,Male,244.173.150.21
186,Erwin,Farfull,efarfull55@virginia.edu,Bigender,96.161.28.53
187,Kelly,Frizell,kfrizell56@naver.com,Agender,203.38.199.118
188,Jarrett,Spinnace,jspinnace57@vk.com,Female,79.251.85.211
189,Leonore,Vanlint,lvanlint58@reference.com,Genderqueer,225.222.25.48
190,Francisco,Albrooke,falbrooke59@wikispaces.com,Genderqueer,188.37.172.64
191,Gratia,Casassa,gcasassa5a@comsenz.com,Bigender,128.138.51.47
192,George,Brendel,gbrendel5b@ifeng.com,Genderqueer,153.30.105.149
193,Auroora,Kinneally,akinneally5c@zdnet.com,Agender,237.0.168.72
194,Marys,Northen,mnorthen5d@sfgate.com,Agender,102.220.151.92
195,Agathe,Enrico,aenrico5e@seesaa.net,Male,222.60.233.134
196,Clerc,Schuelcke,cschuelcke5f@behance.net,Genderfluid,213.233.90.5
197,Curtis,Fewell,cfewell5g@java.com,Genderfluid,14.97.63.210
198,Farr,Beech,fbeech5h@ca.gov,Female,137.236.251.137
199,Beret,Fairnie,bfairnie5i@sakura.ne.jp,Male,240.173.237.158
200,Addison,Skaif,askaif5j@newsvine.com,Female,144.180.233.78
201,Thomasina,Gobbet,tgobbet5k@nature.com,Male,111.186.200.74
202,Barret,Cozens,bcozens5l@sbwire.com,Polygender,35.24.191.148
203,Weston,Coils,wcoils5m@umich.edu,Agender,105.197.192.155
204,Alix,Ibanez,aibanez5n@reverbnation.com,Female,161.150.50.50
205,Inglis,Akid,iakid5o@cbslocal.com,Polygender,17.133.80.181
206,Rhoda,Rawlison,rrawlison5p@weebly.com,Polygender,166.226.159.247
207,Millie,La Padula,mlapadula5q@time.com,Polygender,233.5.88.103
208,Kipper,Lighton,klighton5r@microsoft.com,Agender,228.85.77.42
209,Farlee,Verden,fverden5s@cdc.gov,Male,19.120.204.79
210,Joya,Jozefowicz,jjozefowicz5t@wsj.com,Genderqueer,150.18.106.76
211,Hildegaard,Chivrall,hchivrall5u@imgur.com,Bigender,35.138.206.29
212,Susanne,Milesop,smilesop5v@mtv.com,Genderfluid,123.47.198.25
213,Wheeler,Pointon,wpointon5w@hostgator.com,Agender,145.155.62.17
214,Tessa,Edlyne,tedlyne5x@omniture.com,Genderfluid,47.168.251.189
215,Gavin,Leneham,gleneham5y@xrea.com,Male,16.137.78.35
216,Roley,Frewer,rfrewer5z@buzzfeed.com,Non-binary,21.27.227.149
217,Hailee,Sarchwell,hsarchwell60@technorati.com,Female,217.80.241.84
218,Elonore,Wheelan,ewheelan61@tinyurl.com,Non-binary,182.184.74.213
219,Pat,Harverson,pharverson62@vk.com,Genderqueer,234.191.154.1
220,Arleyne,Mandry,amandry63@europa.eu,Male,109.18.44.218
221,Brittne,Spinney,bspinney64@cpanel.net,Bigender,245.121.24.44
222,Lara,Cure,lcure65@de.vu,Polygender,111.57.65.116
223,Rupert,Bourgeois,rbourgeois66@a8.net,Male,186.133.135.102
224,Katheryn,De Zuani,kdezuani67@so-net.ne.jp,Male,156.226.136.5
225,Karlotta,Tuny,ktuny68@digg.com,Non-binary,182.183.245.44
226,Hall,Vynarde,hvynarde69@census.gov,Polygender,174.74.87.21
227,Ferguson,Hayton,fhayton6a@ftc.gov,Female,88.216.143.219
228,Bonni,Dury,bdury6b@youtube.com,Agender,14.105.79.91
229,Britney,Spinney,bspinney6c@addthis.com,Genderfluid,113.27.227.95
230,Jorgan,Doncaster,jdoncaster6d@home.pl,Genderqueer,11.154.120.80
231,Catherina,Hulburt,chulburt6e@youku.com,Genderqueer,104.170.145.179
232,Raychel,Muselli,rmuselli6f@usda.gov,Genderqueer,180.228.193.14
233,Rebeca,Starcks,rstarcks6g@cnn.com,Genderqueer,71.235.53.93
234,Allistir,Storre,astorre6h@phpbb.com,Female,142.46.0.23
235,Rex,Keaysell,rkeaysell6i@smh.com.au,Bigender,126.125.217.83
236,Bab,Guyon,bguyon6j@gizmodo.com,Genderqueer,19.208.31.25
237,Marleah,Keijser,mkeijser6k@cpanel.net,Agender,85.202.139.244
238,Kat,Stubbes,kstubbes6l@blinklist.com,Polygender,152.154.245.222
239,Dru,Axelbee,daxelbee6m@hexun.com,Non-binary,225.203.44.101
240,Verene,Knewstubb,vknewstubb6n@utexas.edu,Genderqueer,60.14.120.103
241,Wyndham,O'Donovan,wodonovan6o@imageshack.us,Bigender,220.171.147.139
242,Alexi,Vercruysse,avercruysse6p@nyu.edu,Agender,124.30.188.90
243,Trude,Lindstrom,tlindstrom6q@biglobe.ne.jp,Agender,223.139.127.162
244,Angelo,Twiggs,atwiggs6r@technorati.com,Non-binary,13.52.186.117
245,Garik,Bruhke,gbruhke6s@tinyurl.com,Male,62.240.208.201
246,Hew,Chitter,hchitter6t@angelfire.com,Agender,5.180.235.250
247,Genia,Thowes,gthowes6u@biglobe.ne.jp,Bigender,111.61.139.120
248,Orbadiah,Truckell,otruckell6v@free.fr,Genderqueer,52.210.42.34
249,Mia,Manginot,mmanginot6w@wikimedia.org,Genderfluid,75.243.20.188
250,Hewie,Fish,hfish6x@live.com,Non-binary,77.89.68.78
251,Wald,Buckston,wbuckston6y@altervista.org,Genderfluid,49.190.169.244
252,Vickie,Treagust,vtreagust6z@ucoz.ru,Female,197.102.123.143
253,Bethina,O'Gready,bogready70@independent.co.uk,Bigender,6.118.15.146
254,Brock,Le Noire,blenoire71@gravatar.com,Male,203.217.10.93
255,Vivianna,Magor,vmagor72@squarespace.com,Genderqueer,239.136.165.168
256,Sergent,Kochl,skochl73@forbes.com,Agender,90.2.175.172
257,Livvie,Andriveau,landriveau74@hp.com,Female,165.200.214.194
258,Meggi,Goss,mgoss75@fc2.com,Genderqueer,105.166.181.200
259,Paxon,Maw,pmaw76@cisco.com,Agender,0.99.29.74
260,Kort,Carp,kcarp77@cbsnews.com,Genderqueer,244.93.33.212
261,Alisun,Bonelle,abonelle78@uol.com.br,Genderqueer,38.5.87.93
262,Shirline,Tomaszkiewicz,stomaszkiewicz79@ycombinator.com,Male,166.255.29.153
263,Marinna,Fairfull,mfairfull7a@flickr.com,Non-binary,204.57.136.1
264,Bunni,Bucksey,bbucksey7b@engadget.com,Polygender,192.43.8.228
265,Cecil,Measom,cmeasom7c@theglobeandmail.com,Polygender,57.123.5.152
266,Maryann,Hirschmann,mhirschmann7d@smugmug.com,Male,216.74.73.241
267,Sacha,Benny,sbenny7e@patch.com,Male,151.7.106.109
268,Ilario,Witherspoon,iwitherspoon7f@indiegogo.com,Bigender,96.216.164.105
269,Tess,Landsman,tlandsman7g@amazon.co.jp,Non-binary,142.164.27.173
270,Alastair,McDermot,amcdermot7h@usda.gov,Agender,36.87.38.60
271,Marion,McCreagh,mmccreagh7i@psu.edu,Agender,143.198.125.19
272,Laurice,Gallifont,lgallifont7j@tripadvisor.com,Genderqueer,89.48.122.217
273,Aubrette,Cranshaw,acranshaw7k@google.com.au,Genderqueer,193.194.216.70
274,Ardys,Losebie,alosebie7l@g.co,Genderqueer,67.138.44.149
275,Philipa,Stirling,pstirling7m@epa.gov,Bigender,79.42.207.36
276,Tiebold,Estick,testick7n@webmd.com,Bigender,10.188.119.116
277,Weidar,Kalkofer,wkalkofer7o@ifeng.com,Female,243.168.150.103
278,Joscelin,Sygroves,jsygroves7p@eepurl.com,Female,228.230.31.231
279,Danielle,Van Bruggen,dvanbruggen7q@google.co.uk,Bigender,65.109.67.202
280,Augustin,Lourenco,alourenco7r@shutterfly.com,Bigender,254.14.178.16
281,Ewan,Tippett,etippett7s@economist.com,Bigender,253.22.237.61
282,Haydon,Pietruszewicz,hpietruszewicz7t@usgs.gov,Bigender,45.217.107.197
283,Marissa,Drogan,mdrogan7u@bbc.co.uk,Bigender,92.241.87.180
284,Portie,Harrell,pharrell7v@hc360.com,Polygender,246.6.64.1
285,Hilde,Tarply,htarply7w@1688.com,Genderqueer,214.14.17.41
286,Jaine,Cardus,jcardus7x@ca.gov,Male,164.177.216.81
287,Ingemar,Menichi,imenichi7y@soup.io,Polygender,58.94.18.81
288,Nady,Erskine Sandys,nerskinesandys7z@chicagotribune.com,Polygender,208.247.104.244
289,Ardelis,Prisk,aprisk80@friendfeed.com,Female,30.98.196.184
290,Luelle,McGunley,lmcgunley81@alexa.com,Genderqueer,67.112.150.24
291,Lazar,Phinn,lphinn82@studiopress.com,Polygender,16.5.108.11
292,Pablo,Beacroft,pbeacroft83@usda.gov,Genderqueer,197.173.187.42
293,Mercy,Willerson,mwillerson84@springer.com,Polygender,241.49.201.163
294,Gal,Jenoure,gjenoure85@google.ru,Polygender,224.88.72.252
295,Fionnula,Libby,flibby86@mac.com,Female,135.235.245.230
296,Arin,Bragge,abragge87@chronoengine.com,Genderqueer,222.34.67.4
297,Moreen,Marris,mmarris88@google.com.au,Genderqueer,179.17.205.232
298,Enrico,Sazio,esazio89@slate.com,Male,208.84.68.162
299,Herc,Ghiriardelli,hghiriardelli8a@vk.com,Genderqueer,226.236.172.46
300,Gracia,Swinford,gswinford8b@un.org,Male,211.35.119.42
301,Susy,Huriche,shuriche8c@photobucket.com,Male,113.166.217.233
302,Andreas,Ewells,aewells8d@furl.net,Polygender,67.142.112.158
303,Florie,Burrell,fburrell8e@reference.com,Male,244.131.42.189
304,Latisha,Conradie,lconradie8f@businesswire.com,Agender,202.33.58.161
305,Penelopa,MacTrusty,pmactrusty8g@ted.com,Male,39.101.232.253
306,Mae,Machan,mmachan8h@buzzfeed.com,Agender,7.229.114.171
307,Johannes,Duffree,jduffree8i@squarespace.com,Polygender,99.210.151.219
308,Annemarie,Rabley,arabley8j@berkeley.edu,Non-binary,81.169.78.117
309,Anjanette,Kleinbaum,akleinbaum8k@mail.ru,Female,17.157.38.79
310,Thalia,Bundock,tbundock8l@squarespace.com,Male,161.133.242.130
311,Kaine,Blaxlande,kblaxlande8m@discovery.com,Agender,236.2.195.159
312,Dunstan,Delepine,ddelepine8n@state.tx.us,Agender,220.178.79.126
313,Debbi,Shimmings,dshimmings8o@multiply.com,Non-binary,185.217.219.135
314,Jessamine,Phin,jphin8p@yahoo.co.jp,Genderfluid,156.141.105.107
315,Crista,Wealleans,cwealleans8q@columbia.edu,Genderqueer,34.202.220.0
316,Eudora,Nudds,enudds8r@google.de,Non-binary,99.177.32.134
317,Karalynn,Ambler,kambler8s@guardian.co.uk,Female,35.179.119.253
318,Ab,Stannion,astannion8t@epa.gov,Male,188.87.8.58
319,Clair,Cuthbertson,ccuthbertson8u@mapy.cz,Bigender,116.187.44.236
320,Lenora,Alpe,lalpe8v@ucoz.com,Polygender,174.162.30.1
321,Stanly,McMackin,smcmackin8w@xing.com,Agender,109.124.21.112
322,Vidovik,Petrovsky,vpetrovsky8x@google.com.au,Bigender,248.214.172.112
323,Deane,Finn,dfinn8y@vimeo.com,Non-binary,213.203.219.132
324,Hieronymus,Abdon,habdon8z@howstuffworks.com,Agender,156.174.148.117
325,Elfrieda,Bolver,ebolver90@apache.org,Polygender,148.13.227.9
326,Shanta,Ainslee,sainslee91@acquirethisname.com,Non-binary,147.229.78.99
327,Chelsea,Aldins,caldins92@about.me,Bigender,170.74.60.123
328,Jakob,Hanscome,jhanscome93@slate.com,Polygender,199.200.45.78
329,Brina,Brithman,bbrithman94@csmonitor.com,Male,98.92.214.92
330,Norry,Rookeby,nrookeby95@indiegogo.com,Polygender,141.169.203.120
331,Therine,Ast,tast96@reuters.com,Agender,56.81.114.74
332,Kylen,Gilbart,kgilbart97@mediafire.com,Genderfluid,102.212.93.121
333,Lemmy,Lief,llief98@state.gov,Genderqueer,238.82.58.50
334,Jewell,Goodacre,jgoodacre99@hao123.com,Female,24.14.55.134
335,Merry,Musk,mmusk9a@privacy.gov.au,Genderqueer,120.183.206.55
336,Nicholle,Vosse,nvosse9b@reddit.com,Bigender,3.19.36.156
337,Brannon,Zupo,bzupo9c@w3.org,Polygender,78.13.26.251
338,Quinta,Kempston,qkempston9d@mozilla.com,Agender,164.96.189.53
339,Callie,Cunney,ccunney9e@hud.gov,Non-binary,234.181.188.77
340,Aubrey,Santi,asanti9f@people.com.cn,Genderfluid,157.105.166.202
341,Clarisse,Vaud,cvaud9g@mapy.cz,Genderqueer,156.210.88.70
342,Fern,Bertomeu,fbertomeu9h@sogou.com,Agender,99.136.112.26
343,Christen,Ternault,cternault9i@amazonaws.com,Polygender,217.108.201.250
344,Kerstin,Daltry,kdaltry9j@jugem.jp,Male,249.202.15.229
345,Doti,Derricoat,dderricoat9k@google.fr,Polygender,75.235.232.43
346,Daron,Pandey,dpandey9l@dell.com,Polygender,9.25.213.190
347,Margot,O'Fearguise,mofearguise9m@gravatar.com,Non-binary,168.125.72.88
348,Hogan,Dreus,hdreus9n@shareasale.com,Male,133.64.78.24
349,Goran,Kelberer,gkelberer9o@simplemachines.org,Male,113.24.197.213
350,Walliw,Twycross,wtwycross9p@live.com,Female,190.199.137.57
351,Dominique,Yeaman,dyeaman9q@studiopress.com,Bigender,151.48.62.251
352,Kerrill,Knightley,kknightley9r@cdc.gov,Bigender,4.135.106.184
353,Rodger,Strewthers,rstrewthers9s@goo.gl,Female,165.112.147.239
354,Roxanne,Stollenbecker,rstollenbecker9t@google.it,Agender,4.47.50.91
355,Emanuele,Eddisforth,eeddisforth9u@sourceforge.net,Agender,17.146.208.210
356,Riley,Raycroft,rraycroft9v@bloglines.com,Bigender,182.92.136.175
357,Ronny,Wookey,rwookey9w@constantcontact.com,Agender,103.108.160.194
358,Nick,Collocott,ncollocott9x@cafepress.com,Genderfluid,73.245.132.132
359,Francisco,Cottie,fcottie9y@japanpost.jp,Female,135.70.47.125
360,Duky,Manna,dmanna9z@macromedia.com,Bigender,172.60.31.208
361,Jack,Morfett,jmorfetta0@wisc.edu,Genderqueer,96.180.107.216
362,Drud,Goolding,dgooldinga1@cocolog-nifty.com,Female,73.163.205.118
363,Livy,Harston,lharstona2@amazon.co.uk,Female,107.142.249.145
364,Hale,Lealle,hleallea3@eepurl.com,Genderqueer,128.93.14.241
365,Maryann,Morrice,mmorricea4@walmart.com,Male,181.149.209.157
366,Hollyanne,Lochran,hlochrana5@foxnews.com,Genderfluid,249.219.14.197
367,Beth,Faltskog,bfaltskoga6@cdc.gov,Agender,103.58.81.54
368,Winni,Abercrombie,wabercrombiea7@is.gd,Genderfluid,234.245.44.178
369,Pammy,Stoke,pstokea8@xrea.com,Female,41.48.228.137
370,Guglielma,Viollet,gviolleta9@istockphoto.com,Bigender,242.174.189.152
371,Christalle,Livingstone,clivingstoneaa@exblog.jp,Agender,183.48.97.113
372,Bank,Sollowaye,bsollowayeab@cisco.com,Genderfluid,88.65.205.159
373,Patrizio,Gipson,pgipsonac@arstechnica.com,Genderfluid,25.156.54.113
374,Salli,Verryan,sverryanad@craigslist.org,Non-binary,99.69.119.182
375,Ryun,O'Flaverty,roflavertyae@cpanel.net,Male,100.12.82.122
376,Ozzie,Blockey,oblockeyaf@4shared.com,Non-binary,196.203.67.174
377,Broddy,Olivelli,bolivelliag@posterous.com,Male,38.241.148.183
378,Alvina,Greatreax,agreatreaxah@rambler.ru,Male,215.246.100.165
379,Elisabetta,Noto,enotoai@surveymonkey.com,Male,219.107.201.94
380,Lucretia,Edwinson,ledwinsonaj@blogspot.com,Non-binary,254.37.145.210
381,Finlay,Touzey,ftouzeyak@unblog.fr,Genderfluid,25.222.144.36
382,Inger,Brunelli,ibrunellial@gizmodo.com,Genderqueer,53.107.99.33
383,Elliott,Wilmington,ewilmingtonam@reverbnation.com,Female,165.67.1.16
384,Cesaro,Gregoretti,cgregorettian@vimeo.com,Genderqueer,220.85.119.148
385,Sky,Gail,sgailao@yahoo.com,Bigender,157.179.109.37
386,Duane,Tregust,dtregustap@devhub.com,Bigender,235.94.47.164
387,Fred,Norquoy,fnorquoyaq@deviantart.com,Bigender,213.205.64.202
388,Irina,Briscam,ibriscamar@amazon.co.uk,Male,184.3.105.2
389,Cher,Swatton,cswattonas@google.ru,Polygender,27.52.161.32
390,Ginger,Syphas,gsyphasat@webeden.co.uk,Agender,55.83.123.170
391,Dalston,Cuniffe,dcuniffeau@google.es,Agender,132.217.187.92
392,Merna,Heavy,mheavyav@mit.edu,Bigender,194.199.166.150
393,Austine,Cornier,acornieraw@independent.co.uk,Male,174.61.51.214
394,Ronda,Melpuss,rmelpussax@t-online.de,Agender,99.215.150.86
395,Meagan,Pinson,mpinsonay@toplist.cz,Bigender,159.24.34.209
396,Archibold,Dailly,adaillyaz@fc2.com,Female,226.222.97.63
397,Fara,Melmar,fmelmarb0@wisc.edu,Non-binary,182.21.184.136
398,Jourdan,Huckstepp,jhucksteppb1@usatoday.com,Non-binary,214.227.50.95
399,Maddy,Winthrop,mwinthropb2@slashdot.org,Genderqueer,81.4.205.125
400,Pauly,Tommaseo,ptommaseob3@statcounter.com,Bigender,54.107.168.2
401,Allyn,Luckcock,aluckcockb4@blinklist.com,Non-binary,237.161.216.121
402,Brit,Luff,bluffb5@foxnews.com,Female,113.217.31.231
403,Marius,MacCombe,mmaccombeb6@nps.gov,Genderqueer,240.2.65.229
404,Marion,Rissom,mrissomb7@buzzfeed.com,Genderfluid,204.132.222.93
405,Maisey,Riddall,mriddallb8@topsy.com,Polygender,137.154.103.52
406,Anna,Eteen,aeteenb9@desdev.cn,Agender,211.180.170.64
407,Katherine,Carlill,kcarlillba@deviantart.com,Genderqueer,70.172.205.163
408,Dale,Cowsby,dcowsbybb@nasa.gov,Bigender,11.40.218.234
409,Brinna,Da Costa,bdacostabc@last.fm,Genderqueer,174.174.173.71
410,Wilbur,McCollum,wmccollumbd@upenn.edu,Non-binary,240.202.136.139
411,Camille,Sowrey,csowreybe@umn.edu,Male,155.112.21.252
412,Antoine,Giametti,agiamettibf@etsy.com,Agender,216.24.158.62
413,Dagny,Asmus,dasmusbg@archive.org,Bigender,106.14.155.49
414,Gabriela,Dumigan,gdumiganbh@disqus.com,Polygender,121.185.87.254
415,Juliana,Burtwell,jburtwellbi@ed.gov,Genderfluid,124.157.109.147
416,Arlena,Lorente,alorentebj@google.com.au,Bigender,150.46.253.70
417,Morgan,Beecham,mbeechambk@wsj.com,Bigender,239.153.52.82
418,Abramo,Burling,aburlingbl@naver.com,Polygender,9.91.137.214
419,Karleen,Cheston,kchestonbm@wp.com,Agender,50.164.30.188
420,Hyacinthie,Baudacci,hbaudaccibn@oaic.gov.au,Genderqueer,224.86.195.94
421,Chrystel,Brandes,cbrandesbo@privacy.gov.au,Genderfluid,87.240.187.189
422,Vinni,Agnolo,vagnolobp@bing.com,Male,119.230.204.240
423,Saxon,Schimmang,sschimmangbq@ft.com,Genderqueer,209.231.7.84
424,Marrissa,Dilke,mdilkebr@exblog.jp,Agender,182.219.193.200
425,Jemimah,Bailie,jbailiebs@google.co.uk,Genderfluid,117.9.29.81
426,Alfredo,Gadsden,agadsdenbt@sbwire.com,Bigender,132.108.209.222
427,Dacia,Inglis,dinglisbu@nytimes.com,Male,103.137.75.226
428,Lyndsey,Bilovus,lbilovusbv@usnews.com,Genderqueer,32.93.118.144
429,Gusti,Grishmanov,ggrishmanovbw@elpais.com,Genderfluid,54.206.48.16
430,Amalle,Bollans,abollansbx@taobao.com,Polygender,72.50.21.45
431,Claybourne,Bicknell,cbicknellby@reverbnation.com,Polygender,102.132.154.76
432,Terza,Perigeaux,tperigeauxbz@ning.com,Genderqueer,108.105.116.122
433,Stuart,Wellington,swellingtonc0@reference.com,Genderqueer,125.33.11.150
434,Christopher,Brandes,cbrandesc1@sogou.com,Polygender,119.228.77.163
435,Latashia,Amy,lamyc2@chronoengine.com,Female,177.7.34.246
436,Carmita,Pettyfer,cpettyferc3@unc.edu,Bigender,165.232.15.170
437,Allina,Jacquemard,ajacquemardc4@drupal.org,Bigender,199.123.22.142
438,Hartwell,Wheelband,hwheelbandc5@geocities.jp,Bigender,75.38.151.38
439,Virgie,Miguel,vmiguelc6@stumbleupon.com,Male,250.25.152.205
440,Riannon,Gilderoy,rgilderoyc7@blogs.com,Bigender,206.79.40.48
441,Inessa,Ajsik,iajsikc8@feedburner.com,Male,52.250.193.212
442,Bailie,Alldridge,balldridgec9@usgs.gov,Agender,51.131.170.216
443,Filmer,Flahy,fflahyca@acquirethisname.com,Agender,182.161.118.174
444,Thibaud,Trever,ttrevercb@twitpic.com,Non-binary,109.109.21.211
445,Tucker,Eglise,teglisecc@wix.com,Genderqueer,159.42.85.203
446,Clarette,Mil,cmilcd@mlb.com,Non-binary,250.150.219.129
447,Millard,Averay,maverayce@last.fm,Bigender,40.186.109.36
448,Gabriellia,Genthner,ggenthnercf@adobe.com,Bigender,246.100.189.18
449,Leeland,Ekins,lekinscg@microsoft.com,Bigender,209.221.94.58
450,Viviene,Huchot,vhuchotch@cornell.edu,Male,141.216.19.133
451,Dorothee,Sands-Allan,dsandsallanci@goo.ne.jp,Polygender,19.24.228.75
452,Alison,Cressingham,acressinghamcj@spotify.com,Bigender,35.162.205.55
453,Gavan,Wildey,gwildeyck@xing.com,Agender,44.142.62.213
454,Nigel,Winspare,nwinsparecl@github.com,Genderqueer,39.34.142.91
455,Rhodia,Devoy,rdevoycm@amazon.com,Polygender,237.119.110.3
456,Charley,Dimitrov,cdimitrovcn@ask.com,Male,70.94.213.192
457,Moore,Gregol,mgregolco@ucla.edu,Genderfluid,100.91.166.205
458,Elvira,Gibling,egiblingcp@stanford.edu,Female,206.170.229.165
459,Rebecka,McGuff,rmcguffcq@adobe.com,Female,152.32.74.113
460,Madel,Craze,mcrazecr@webeden.co.uk,Genderfluid,170.186.199.26
461,Elyse,Stemson,estemsoncs@de.vu,Agender,94.186.27.135
462,Blair,Steggals,bsteggalsct@amazon.co.jp,Genderqueer,14.142.3.39
463,Armin,Redmire,aredmirecu@google.com.hk,Bigender,85.75.110.175
464,Tedi,MacShirrie,tmacshirriecv@weebly.com,Agender,128.238.71.219
465,Amata,Maine,amainecw@wsj.com,Polygender,166.176.175.72
466,Kalila,Summons,ksummonscx@go.com,Non-binary,247.102.88.85
467,Sammie,Jedrzejkiewicz,sjedrzejkiewiczcy@dot.gov,Polygender,220.249.162.41
468,Kiah,McVeagh,kmcveaghcz@dedecms.com,Genderqueer,197.10.101.99
469,Gottfried,Raiker,graikerd0@census.gov,Genderfluid,106.19.168.92
470,Keary,Dunbleton,kdunbletond1@wiley.com,Genderqueer,155.81.230.241
471,Dinny,Snoxall,dsnoxalld2@illinois.edu,Non-binary,80.101.79.219
472,Jeanelle,Amthor,jamthord3@reddit.com,Genderqueer,172.4.106.174
473,Amaleta,Pilcher,apilcherd4@reverbnation.com,Female,103.218.159.14
474,Pierson,Jerdan,pjerdand5@de.vu,Genderfluid,228.60.82.191
475,Mireielle,Melville,mmelvilled6@mit.edu,Genderqueer,159.105.184.219
476,Thane,Hardes,thardesd7@51.la,Agender,86.38.194.146
477,Jody,Davsley,jdavsleyd8@sbwire.com,Male,163.142.65.200
478,Kipper,Leveridge,kleveridged9@yahoo.com,Agender,205.247.132.7
479,Reeba,Zipsell,rzipsellda@stanford.edu,Genderfluid,187.181.22.141
480,Nap,Rennie,nrenniedb@scientificamerican.com,Polygender,54.252.233.29
481,Merrel,Gallanders,mgallandersdc@hibu.com,Genderfluid,202.158.205.160
482,Aleksandr,Letrange,aletrangedd@discuz.net,Genderfluid,43.149.123.133
483,Ileana,Gentle,igentlede@unicef.org,Genderfluid,27.218.241.115
484,Ella,Caven,ecavendf@businessinsider.com,Non-binary,68.107.149.17
485,Lura,Dwelling,ldwellingdg@admin.ch,Female,59.128.18.202
486,Oliver,Renton,orentondh@artisteer.com,Polygender,233.55.169.83
487,Ansley,Snartt,asnarttdi@washington.edu,Non-binary,128.109.113.98
488,Rheba,Giamitti,rgiamittidj@blinklist.com,Bigender,84.213.178.231
489,Jessa,Shannahan,jshannahandk@si.edu,Bigender,158.169.209.45
490,Mara,Richardes,mrichardesdl@feedburner.com,Female,50.79.177.56
491,Shirl,Bott,sbottdm@tuttocitta.it,Genderfluid,77.69.7.50
492,Nancey,Chrishop,nchrishopdn@prnewswire.com,Genderqueer,127.81.140.134
493,Brien,Rimour,brimourdo@tripod.com,Agender,226.141.21.8
494,Gratia,Tidder,gtidderdp@is.gd,Bigender,15.124.95.161
495,Jermayne,Bridgman,jbridgmandq@amazon.de,Genderfluid,2.133.190.177
496,Dal,Barnett,dbarnettdr@mlb.com,Female,140.73.212.163
497,Shanda,Romanelli,sromanellids@nytimes.com,Polygender,219.57.165.81
498,Hill,Very,hverydt@a8.net,Polygender,119.108.6.248
499,Fredelia,Bratley,fbratleydu@hc360.com,Female,155.6.49.145
500,Kristofor,Tallman,ktallmandv@4shared.com,Bigender,86.227.150.167
501,Caryn,Coslitt,ccoslittdw@archive.org,Genderqueer,34.65.230.230
502,Egon,Stanfield,estanfielddx@ucoz.com,Agender,180.33.81.85
503,Orsa,Howton,ohowtondy@apache.org,Agender,179.204.216.22
504,Cookie,La Wille,clawilledz@blogtalkradio.com,Male,146.197.246.19
505,Alia,Ambrosio,aambrosioe0@tripadvisor.com,Non-binary,168.150.242.231
506,Eli,Braybrookes,ebraybrookese1@hc360.com,Polygender,90.136.114.34
507,Jeana,Rowles,jrowlese2@blinklist.com,Polygender,162.6.190.197
508,Walther,Karolowski,wkarolowskie3@senate.gov,Agender,152.115.222.186
509,Winfield,Tynewell,wtynewelle4@odnoklassniki.ru,Male,13.79.149.133
510,Issie,Rimmington,irimmingtone5@prlog.org,Genderqueer,195.69.177.253
511,Ricki,Malloy,rmalloye6@army.mil,Male,9.114.113.255
512,Demetris,Bessell,dbesselle7@wunderground.com,Female,173.186.19.28
513,Lavinie,Nann,lnanne8@vistaprint.com,Female,147.194.22.131
514,Bertrand,Ventom,bventome9@shutterfly.com,Non-binary,255.168.55.155
515,Neddie,Toffanelli,ntoffanelliea@upenn.edu,Agender,218.233.204.56
516,Mauricio,Airth,mairtheb@oakley.com,Polygender,93.12.224.124
517,Ettie,Antognazzi,eantognazziec@g.co,Male,186.223.127.31
518,Constancia,Cissen,ccissened@bing.com,Female,111.82.36.93
519,Henrie,Cockin,hcockinee@vinaora.com,Non-binary,48.230.155.142
520,Allianora,Gateman,agatemanef@ocn.ne.jp,Polygender,191.52.181.211
521,Corenda,Arblaster,carblastereg@eepurl.com,Bigender,213.135.16.26
522,Karina,Bellenie,kbellenieeh@lulu.com,Genderfluid,122.176.95.122
523,Chrotoem,Iddins,ciddinsei@google.co.jp,Agender,137.149.97.35
524,Ade,Hegges,aheggesej@msu.edu,Agender,103.110.26.220
525,Babette,Zanini,bzaniniek@reference.com,Male,50.61.10.157
526,Cordy,Londer,clonderel@wikimedia.org,Genderfluid,95.185.189.6
527,Norbie,McAree,nmcareeem@tumblr.com,Male,156.139.59.70
528,Ted,Marking,tmarkingen@bluehost.com,Male,89.230.123.148
529,Katharine,Sidden,ksiddeneo@redcross.org,Genderqueer,153.227.222.172
530,Harwell,Walshe,hwalsheep@nytimes.com,Bigender,53.198.196.254
531,Lazarus,Paulat,lpaulateq@bloglines.com,Genderqueer,71.80.74.130
532,Devinne,Perutto,dperuttoer@dailymotion.com,Male,8.127.137.44
533,Dotti,Yearn,dyearnes@usa.gov,Bigender,1.0.24.217
534,Nariko,Fargher,nfargheret@cdbaby.com,Genderqueer,66.70.36.51
535,Dani,Zarfati,dzarfatieu@samsung.com,Genderqueer,10.59.185.120
536,Marrilee,Belmont,mbelmontev@hao123.com,Male,183.23.214.251
537,Luigi,Labadini,llabadiniew@google.pl,Genderfluid,112.30.0.208
538,Lindsay,Gallo,lgalloex@cdc.gov,Non-binary,166.31.236.6
539,Gwendolin,Nix,gnixey@shutterfly.com,Bigender,32.219.213.15
540,Legra,Sanney,lsanneyez@edublogs.org,Agender,47.66.91.247
541,Loren,Billiard,lbilliardf0@creativecommons.org,Female,83.183.64.42
542,Mikael,Bilbery,mbilberyf1@stanford.edu,Non-binary,240.122.231.195
543,Benedick,Creffeild,bcreffeildf2@ihg.com,Male,175.28.141.122
544,Abagael,Dutnell,adutnellf3@youtube.com,Polygender,64.93.82.19
545,Court,Cleugh,ccleughf4@hatena.ne.jp,Female,251.193.95.249
546,Diane-marie,Dagworthy,ddagworthyf5@google.com,Female,64.35.60.138
547,Lea,Puddephatt,lpuddephattf6@thetimes.co.uk,Agender,92.68.253.26
548,Onfroi,Durnall,odurnallf7@pen.io,Polygender,20.167.127.204
549,Gertrude,Kroch,gkrochf8@vimeo.com,Non-binary,179.95.179.114
550,Angie,O' Sullivan,aosullivanf9@harvard.edu,Male,212.110.56.174
551,Daron,Blaisdell,dblaisdellfa@usnews.com,Female,153.204.57.4
552,Sinclare,Uc,sucfb@goo.ne.jp,Genderqueer,64.184.83.138
553,Arlan,Matuszinski,amatuszinskifc@constantcontact.com,Polygender,122.223.35.18
554,Kristopher,Brede,kbredefd@odnoklassniki.ru,Agender,80.167.174.37
555,Tansy,Hindrick,thindrickfe@ovh.net,Genderfluid,47.153.161.126
556,Theressa,Henriksson,thenrikssonff@hexun.com,Female,104.72.23.166
557,Poul,Stirrip,pstirripfg@goo.gl,Bigender,187.69.92.65
558,Pauly,Scranney,pscranneyfh@ibm.com,Male,97.181.249.31
559,Alford,Heaphy,aheaphyfi@businesswire.com,Non-binary,128.13.23.94
560,Jard,O'Kane,jokanefj@printfriendly.com,Polygender,1.156.186.181
561,Prinz,Ballingal,pballingalfk@indiatimes.com,Female,96.44.190.203
562,Bail,Hobbema,bhobbemafl@mac.com,Genderqueer,14.17.0.245
563,Andra,Tregenna,atregennafm@irs.gov,Polygender,24.127.254.35
564,Davide,Tallowin,dtallowinfn@weather.com,Genderfluid,233.248.143.53
565,Madalyn,Ellerton,mellertonfo@angelfire.com,Genderfluid,209.109.134.220
566,Vivyanne,Schirak,vschirakfp@fastcompany.com,Bigender,204.155.72.224
567,Perren,Stent,pstentfq@craigslist.org,Agender,225.172.220.148
568,Durand,Priter,dpriterfr@nationalgeographic.com,Agender,190.217.217.97
569,Chickie,Kalf,ckalffs@wikia.com,Polygender,3.14.253.157
570,Gabrielle,Hadny,ghadnyft@goo.gl,Polygender,54.23.48.149
571,Sisely,Normanville,snormanvillefu@godaddy.com,Male,113.219.58.115
572,Sean,Habben,shabbenfv@google.es,Bigender,254.64.237.113
573,Mikaela,Londing,mlondingfw@unblog.fr,Male,209.7.194.237
574,Jasen,Grayshon,jgrayshonfx@pcworld.com,Female,118.57.159.129
575,Ximenes,Stelfox,xstelfoxfy@webmd.com,Bigender,0.130.123.247
576,Frayda,Trowl,ftrowlfz@howstuffworks.com,Polygender,90.17.60.52
577,Anne,Ronayne,aronayneg0@slideshare.net,Male,225.117.108.15
578,Nelson,Icom,nicomg1@google.ru,Polygender,8.51.226.110
579,Coreen,Hubbert,chubbertg2@bluehost.com,Genderqueer,115.202.225.111
580,Danie,Coolbear,dcoolbearg3@github.io,Female,36.154.63.197
581,Orran,Kaplin,okapling4@jalbum.net,Agender,132.104.138.166
582,Oby,Lejeune,olejeuneg5@weather.com,Non-binary,150.10.183.0
583,Lorianne,Drinkel,ldrinkelg6@unesco.org,Male,139.239.116.82
584,Osbert,Ramshaw,oramshawg7@t-online.de,Polygender,176.52.149.211
585,Winn,Jocelyn,wjocelyng8@buzzfeed.com,Genderfluid,105.31.97.131
586,Jethro,Rintoul,jrintoulg9@wired.com,Bigender,136.241.89.191
587,Alyce,Ludovici,aludoviciga@europa.eu,Polygender,56.235.187.217
588,Jacquelynn,Allderidge,jallderidgegb@newsvine.com,Female,187.202.109.48
589,Mead,O'Dyvoie,modyvoiegc@joomla.org,Agender,3.246.225.176
590,Charmine,McGinny,cmcginnygd@vimeo.com,Bigender,73.104.32.173
591,Suzanne,Prozescky,sprozesckyge@thetimes.co.uk,Genderfluid,166.74.5.139
592,Lothaire,Screase,lscreasegf@dyndns.org,Genderqueer,224.205.226.75
593,Sibeal,Baudy,sbaudygg@mac.com,Genderqueer,118.235.69.202
594,Darryl,Newson,dnewsongh@reverbnation.com,Female,248.118.63.189
595,Eric,MacKeever,emackeevergi@va.gov,Agender,53.89.157.252
596,Haleigh,Reuben,hreubengj@pen.io,Non-binary,10.179.117.165
597,Calypso,Enright,cenrightgk@wikispaces.com,Polygender,194.131.212.29
598,Zack,Gozzard,zgozzardgl@photobucket.com,Polygender,167.51.240.45
599,Estele,Ghidetti,eghidettigm@nih.gov,Female,184.54.126.253
600,Ciel,Paslow,cpaslowgn@paginegialle.it,Genderqueer,125.93.198.142
601,Rochell,Worswick,rworswickgo@aol.com,Polygender,138.138.129.254
602,Ethelind,MacDiarmid,emacdiarmidgp@imgur.com,Male,26.86.207.132
603,Perl,Labb,plabbgq@51.la,Bigender,30.174.78.34
604,Beryl,Vasyukhichev,bvasyukhichevgr@studiopress.com,Male,39.222.146.236
605,Corina,Chalfain,cchalfaings@newsvine.com,Genderfluid,6.201.14.77
606,Selig,Denham,sdenhamgt@admin.ch,Genderqueer,240.12.144.102
607,Kiley,Fenty,kfentygu@multiply.com,Genderqueer,225.211.181.1
608,Lorenza,Pauncefort,lpauncefortgv@facebook.com,Female,174.254.208.22
609,Guglielmo,Dole,gdolegw@spotify.com,Polygender,87.130.41.72
610,Linnell,Tarborn,ltarborngx@ehow.com,Male,81.37.198.50
611,Leia,Pettko,lpettkogy@nba.com,Bigender,24.125.14.88
612,Bart,Guillotin,bguillotingz@adobe.com,Male,50.225.16.176
613,Odelinda,Moroney,omoroneyh0@si.edu,Female,41.225.3.93
614,Hewitt,Coviello,hcovielloh1@addtoany.com,Agender,94.216.39.197
615,Walton,Roblett,wrobletth2@dmoz.org,Genderqueer,36.10.147.61
616,Ferdinanda,Hedges,fhedgesh3@cbc.ca,Genderqueer,98.228.144.19
617,Kara-lynn,Harker,kharkerh4@ftc.gov,Genderqueer,238.177.128.4
618,Hilliary,Bleakman,hbleakmanh5@surveymonkey.com,Female,123.92.148.77
619,Mina,Matz,mmatzh6@phpbb.com,Female,171.213.65.70
620,Nady,Helsdon,nhelsdonh7@discuz.net,Bigender,34.98.124.141
621,Brant,Ingree,bingreeh8@pcworld.com,Genderqueer,98.86.3.202
622,Gertruda,Drysdell,gdrysdellh9@360.cn,Male,44.168.37.247
623,Orazio,Godehard.sf,ogodehardsfha@sohu.com,Genderfluid,123.54.213.151
624,Ludwig,Ellul,lellulhb@comcast.net,Genderqueer,119.118.115.7
625,Melessa,Dunkley,mdunkleyhc@bbc.co.uk,Genderqueer,227.144.252.175
626,Puff,Mc Caghan,pmccaghanhd@gnu.org,Male,66.181.116.198
627,Griffy,Dearman,gdearmanhe@phoca.cz,Female,130.117.137.46
628,Teodora,Liggons,tliggonshf@rakuten.co.jp,Non-binary,60.139.163.103
629,Verene,Viggars,vviggarshg@bbb.org,Female,125.207.1.122
630,Darin,Flatley,dflatleyhh@paypal.com,Female,112.227.125.187
631,Devan,Holdin,dholdinhi@guardian.co.uk,Male,155.109.91.223
632,Korney,Slobom,kslobomhj@businesswire.com,Bigender,79.171.121.164
633,Cecilia,Cherrington,ccherringtonhk@cnet.com,Male,49.197.27.67
634,Jakie,Ternott,jternotthl@sciencedaily.com,Genderqueer,0.144.93.115
635,Matty,Tomley,mtomleyhm@arstechnica.com,Female,23.185.101.102
636,Allister,Lomond,alomondhn@ft.com,Non-binary,10.122.178.128
637,Maje,Jankovsky,mjankovskyho@mtv.com,Non-binary,82.14.218.113
638,Basile,Galbraeth,bgalbraethhp@ning.com,Agender,65.195.219.174
639,Laurie,Sperwell,lsperwellhq@51.la,Genderqueer,209.136.51.247
640,Anjanette,Belin,abelinhr@bandcamp.com,Genderqueer,182.197.144.82
641,Pauly,Seven,psevenhs@people.com.cn,Non-binary,89.190.22.110
642,Marley,Swaton,mswatonht@twitter.com,Polygender,19.254.251.100
643,Rod,Schieferstein,rschiefersteinhu@fda.gov,Genderfluid,17.178.165.60
644,Bran,Mordin,bmordinhv@hatena.ne.jp,Non-binary,194.157.134.44
645,Scot,Lindgren,slindgrenhw@china.com.cn,Bigender,76.203.4.41
646,Hannis,Armytage,harmytagehx@comcast.net,Agender,117.183.151.115
647,Vinita,Vials,vvialshy@mit.edu,Bigender,64.20.69.227
648,Seana,Madison,smadisonhz@marketwatch.com,Agender,201.113.245.199
649,Cirstoforo,Scahill,cscahilli0@engadget.com,Agender,164.152.56.109
650,Randolph,Ravenscroftt,rravenscroftti1@pen.io,Non-binary,76.238.24.128
651,Dunc,Ziehm,dziehmi2@ihg.com,Polygender,60.58.95.108
652,Samaria,Alway,salwayi3@slate.com,Polygender,191.102.98.61
653,Jedediah,Kerbey,jkerbeyi4@e-recht24.de,Genderqueer,149.153.43.140
654,Conrade,Titmus,ctitmusi5@oakley.com,Bigender,7.97.178.47
655,Guss,Dowden,gdowdeni6@twitpic.com,Female,253.156.96.246
656,Kristi,Songist,ksongisti7@nationalgeographic.com,Non-binary,216.117.125.15
657,Albert,Eagers,aeagersi8@wikispaces.com,Bigender,109.38.70.92
658,Cordell,Toffanini,ctoffaninii9@gizmodo.com,Female,68.112.253.102
659,Inessa,Raeside,iraesideia@wikia.com,Genderqueer,158.223.54.91
660,Nealon,Simmonett,nsimmonettib@yelp.com,Non-binary,61.133.46.140
661,Tonia,Tollow,ttollowic@miitbeian.gov.cn,Male,217.16.191.25
662,Spenser,Lacroix,slacroixid@adobe.com,Female,151.170.206.76
663,Guendolen,Verbruggen,gverbruggenie@histats.com,Bigender,121.3.67.27
664,Dwight,Abramovitch,dabramovitchif@ucla.edu,Male,188.67.27.124
665,Thom,Matthias,tmatthiasig@cafepress.com,Genderfluid,204.82.58.123
666,Dore,Sheepy,dsheepyih@csmonitor.com,Genderqueer,156.203.150.85
667,Lauree,Kellet,lkelletii@pen.io,Bigender,225.151.212.2
668,Ashlin,Ryding,arydingij@eepurl.com,Genderqueer,214.159.167.42
669,Aurelea,Dawidowicz,adawidowiczik@mtv.com,Bigender,240.183.135.225
670,Stafford,Andrewartha,sandrewarthail@jalbum.net,Male,16.172.9.172
671,Reeva,Corwin,rcorwinim@usda.gov,Bigender,221.198.21.129
672,Julie,Keeting,jkeetingin@vk.com,Genderfluid,51.14.254.115
673,Lin,Duesbury,lduesburyio@hibu.com,Genderfluid,45.249.122.161
674,Delphinia,Maynell,dmaynellip@princeton.edu,Female,31.52.157.66
675,Patrizio,Klaes,pklaesiq@unblog.fr,Male,58.230.49.1
676,Christian,Shillom,cshillomir@linkedin.com,Bigender,150.54.64.233
677,Teresita,Bennallck,tbennallckis@reuters.com,Male,23.169.133.183
678,Pooh,Griswaite,pgriswaiteit@mediafire.com,Genderqueer,89.188.164.103
679,Chas,Blunt,cbluntiu@amazon.com,Genderfluid,10.120.3.128
680,Lynette,Cheers,lcheersiv@blogger.com,Genderqueer,98.139.149.46
681,Alfred,De Mattei,adematteiiw@networksolutions.com,Bigender,124.115.145.247
682,Toby,Dayborne,tdayborneix@time.com,Non-binary,27.238.237.73
683,Irving,Bearblock,ibearblockiy@ask.com,Bigender,252.30.72.55
684,Clarence,Sweed,csweediz@illinois.edu,Polygender,218.143.185.27
685,Lurline,Antunez,lantunezj0@clickbank.net,Bigender,55.15.7.234
686,Minne,Grand,mgrandj1@unicef.org,Genderfluid,8.219.213.130
687,Ernestus,Bamsey,ebamseyj2@scribd.com,Female,162.0.155.220
688,Alyce,Pleming,aplemingj3@behance.net,Non-binary,69.141.231.1
689,Faulkner,Quincey,fquinceyj4@sphinn.com,Agender,74.140.208.227
690,Jacob,Maffioletti,jmaffiolettij5@weather.com,Male,125.114.43.32
691,Avigdor,Skirvane,askirvanej6@yahoo.com,Non-binary,42.10.210.215
692,Blaire,Donnellan,bdonnellanj7@sohu.com,Genderqueer,27.236.72.28
693,Orson,Broadnicke,obroadnickej8@t-online.de,Female,91.171.79.61
694,Solly,Tivolier,stivolierj9@simplemachines.org,Male,149.40.71.159
695,Stella,Boorn,sboornja@hexun.com,Bigender,244.210.73.59
696,Lannie,Cunniffe,lcunniffejb@elegantthemes.com,Female,111.35.225.143
697,Devina,Delnevo,ddelnevojc@princeton.edu,Female,46.201.247.209
698,Cesare,Mattiazzi,cmattiazzijd@gnu.org,Bigender,209.10.75.205
699,Silas,Tristram,stristramje@deliciousdays.com,Genderqueer,241.19.238.83
700,Marcelo,Rusling,mruslingjf@studiopress.com,Polygender,160.18.59.127
701,Muffin,Dorkin,mdorkinjg@stanford.edu,Genderfluid,174.227.93.186
702,Seymour,Alexandersen,salexandersenjh@indiatimes.com,Non-binary,178.202.189.45
703,Evered,MacPeice,emacpeiceji@slideshare.net,Genderfluid,0.144.182.241
704,Tobi,Leipoldt,tleipoldtjj@rakuten.co.jp,Male,242.155.105.37
705,Torie,Walster,twalsterjk@cnbc.com,Polygender,162.231.195.39
706,Berkly,Etherton,bethertonjl@domainmarket.com,Bigender,60.65.55.3
707,Barbara,Deakes,bdeakesjm@ow.ly,Polygender,105.187.150.52
708,Allyn,Benech,abenechjn@myspace.com,Agender,162.230.196.247
709,Constantin,Gronou,cgronoujo@spotify.com,Genderqueer,54.222.143.119
710,Jonell,Gumery,jgumeryjp@sakura.ne.jp,Bigender,69.40.26.145
711,Erie,McGiffin,emcgiffinjq@cbslocal.com,Polygender,82.18.164.194
712,Nikos,Assante,nassantejr@miibeian.gov.cn,Female,5.82.195.220
713,Kit,Glynn,kglynnjs@gnu.org,Female,114.180.185.100
714,Dee dee,De Dei,ddedeijt@webnode.com,Bigender,98.15.142.4
715,Sande,Rudall,srudallju@google.com.br,Genderqueer,42.31.19.159
716,Xenia,Castagnaro,xcastagnarojv@stanford.edu,Genderfluid,74.5.145.201
717,Catharine,Arniz,carnizjw@businessinsider.com,Agender,90.247.52.101
718,Darcy,Bowart,dbowartjx@huffingtonpost.com,Female,151.125.94.132
719,Emmy,Monkman,emonkmanjy@vk.com,Genderqueer,22.127.249.206
720,Libbi,Pund,lpundjz@fotki.com,Female,134.125.245.236
721,Merill,Moxom,mmoxomk0@ezinearticles.com,Bigender,250.234.243.8
722,Pavel,Alderwick,palderwickk1@wisc.edu,Male,113.12.24.28
723,Andie,Staden,astadenk2@over-blog.com,Polygender,94.245.79.125
724,Eran,Paskins,epaskinsk3@opera.com,Genderfluid,90.189.165.210
725,Simon,Caley,scaleyk4@blogger.com,Bigender,87.158.251.69
726,Mariska,Bowling,mbowlingk5@java.com,Agender,69.144.23.49
727,Regan,Tamblyn,rtamblynk6@yellowbook.com,Non-binary,240.71.119.16
728,Bobbette,Russel,brusselk7@linkedin.com,Bigender,124.65.148.167
729,Garold,Murrhaupt,gmurrhauptk8@typepad.com,Agender,101.181.101.242
730,Bevon,Leasor,bleasork9@whitehouse.gov,Genderfluid,123.161.144.186
731,Beaufort,Edmondson,bedmondsonka@senate.gov,Male,191.75.42.51
732,Leta,Stenyng,lstenyngkb@nature.com,Non-binary,10.242.224.188
733,Nicki,Lording,nlordingkc@jugem.jp,Genderqueer,222.246.171.179
734,Cary,Rubbert,crubbertkd@imgur.com,Polygender,29.106.141.238
735,Rosaline,Davidsson,rdavidssonke@alexa.com,Genderqueer,210.230.40.56
736,Lisette,Brownlie,lbrownliekf@prweb.com,Non-binary,6.227.243.46
737,Christi,Pedroli,cpedrolikg@japanpost.jp,Genderqueer,37.82.75.242
738,Hasty,Kemster,hkemsterkh@youtu.be,Genderqueer,111.255.254.130
739,Caterina,Edgeworth,cedgeworthki@ted.com,Genderfluid,176.153.196.88
740,Arlin,Wastall,awastallkj@cbsnews.com,Agender,53.106.11.144
741,Brod,Fordyce,bfordycekk@sohu.com,Agender,1.127.34.249
742,Christoforo,Glendza,cglendzakl@sciencedaily.com,Polygender,108.169.170.132
743,Biddie,Kinner,bkinnerkm@jiathis.com,Polygender,122.220.245.253
744,Bernelle,Dallyn,bdallynkn@addthis.com,Genderfluid,184.38.84.104
745,Rabbi,Swindells,rswindellsko@xinhuanet.com,Bigender,86.26.101.61
746,Douglass,Kettell,dkettellkp@1und1.de,Genderqueer,223.166.129.137
747,Hailee,Panas,hpanaskq@list-manage.com,Genderfluid,2.244.90.12
748,Karole,Banbrigge,kbanbriggekr@liveinternet.ru,Male,66.198.174.185
749,Ahmad,Hulk,ahulkks@imageshack.us,Bigender,175.131.201.196
750,Esmeralda,O'Cosgra,eocosgrakt@cnbc.com,Non-binary,75.156.205.237
751,Ervin,Saban,esabanku@cdc.gov,Female,7.107.221.68
752,Erma,Life,elifekv@netlog.com,Agender,168.69.236.188
753,Reg,Toman,rtomankw@ucoz.com,Polygender,31.160.58.238
754,Kate,Volet,kvoletkx@istockphoto.com,Non-binary,83.77.17.109
755,Lannie,Furmston,lfurmstonky@hugedomains.com,Genderqueer,52.157.35.85
756,Mateo,Kristufek,mkristufekkz@sohu.com,Polygender,29.91.7.144
757,Kendricks,Rosnau,krosnaul0@nyu.edu,Bigender,60.254.137.71
758,Leoine,Thieme,lthiemel1@cnbc.com,Genderfluid,142.49.105.162
759,Nappy,Daniely,ndanielyl2@nps.gov,Non-binary,31.105.102.236
760,Boothe,Rouf,broufl3@hexun.com,Non-binary,172.212.144.59
761,Leisha,McKellar,lmckellarl4@samsung.com,Bigender,33.84.234.21
762,Ingamar,Malt,imaltl5@indiatimes.com,Agender,151.224.191.224
763,Mildrid,Burgan,mburganl6@usgs.gov,Non-binary,138.102.114.41
764,Perl,Brilleman,pbrillemanl7@spotify.com,Agender,161.95.219.199
765,Jeniece,Zavattieri,jzavattieril8@tripadvisor.com,Male,13.118.222.149
766,Glenine,Housecroft,ghousecroftl9@jalbum.net,Female,84.183.130.91
767,Patience,Deverille,pdeverillela@yahoo.com,Male,77.61.155.61
768,Mabelle,Scrauniage,mscrauniagelb@nymag.com,Non-binary,129.66.246.139
769,Vivyan,Herries,vherrieslc@seattletimes.com,Male,223.24.33.190
770,Harli,Trattles,htrattlesld@blogger.com,Genderqueer,144.32.140.67
771,Dwight,Jakaway,djakawayle@joomla.org,Agender,149.253.101.218
772,Delbert,Lismer,dlismerlf@google.com.hk,Genderfluid,170.191.202.245
773,Curry,Staves,cstaveslg@lycos.com,Agender,23.178.166.135
774,Eleanore,Vasse,evasselh@wix.com,Female,9.46.237.143
775,Nicoline,Peddar,npeddarli@baidu.com,Female,136.227.219.81
776,Kali,Barfitt,kbarfittlj@abc.net.au,Agender,59.211.83.247
777,Kippar,Benettelli,kbenettellilk@usnews.com,Bigender,28.195.116.1
778,Becky,Chipman,bchipmanll@indiatimes.com,Agender,119.167.137.20
779,Lexy,Doolan,ldoolanlm@opera.com,Bigender,123.174.243.71
780,Giuseppe,Jobbins,gjobbinsln@engadget.com,Polygender,41.37.225.2
781,Taite,Menguy,tmenguylo@theglobeandmail.com,Male,121.78.87.218
782,Laurent,McIlhone,lmcilhonelp@liveinternet.ru,Non-binary,148.100.200.136
783,Charlena,Havercroft,chavercroftlq@guardian.co.uk,Non-binary,28.101.52.196
784,Xylina,Brislawn,xbrislawnlr@aol.com,Non-binary,98.8.41.123
785,Janine,Franckton,jfrancktonls@nytimes.com,Non-binary,173.145.17.242
786,Cornela,Monro,cmonrolt@blinklist.com,Male,211.235.27.105
787,Freddie,Hogbourne,fhogbournelu@lulu.com,Bigender,170.188.88.167
788,Jim,Wakeford,jwakefordlv@gravatar.com,Male,95.219.14.152
789,Colby,Rustich,crustichlw@businessweek.com,Non-binary,149.165.90.11
790,Berti,Parsonson,bparsonsonlx@angelfire.com,Bigender,237.21.109.16
791,Ashbey,Moroney,amoroneyly@washingtonpost.com,Non-binary,172.107.213.196
792,Agathe,Darragon,adarragonlz@constantcontact.com,Female,78.185.134.222
793,Lizzy,Capaldi,lcapaldim0@behance.net,Polygender,237.167.247.235
794,Carver,Byrne,cbyrnem1@imgur.com,Female,165.251.13.224
795,Rollo,Gainsboro,rgainsborom2@webs.com,Genderqueer,55.39.176.33
796,Tori,Philippe,tphilippem3@wp.com,Agender,51.78.174.83
797,Katrina,Merigeau,kmerigeaum4@icio.us,Non-binary,34.42.165.243
798,Sheff,Lowen,slowenm5@purevolume.com,Female,70.54.131.233
799,Linea,England,lenglandm6@webmd.com,Male,47.208.209.204
800,Eadie,Harling,eharlingm7@is.gd,Non-binary,55.154.88.64
801,Stuart,Diamant,sdiamantm8@themeforest.net,Genderqueer,90.81.42.91
802,Aviva,Matas,amatasm9@squarespace.com,Genderfluid,160.49.105.252
803,Elliott,Targetter,etargetterma@issuu.com,Female,87.88.78.152
804,Halsy,Baum,hbaummb@artisteer.com,Polygender,200.96.23.35
805,Cthrine,Vicioso,cviciosomc@elpais.com,Bigender,80.235.186.25
806,Harriet,Feron,hferonmd@stumbleupon.com,Male,31.114.185.142
807,Jaquith,Djuricic,jdjuricicme@alibaba.com,Agender,233.240.250.65
808,Fairlie,Ramplee,frampleemf@360.cn,Female,115.109.123.69
809,Cathee,Rouby,croubymg@sciencedirect.com,Non-binary,112.238.0.25
810,Fernandina,von Grollmann,fvongrollmannmh@dyndns.org,Non-binary,138.72.63.245
811,Abba,Vesco,avescomi@nature.com,Agender,41.82.132.123
812,Lucita,Heake,lheakemj@sbwire.com,Male,118.68.38.95
813,Biddy,Figg,bfiggmk@canalblog.com,Female,71.97.163.175
814,Evvie,Tuison,etuisonml@harvard.edu,Bigender,18.23.145.196
815,Filippo,Joy,fjoymm@issuu.com,Male,237.110.227.97
816,Crysta,Swinglehurst,cswinglehurstmn@intel.com,Non-binary,239.94.172.156
817,Siegfried,Qualtro,squaltromo@360.cn,Bigender,46.252.210.233
818,Zahara,McGillacoell,zmcgillacoellmp@jiathis.com,Non-binary,145.162.138.31
819,Bogart,Padly,bpadlymq@cbsnews.com,Agender,85.14.59.155
820,Manon,Kopfen,mkopfenmr@zimbio.com,Bigender,41.219.169.138
821,Ranique,Chatwin,rchatwinms@wikipedia.org,Genderfluid,140.143.99.57
822,Felisha,Trotter,ftrottermt@amazon.de,Non-binary,243.225.122.129
823,Ermengarde,O'Logan,eologanmu@merriam-webster.com,Female,115.146.11.103
824,Heidi,Emmanuel,hemmanuelmv@hc360.com,Bigender,81.7.163.40
825,Selene,Circuitt,scircuittmw@redcross.org,Male,105.131.179.245
826,Minette,Davidsen,mdavidsenmx@themeforest.net,Bigender,172.66.161.204
827,Jobey,Alison,jalisonmy@utexas.edu,Female,117.137.16.123
828,Devan,Lamlin,dlamlinmz@nsw.gov.au,Bigender,207.228.230.65
829,Hervey,Snartt,hsnarttn0@xinhuanet.com,Genderqueer,83.235.212.101
830,Sigismundo,Thairs,sthairsn1@artisteer.com,Polygender,140.49.54.200
831,Alvis,Truckell,atruckelln2@prnewswire.com,Male,10.185.126.37
832,Giustina,Walding,gwaldingn3@feedburner.com,Bigender,83.80.147.154
833,Edgard,Bawdon,ebawdonn4@bizjournals.com,Genderfluid,206.67.156.52
834,Loleta,Stonelake,lstonelaken5@redcross.org,Agender,71.220.162.221
835,Carlyn,Braban,cbrabann6@walmart.com,Female,198.5.147.32
836,Poul,Waumsley,pwaumsleyn7@google.com.br,Genderqueer,17.65.13.69
837,Cherry,Fettiplace,cfettiplacen8@cnet.com,Bigender,0.114.127.85
838,Pooh,Corona,pcoronan9@bigcartel.com,Male,130.164.69.76
839,Tobey,Citrine,tcitrinena@harvard.edu,Agender,208.133.94.166
840,Shoshanna,Roggeman,sroggemannb@answers.com,Bigender,213.0.13.215
841,Willie,Stadden,wstaddennc@squidoo.com,Male,141.156.152.89
842,Stefanie,Endle,sendlend@qq.com,Genderfluid,72.254.67.143
843,Rubie,Daubeny,rdaubenyne@businessinsider.com,Female,92.87.143.67
844,Korry,De Freyne,kdefreynenf@telegraph.co.uk,Genderfluid,76.114.62.83
845,Alis,Booker,abookerng@msu.edu,Polygender,207.156.215.244
846,Averil,Godsell,agodsellnh@ucsd.edu,Agender,10.127.162.27
847,Mel,Sherborne,msherborneni@dot.gov,Genderfluid,246.31.47.40
848,Karee,Slocomb,kslocombnj@state.tx.us,Bigender,148.142.150.182
849,Sadye,Waylen,swaylennk@angelfire.com,Non-binary,193.17.177.191
850,Chrisy,Seymer,cseymernl@forbes.com,Agender,54.176.230.47
851,Sianna,Langfield,slangfieldnm@yolasite.com,Polygender,193.96.101.107
852,Morna,Drewry,mdrewrynn@imdb.com,Female,7.99.39.113
853,Farah,Fisby,ffisbyno@people.com.cn,Agender,1.152.175.175
854,Kerry,Spyer,kspyernp@dropbox.com,Female,191.76.253.183
855,Sheeree,Clitheroe,sclitheroenq@reverbnation.com,Bigender,85.194.122.243
856,Maggi,D'Acth,mdacthnr@google.cn,Genderqueer,32.12.57.219
857,Gisela,Gathercoal,ggathercoalns@sphinn.com,Polygender,193.240.74.130
858,Mackenzie,McClory,mmcclorynt@linkedin.com,Bigender,41.136.54.245
859,Carissa,Jorissen,cjorissennu@cyberchimps.com,Polygender,204.254.206.130
860,Nathan,Gonnelly,ngonnellynv@cnbc.com,Genderqueer,209.205.70.186
861,Clarence,Baldack,cbaldacknw@csmonitor.com,Bigender,0.53.34.217
862,Torr,Raubheim,traubheimnx@alexa.com,Female,163.235.51.233
863,Loydie,Fawdry,lfawdryny@unblog.fr,Polygender,24.143.188.126
864,Clem,Morgan,cmorgannz@washingtonpost.com,Male,173.34.215.162
865,Rafaelita,Sousa,rsousao0@columbia.edu,Genderfluid,8.226.81.55
866,Padgett,Chaffey,pchaffeyo1@army.mil,Male,158.199.163.155
867,Vic,Warbys,vwarbyso2@webeden.co.uk,Male,169.116.54.55
868,Marcella,Sedgeman,msedgemano3@dropbox.com,Polygender,82.72.196.108
869,Fidelity,McGivena,fmcgivenao4@psu.edu,Agender,255.160.33.59
870,Bettye,Parriss,bparrisso5@sitemeter.com,Female,242.52.226.67
871,Juline,Rickertsen,jrickertseno6@unblog.fr,Female,159.224.242.65
872,Den,Narbett,dnarbetto7@themeforest.net,Bigender,182.178.145.111
873,Trescha,Legate,tlegateo8@go.com,Polygender,59.119.171.31
874,Toni,Sains,tsainso9@dion.ne.jp,Male,230.12.118.202
875,Bernette,Hryskiewicz,bhryskiewiczoa@census.gov,Male,237.86.244.148
876,Travers,Kaindl,tkaindlob@google.co.jp,Female,30.212.157.174
877,Alvie,Gerrets,agerretsoc@mapy.cz,Male,90.230.132.132
878,Wendye,Bowers,wbowersod@liveinternet.ru,Genderqueer,232.202.86.50
879,Zak,Savage,zsavageoe@tripod.com,Non-binary,106.220.161.97
880,Tory,Bullough,tbulloughof@google.es,Female,26.175.122.129
881,Modesta,Eberlein,meberleinog@biglobe.ne.jp,Non-binary,214.204.203.17
882,Ignatius,Baseggio,ibaseggiooh@usgs.gov,Genderfluid,250.78.12.217
883,Lynde,Liversage,lliversageoi@economist.com,Polygender,147.205.31.245
884,Andriette,Porcas,aporcasoj@virginia.edu,Male,211.35.142.202
885,Izak,Larcher,ilarcherok@homestead.com,Male,205.158.147.150
886,Tait,Slamaker,tslamakerol@dropbox.com,Male,188.26.37.222
887,Maison,Oliver-Paull,moliverpaullom@latimes.com,Female,126.205.107.37
888,Ranice,Gandy,rgandyon@fc2.com,Bigender,89.114.25.51
889,Jeniece,Varnham,jvarnhamoo@hubpages.com,Non-binary,75.243.29.65
890,Gibby,Alvar,galvarop@fc2.com,Non-binary,122.25.180.85
891,Maurice,Holleworth,mholleworthoq@utexas.edu,Agender,245.19.119.187
892,Tanner,Morgans,tmorgansor@imageshack.us,Genderfluid,130.57.149.145
893,Pooh,Breinl,pbreinlos@blogs.com,Genderqueer,106.129.239.53
894,Waneta,Tedridge,wtedridgeot@squidoo.com,Polygender,9.84.250.81
895,Mattias,Itzcovich,mitzcovichou@pcworld.com,Agender,150.250.59.171
896,Jedidiah,Iskowitz,jiskowitzov@nifty.com,Bigender,58.242.191.54
897,Erskine,Saller,esallerow@desdev.cn,Bigender,143.53.235.119
898,Goober,Hopfer,ghopferox@squarespace.com,Polygender,67.134.225.242
899,Sherwynd,Miguet,smiguetoy@miitbeian.gov.cn,Polygender,97.248.204.106
900,Malvin,MacGarvey,mmacgarveyoz@usa.gov,Genderqueer,232.69.154.157
901,Cindelyn,Stockle,cstocklep0@java.com,Genderqueer,98.42.59.240
902,Bevvy,Featley,bfeatleyp1@sphinn.com,Non-binary,62.217.235.229
903,Antoine,Carreyette,acarreyettep2@jiathis.com,Male,2.80.158.49
904,Lorilyn,Marieton,lmarietonp3@sina.com.cn,Agender,63.243.131.242
905,Yankee,Carlozzi,ycarlozzip4@forbes.com,Polygender,168.103.37.236
906,Ynes,Mulder,ymulderp5@wordpress.com,Genderqueer,86.176.124.169
907,Stacie,Brain,sbrainp6@umich.edu,Polygender,95.174.91.45
908,Ally,Othen,aothenp7@ustream.tv,Non-binary,86.82.247.126
909,Arden,Lawton,alawtonp8@globo.com,Polygender,135.182.104.227
910,Gwendolin,Swansborough,gswansboroughp9@studiopress.com,Polygender,149.3.229.138
911,Rahel,Garlett,rgarlettpa@freewebs.com,Female,132.203.60.176
912,Winnah,MacClure,wmacclurepb@uol.com.br,Genderfluid,125.166.228.243
913,Wheeler,Coulston,wcoulstonpc@blogger.com,Genderfluid,228.164.39.197
914,Leesa,De Gregario,ldegregariopd@gmpg.org,Non-binary,29.138.171.192
915,Lennie,Curneen,lcurneenpe@china.com.cn,Female,38.205.10.151
916,Rodi,Thompsett,rthompsettpf@google.com.br,Male,22.245.204.88
917,Jason,MacDowal,jmacdowalpg@cam.ac.uk,Agender,218.252.171.38
918,Solomon,Manlow,smanlowph@about.com,Agender,23.93.227.119
919,Kevina,Lewnden,klewndenpi@hp.com,Female,185.27.53.104
920,Page,Helliwell,phelliwellpj@cisco.com,Polygender,209.122.152.225
921,Wally,Emeline,wemelinepk@yahoo.com,Polygender,124.9.164.195
922,Kendal,Wickett,kwickettpl@hostgator.com,Agender,91.13.18.191
923,Cristy,Ollerenshaw,collerenshawpm@who.int,Female,187.153.108.76
924,Kimmie,Vanini,kvaninipn@skyrock.com,Bigender,3.224.190.2
925,Elene,Bolwell,ebolwellpo@goo.gl,Agender,155.62.23.184
926,Niko,Henker,nhenkerpp@gnu.org,Genderfluid,54.115.54.34
927,Lynna,Belward,lbelwardpq@cdc.gov,Polygender,97.75.37.20
928,Selia,Tilston,stilstonpr@yelp.com,Bigender,140.125.228.222
929,Elston,Upham,euphamps@acquirethisname.com,Agender,183.194.58.86
930,Hughie,Laffling,hlafflingpt@livejournal.com,Male,65.238.17.13
931,Joanne,Glavis,jglavispu@sogou.com,Genderfluid,236.73.223.9
932,Guthrie,Wakeley,gwakeleypv@booking.com,Non-binary,90.221.189.106
933,Ericka,McTrustrie,emctrustriepw@sun.com,Bigender,185.62.115.53
934,Pennie,Luigi,pluigipx@gmpg.org,Bigender,70.154.162.55
935,Anderea,Jozwicki,ajozwickipy@cam.ac.uk,Genderfluid,116.57.17.248
936,Sallee,Eidler,seidlerpz@tiny.cc,Bigender,16.59.247.181
937,Joyce,Ackeroyd,jackeroydq0@cisco.com,Agender,77.95.79.179
938,Rickert,Clawson,rclawsonq1@geocities.com,Polygender,42.136.243.173
939,Yoshi,Kilroy,ykilroyq2@storify.com,Genderqueer,201.216.216.136
940,Barrie,Dumberrill,bdumberrillq3@mit.edu,Genderqueer,53.8.24.194
941,Zola,Izkovici,zizkoviciq4@ted.com,Bigender,105.218.128.188
942,Elliot,Kardos,ekardosq5@qq.com,Male,223.238.210.183
943,Lynett,Kingsnode,lkingsnodeq6@deliciousdays.com,Genderqueer,146.152.238.149
944,Lainey,Trittam,ltrittamq7@plala.or.jp,Female,58.162.191.74
945,Sandi,Newland,snewlandq8@delicious.com,Genderfluid,117.194.85.186
946,Natasha,McMechan,nmcmechanq9@vkontakte.ru,Genderqueer,79.70.248.139
947,Brenn,Harkess,bharkessqa@chron.com,Bigender,194.94.109.109
948,Fairlie,Choupin,fchoupinqb@netlog.com,Female,107.217.35.129
949,George,Isles,gislesqc@nyu.edu,Agender,104.126.82.228
950,Hermine,Poinsett,hpoinsettqd@chronoengine.com,Genderqueer,64.71.235.216
951,Yanaton,Sawdy,ysawdyqe@pbs.org,Male,99.33.63.185
952,Ronny,Deavin,rdeavinqf@moonfruit.com,Female,71.204.21.127
953,Daryl,Saville,dsavilleqg@oakley.com,Genderqueer,5.189.16.136
954,Pooh,Piercy,ppiercyqh@godaddy.com,Polygender,115.133.150.19
955,Antone,Delue,adelueqi@ocn.ne.jp,Polygender,251.148.88.202
956,Orelie,Winsom,owinsomqj@cdc.gov,Agender,56.149.99.205
957,Burke,Ipsly,bipslyqk@businessinsider.com,Agender,198.105.234.36
958,Normy,Tayloe,ntayloeql@cloudflare.com,Non-binary,102.199.148.43
959,Ermanno,Akhurst,eakhurstqm@vimeo.com,Genderqueer,103.181.232.181
960,Theda,Donlon,tdonlonqn@jigsy.com,Agender,51.92.138.214
961,Vincenz,Willshere,vwillshereqo@qq.com,Polygender,228.219.209.134
962,Kendricks,Atherley,katherleyqp@rediff.com,Agender,72.248.40.173
963,Constantine,Escoffier,cescoffierqq@elegantthemes.com,Bigender,17.200.238.85
964,Shalna,Tresler,streslerqr@twitpic.com,Non-binary,64.177.104.163
965,Adiana,Steggals,asteggalsqs@wsj.com,Bigender,202.49.38.110
966,Cordula,Russilll,crussilllqt@nytimes.com,Polygender,150.145.228.139
967,Kinna,Potkins,kpotkinsqu@github.com,Male,228.164.28.19
968,Godfree,Neylon,gneylonqv@opensource.org,Genderfluid,137.99.70.122
969,Kingston,Olney,kolneyqw@youtu.be,Male,37.162.225.193
970,Creigh,Dripp,cdrippqx@paypal.com,Genderfluid,120.205.191.182
971,Elisha,Icom,eicomqy@si.edu,Female,86.91.165.70
972,Merle,Bonds,mbondsqz@cnet.com,Non-binary,107.38.193.131
973,Lowrance,Habbin,lhabbinr0@samsung.com,Non-binary,11.34.74.51
974,Aimee,Revell,arevellr1@arizona.edu,Bigender,66.191.208.149
975,Leshia,Meiklejohn,lmeiklejohnr2@yahoo.co.jp,Bigender,109.107.105.61
976,Lynea,Andriss,landrissr3@cdc.gov,Male,119.212.125.215
977,Gaelan,Teml,gtemlr4@posterous.com,Male,48.34.244.113
978,Glori,Dubock,gdubockr5@illinois.edu,Non-binary,153.110.154.133
979,Trescha,Ilchenko,tilchenkor6@cam.ac.uk,Genderqueer,110.241.95.218
980,Danna,Braben,dbrabenr7@yolasite.com,Polygender,195.219.137.237
981,Cheston,Levay,clevayr8@phpbb.com,Male,91.8.161.55
982,Myriam,Eccleston,mecclestonr9@imgur.com,Female,38.118.97.174
983,Neall,Southward,nsouthwardra@google.cn,Bigender,114.132.9.160
984,Jeni,Brixey,jbrixeyrb@amazon.com,Genderqueer,90.99.131.115
985,Hayyim,Barrow,hbarrowrc@wufoo.com,Female,187.103.217.190
986,Georgina,Yoselevitch,gyoselevitchrd@odnoklassniki.ru,Polygender,194.75.57.65
987,Wendall,Clingan,wclinganre@spotify.com,Genderqueer,27.75.65.46
988,Tristam,Strewther,tstrewtherrf@reference.com,Non-binary,10.165.229.152
989,Cosimo,McJury,cmcjuryrg@quantcast.com,Bigender,111.145.120.82
990,Philbert,Giacomazzo,pgiacomazzorh@washington.edu,Male,46.127.221.228
991,Griffin,Kupker,gkupkerri@dell.com,Male,164.133.160.104
992,Giovanni,Cavill,gcavillrj@godaddy.com,Polygender,235.219.103.193
993,Dian,Itzik,ditzikrk@elegantthemes.com,Non-binary,181.17.1.166
994,Iain,Elstob,ielstobrl@globo.com,Genderqueer,71.191.7.86
995,Zorana,Champneys,zchampneysrm@drupal.org,Female,188.244.214.222
996,Marie-ann,Flewitt,mflewittrn@friendfeed.com,Polygender,79.201.132.187
997,Lori,Wittke,lwittkero@bigcartel.com,Male,153.128.72.250
998,Sisely,Mullett,smullettrp@fastcompany.com,Female,115.12.56.10
999,Haze,Kimblen,hkimblenrq@parallels.com,Bigender,138.249.208.0
1000,Shoshanna,Hulme,shulmerr@domainmarket.com,Genderqueer,191.174.178.106
