id,first_name,last_name,email,gender,ip_address
1,Bobby,Brewin,bbrewin0@spotify.com,Polygender,241.19.93.80
2,Mannie,Domanski,mdomanski1@arizona.edu,Female,223.181.51.246
3,Tremayne,Milazzo,tmilazzo2@list-manage.com,Agender,165.250.224.202
4,Bartholomew,Tubridy,btubridy3@cisco.com,Male,174.231.235.169
5,Brietta,Trulocke,btrulocke4@nsw.gov.au,Genderfluid,132.232.151.184
6,Kirsteni,Lehenmann,klehenmann5@ucoz.ru,Non-binary,113.242.236.67
7,Tybi,Clyant,tclyant6@sfgate.com,Genderfluid,46.35.83.43
8,Stevy,Rathe,srathe7@nih.gov,Agender,35.213.46.247
9,Deb,Dineen,ddineen8@apache.org,Genderqueer,42.54.28.83
10,Hannis,Mouat,hmouat9@zimbio.com,Genderqueer,114.68.201.196
11,Milton,Spottiswood,mspottiswooda@clickbank.net,Genderfluid,77.253.161.164
12,Marietta,Gaye,mgayeb@cam.ac.uk,Polygender,62.190.225.245
13,Curcio,Spargo,cspargoc@4shared.com,Genderfluid,22.141.211.102
14,Joshuah,Mosson,jmossond@last.fm,Non-binary,57.89.108.21
15,Mae,Chalcroft,mchalcrofte@flavors.me,Non-binary,154.14.58.66
16,Pavla,Budgen,pbudgenf@bloomberg.com,Polygender,63.111.211.22
17,Raoul,Donohoe,rdonohoeg@constantcontact.com,Bigender,214.177.99.59
18,Holt,Hadfield,hhadfieldh@reference.com,Agender,140.221.117.48
19,Allegra,Aird,aairdi@yahoo.com,Agender,188.189.150.26
20,Allison,Sinclar,asinclarj@bloglovin.com,Polygender,179.243.232.186
21,Boothe,Paute,bpautek@xrea.com,Genderfluid,244.123.46.182
22,Desmond,Westover,dwestoverl@people.com.cn,Genderqueer,150.44.130.122
23,Glenine,Mousley,gmousleym@tinypic.com,Male,169.242.242.149
24,Doralia,O'Carmody,docarmodyn@jigsy.com,Genderqueer,32.31.133.204
25,Gillan,Rosensaft,grosensafto@zdnet.com,Female,82.161.117.130
26,Brier,Cleever,bcleeverp@technorati.com,Genderfluid,252.96.48.182
27,Barney,Kennelly,bkennellyq@cnn.com,Genderqueer,237.165.212.166
28,Elroy,McReath,emcreathr@sciencedaily.com,Polygender,45.5.77.138
29,Nelson,Ziemsen,nziemsens@disqus.com,Non-binary,253.221.61.255
30,Wren,Molohan,wmolohant@mapy.cz,Genderqueer,145.73.49.45
31,Myranda,Semeradova,msemeradovau@barnesandnoble.com,Polygender,188.45.219.241
32,Virge,Howcroft,vhowcroftv@arstechnica.com,Genderfluid,52.72.2.224
33,Benjy,Moyser,bmoyserw@mlb.com,Bigender,34.0.176.148
34,Ag,Sofe,asofex@scientificamerican.com,Agender,95.218.232.209
35,Hedwig,Trytsman,htrytsmany@sina.com.cn,Agender,43.222.23.249
36,Mavis,Sendley,msendleyz@angelfire.com,Female,5.240.147.129
37,Rhett,Dresche,rdresche10@cnet.com,Female,182.157.97.26
38,La verne,Sowrah,lsowrah11@imdb.com,Agender,31.219.50.130
39,Dionisio,Cory,dcory12@goodreads.com,Agender,60.218.231.213
40,Dorelle,Clout,dclout13@guardian.co.uk,Non-binary,80.42.55.242
41,Katharyn,Mammatt,kmammatt14@nyu.edu,Bigender,13.75.10.149
42,Jerrylee,Grieve,jgrieve15@cnbc.com,Bigender,16.98.49.235
43,Valentia,Phripp,vphripp16@webeden.co.uk,Genderfluid,233.206.21.194
44,Agnesse,Minghetti,aminghetti17@tripod.com,Non-binary,65.207.77.215
45,Charmane,Mander,cmander18@home.pl,Female,137.195.230.160
46,Devonne,Thatcham,dthatcham19@house.gov,Male,195.187.68.246
47,Elizabet,Barhem,ebarhem1a@disqus.com,Polygender,192.24.208.243
48,Judith,Zapater,jzapater1b@theguardian.com,Male,57.19.112.97
49,Alan,Girke,agirke1c@scribd.com,Male,194.179.75.240
50,Kenneth,Oakwood,koakwood1d@usatoday.com,Bigender,255.96.200.65
51,Gerrilee,Kleyn,gkleyn1e@wsj.com,Genderfluid,142.101.219.109
52,Orland,Greeve,ogreeve1f@google.co.uk,Genderfluid,84.31.84.169
53,Garold,Conway,gconway1g@acquirethisname.com,Genderfluid,159.21.117.66
54,Bernhard,Sage,bsage1h@state.tx.us,Non-binary,209.92.187.55
55,Melita,Bosanko,mbosanko1i@omniture.com,Agender,34.104.11.80
56,Catha,Axworthy,caxworthy1j@mapy.cz,Bigender,101.7.148.236
57,Kizzee,Gibbie,kgibbie1k@jigsy.com,Genderfluid,148.149.228.118
58,Carson,Leek,cleek1l@squarespace.com,Genderfluid,248.108.153.140
59,Padraig,Kulis,pkulis1m@intel.com,Non-binary,38.225.250.128
60,Hillel,Pinfold,hpinfold1n@google.co.jp,Genderfluid,209.60.246.215
61,Waylen,Brownfield,wbrownfield1o@tamu.edu,Genderfluid,203.26.43.24
62,Phyllys,Kilfeder,pkilfeder1p@liveinternet.ru,Genderfluid,222.109.244.199
63,Peter,Duddle,pduddle1q@springer.com,Male,127.233.176.108
64,Wynny,Aymes,waymes1r@dagondesign.com,Agender,77.166.27.212
65,Johnath,Nolli,jnolli1s@ihg.com,Genderqueer,72.16.97.193
66,Tracy,Bowes,tbowes1t@moonfruit.com,Female,6.180.1.164
67,Jelene,Creamer,jcreamer1u@hugedomains.com,Female,43.153.76.140
68,Gris,Jenyns,gjenyns1v@google.ca,Male,168.236.1.102
69,Warden,Lawson,wlawson1w@yandex.ru,Non-binary,66.161.62.26
70,Andras,Glassard,aglassard1x@umich.edu,Genderfluid,71.247.20.149
71,Colver,Fucher,cfucher1y@biglobe.ne.jp,Genderqueer,142.11.251.247
72,Saxe,Cromwell,scromwell1z@taobao.com,Agender,108.191.81.203
73,Alecia,Casine,acasine20@quantcast.com,Male,184.138.231.153
74,Terry,Boolsen,tboolsen21@dyndns.org,Polygender,231.87.126.50
75,Hanny,Slee,hslee22@theglobeandmail.com,Female,55.212.101.72
76,Sigismundo,Sander,ssander23@networksolutions.com,Genderqueer,125.113.193.101
77,Carilyn,Powers,cpowers24@dion.ne.jp,Genderfluid,71.137.115.210
78,My,Donhardt,mdonhardt25@cocolog-nifty.com,Bigender,80.6.66.19
79,Farrah,Trematick,ftrematick26@google.ca,Male,17.89.36.0
80,Xerxes,Fransseni,xfransseni27@yellowbook.com,Genderfluid,188.112.75.151
81,Koral,Murricanes,kmurricanes28@hibu.com,Bigender,207.113.39.88
82,Analiese,Langdale,alangdale29@google.it,Female,2.13.169.57
83,Efren,Brizland,ebrizland2a@umich.edu,Non-binary,248.132.62.218
84,Reynold,Simecek,rsimecek2b@webeden.co.uk,Genderqueer,115.78.207.118
85,Barbabas,Wingatt,bwingatt2c@europa.eu,Genderqueer,78.130.185.41
86,Salaidh,Muckian,smuckian2d@lycos.com,Genderfluid,115.84.111.6
87,Dante,Yegorkin,dyegorkin2e@eventbrite.com,Non-binary,37.235.143.213
88,Lemar,Kaliszewski,lkaliszewski2f@ifeng.com,Bigender,249.157.111.19
89,Cletis,Zecchii,czecchii2g@tiny.cc,Genderfluid,214.253.151.70
90,Charil,Comolli,ccomolli2h@hibu.com,Bigender,124.239.30.70
91,Bent,Lauridsen,blauridsen2i@naver.com,Bigender,80.70.199.133
92,Sileas,O' Ronan,soronan2j@sitemeter.com,Genderqueer,182.89.38.61
93,Leontyne,Yashaev,lyashaev2k@cnet.com,Polygender,42.164.202.173
94,Chloette,Arsnell,carsnell2l@census.gov,Genderfluid,167.234.99.249
95,Sutherlan,Baton,sbaton2m@gov.uk,Female,236.6.156.33
96,Nicolai,Teaze,nteaze2n@instagram.com,Agender,173.195.145.184
97,Shelagh,Ayton,sayton2o@cornell.edu,Polygender,215.142.156.12
98,Hakeem,Aslie,haslie2p@ibm.com,Agender,209.205.3.249
99,Keeley,Masserel,kmasserel2q@hp.com,Bigender,133.140.174.141
100,Kaela,Yegorchenkov,kyegorchenkov2r@alibaba.com,Genderqueer,38.236.124.200
101,Ashley,Humbles,ahumbles2s@prlog.org,Agender,50.2.7.181
102,Betsey,Audritt,baudritt2t@msn.com,Male,185.78.42.60
103,Juline,Linnemann,jlinnemann2u@cam.ac.uk,Genderfluid,206.100.123.60
104,Holmes,Blackeby,hblackeby2v@mashable.com,Polygender,75.241.152.46
105,Bebe,Hinchon,bhinchon2w@google.com,Non-binary,148.155.39.33
106,Rebe,Meeke,rmeeke2x@irs.gov,Polygender,146.23.98.36
107,Ardyth,Vispo,avispo2y@so-net.ne.jp,Genderfluid,38.218.184.150
108,Joel,Beeby,jbeeby2z@yelp.com,Female,117.21.195.156
109,Kendell,Maddinon,kmaddinon30@google.com.au,Polygender,234.87.213.212
110,Andy,Sheer,asheer31@auda.org.au,Male,96.203.164.10
111,Jeffrey,Clissett,jclissett32@technorati.com,Non-binary,229.199.157.13
112,Ruy,Stitson,rstitson33@earthlink.net,Agender,217.59.172.170
113,Glenn,Hedney,ghedney34@angelfire.com,Bigender,78.105.169.87
114,Phelia,Hawley,phawley35@php.net,Agender,72.33.216.133
115,Denni,McHardy,dmchardy36@zdnet.com,Genderqueer,75.194.22.191
116,Chrissie,Benton,cbenton37@prlog.org,Bigender,43.96.228.91
117,Silvana,Baudet,sbaudet38@spotify.com,Female,249.116.248.252
118,Phelia,Shone,pshone39@taobao.com,Female,92.5.137.158
119,Andriette,Ottawell,aottawell3a@woothemes.com,Male,2.119.195.183
120,Constancia,Crone,ccrone3b@twitpic.com,Agender,78.215.46.149
121,Kent,Odeson,kodeson3c@sohu.com,Agender,50.53.8.174
122,Elroy,Doeg,edoeg3d@yandex.ru,Bigender,155.223.173.254
123,Gertrude,Grzegorzewski,ggrzegorzewski3e@ycombinator.com,Polygender,114.157.5.104
124,Kippie,Gregor,kgregor3f@rambler.ru,Genderqueer,111.32.225.59
125,Olag,Dulson,odulson3g@sfgate.com,Genderqueer,173.244.166.95
126,Tyrus,Goley,tgoley3h@msu.edu,Genderqueer,211.47.84.185
127,Vi,Rockcliff,vrockcliff3i@wix.com,Genderqueer,70.27.131.186
128,Pavel,Pitkeathly,ppitkeathly3j@yahoo.com,Polygender,52.128.116.4
129,Ave,Wilcinskis,awilcinskis3k@earthlink.net,Genderfluid,64.65.227.107
130,Cherida,Colkett,ccolkett3l@wikipedia.org,Bigender,29.60.141.226
131,Suki,Pollastrino,spollastrino3m@gizmodo.com,Agender,145.174.137.158
132,Fanchon,Challicum,fchallicum3n@symantec.com,Male,131.39.121.126
133,Sabra,Akenhead,sakenhead3o@fastcompany.com,Female,99.251.129.88
134,Clementius,Philcock,cphilcock3p@pen.io,Male,188.164.244.191
135,Marcie,Hankard,mhankard3q@skype.com,Bigender,42.219.220.137
136,Hildagard,Allsupp,hallsupp3r@cafepress.com,Female,106.166.145.229
137,Letizia,Knightsbridge,lknightsbridge3s@furl.net,Male,192.70.200.116
138,Reagen,Cherry Holme,rcherryholme3t@mlb.com,Genderqueer,22.190.200.46
139,Augie,Mathison,amathison3u@msn.com,Bigender,76.40.61.7
140,Freemon,Stokes,fstokes3v@stumbleupon.com,Bigender,118.36.83.177
141,Leodora,Massard,lmassard3w@freewebs.com,Bigender,159.247.116.110
142,Lottie,Jordi,ljordi3x@bandcamp.com,Genderqueer,120.147.150.204
143,Robyn,Englefield,renglefield3y@unc.edu,Polygender,59.248.27.117
144,Ashlie,Pedroli,apedroli3z@gravatar.com,Polygender,70.131.14.237
145,Fran,Arunowicz,farunowicz40@meetup.com,Genderqueer,16.135.219.88
146,Kelby,Shinton,kshinton41@aol.com,Bigender,127.132.100.157
147,Wolfie,Coppeard,wcoppeard42@sciencedirect.com,Non-binary,70.24.241.81
148,Bee,Bolf,bbolf43@fotki.com,Female,50.191.85.28
149,Bernadette,Betham,bbetham44@loc.gov,Female,198.48.109.168
150,Steffen,Brigginshaw,sbrigginshaw45@cbsnews.com,Genderqueer,35.138.20.131
151,Arlena,Jansik,ajansik46@imgur.com,Genderqueer,20.13.194.149
152,Duffie,Paybody,dpaybody47@unblog.fr,Female,66.130.125.234
153,Sayre,Kinkaid,skinkaid48@accuweather.com,Female,137.180.27.39
154,Winslow,Cyson,wcyson49@marriott.com,Genderqueer,155.132.154.57
155,Courtenay,Ronca,cronca4a@bloglines.com,Agender,223.182.192.126
156,Zachery,Brozek,zbrozek4b@imgur.com,Non-binary,67.77.133.21
157,Adelina,Eldrett,aeldrett4c@slate.com,Male,60.126.242.41
158,Meghann,Highnam,mhighnam4d@drupal.org,Agender,208.131.23.201
159,Rae,Andresen,randresen4e@wikispaces.com,Non-binary,174.5.154.7
160,Artie,Boddie,aboddie4f@ucoz.ru,Polygender,238.247.221.34
161,Lurleen,Pitcock,lpitcock4g@facebook.com,Male,82.2.224.133
162,Marga,De Lorenzo,mdelorenzo4h@a8.net,Bigender,28.93.71.138
163,Sal,Kobpal,skobpal4i@hc360.com,Polygender,219.21.112.111
164,Peggy,Itchingham,pitchingham4j@discuz.net,Genderqueer,189.233.228.72
165,Morse,Espadero,mespadero4k@java.com,Genderfluid,0.76.236.10
166,Sarajane,Dahle,sdahle4l@cisco.com,Agender,50.201.29.44
167,Aharon,Finnan,afinnan4m@senate.gov,Agender,172.44.143.51
168,Raquela,Balsom,rbalsom4n@latimes.com,Genderfluid,170.33.144.215
169,Veradis,Pratty,vpratty4o@usgs.gov,Bigender,120.35.61.194
170,Cal,Sifleet,csifleet4p@nps.gov,Genderqueer,239.248.166.89
171,Gladi,Bullene,gbullene4q@sogou.com,Genderqueer,36.13.26.125
172,Coletta,Fallens,cfallens4r@dyndns.org,Bigender,179.168.240.82
173,Sid,Bunclark,sbunclark4s@microsoft.com,Female,18.115.131.91
174,Darleen,Vaar,dvaar4t@pbs.org,Female,49.178.149.72
175,Allister,MacCafferky,amaccafferky4u@dagondesign.com,Bigender,40.28.79.85
176,Leonora,Jennions,ljennions4v@51.la,Bigender,240.248.41.48
177,Allina,Gillio,agillio4w@japanpost.jp,Male,218.8.248.177
178,Pyotr,Ollet,pollet4x@digg.com,Non-binary,224.195.246.157
179,Lind,Wearden,lwearden4y@sphinn.com,Agender,26.89.209.30
180,Raddie,Skates,rskates4z@google.co.jp,Male,152.26.50.111
181,Hugh,Fawdry,hfawdry50@businessinsider.com,Polygender,145.161.146.177
182,Renae,Breheny,rbreheny51@bandcamp.com,Female,232.239.182.0
183,Bendite,Giannoni,bgiannoni52@umich.edu,Female,252.115.110.70
184,Mitzi,De Banke,mdebanke53@businesswire.com,Non-binary,109.148.95.46
185,Odele,Tremmel,otremmel54@i2i.jp,Genderqueer,181.75.44.249
186,Noreen,Grubb,ngrubb55@vistaprint.com,Female,230.195.42.72
187,Raphaela,Dourin,rdourin56@discovery.com,Non-binary,150.108.146.69
188,Leslie,Aindriu,laindriu57@yale.edu,Genderfluid,51.19.9.26
189,Tova,Connechie,tconnechie58@ucoz.ru,Female,230.92.239.146
190,Marketa,Whinray,mwhinray59@foxnews.com,Agender,139.221.63.79
191,Sarine,Underwood,sunderwood5a@weebly.com,Genderqueer,148.60.232.202
192,Grissel,Tingle,gtingle5b@cafepress.com,Genderqueer,155.66.236.219
193,Morganica,Ferschke,mferschke5c@comcast.net,Non-binary,180.64.104.248
194,Ame,McIlwraith,amcilwraith5d@free.fr,Polygender,93.72.77.84
195,Hirsch,Grishunin,hgrishunin5e@chronoengine.com,Male,230.145.47.117
196,Korney,Nettleship,knettleship5f@taobao.com,Genderqueer,92.174.162.248
197,Willem,Strathern,wstrathern5g@cdc.gov,Bigender,47.168.210.238
198,Maridel,Smitham,msmitham5h@ehow.com,Genderqueer,54.230.213.110
199,Devondra,Hovy,dhovy5i@issuu.com,Non-binary,195.128.139.114
200,Syman,Rivenzon,srivenzon5j@hatena.ne.jp,Genderqueer,6.132.252.119
201,Leta,Antliff,lantliff5k@storify.com,Genderqueer,144.68.226.74
202,Katina,Stodit,kstodit5l@google.fr,Polygender,25.163.4.240
203,Darice,Lowne,dlowne5m@arizona.edu,Female,250.246.151.187
204,Bill,Knagges,bknagges5n@spiegel.de,Male,69.63.150.54
205,Cory,Belton,cbelton5o@cocolog-nifty.com,Genderqueer,146.175.217.92
206,Emilio,Hunday,ehunday5p@businesswire.com,Genderqueer,70.57.193.119
207,Perrine,Leblanc,pleblanc5q@xing.com,Male,182.234.1.99
208,Judie,Greguoli,jgreguoli5r@google.com.br,Agender,42.222.132.211
209,Kimball,Ainslie,kainslie5s@t-online.de,Male,38.212.10.4
210,Redd,Spilsbury,rspilsbury5t@wix.com,Non-binary,203.225.123.164
211,Rhianna,Richings,rrichings5u@xinhuanet.com,Bigender,210.38.70.171
212,Geraldine,Sanger,gsanger5v@unicef.org,Genderqueer,251.60.119.20
213,Heall,Butten,hbutten5w@vk.com,Genderqueer,211.212.158.39
214,Rock,Brodeau,rbrodeau5x@google.cn,Male,130.74.217.44
215,Phillip,Barclay,pbarclay5y@uiuc.edu,Genderqueer,142.15.197.26
216,Jennee,Given,jgiven5z@fastcompany.com,Female,133.118.5.245
217,Orelle,Sedge,osedge60@artisteer.com,Polygender,23.188.233.128
218,Ally,Idenden,aidenden61@opensource.org,Agender,212.123.45.212
219,Lorin,Chilver,lchilver62@mit.edu,Genderfluid,167.149.227.67
220,Any,Dabel,adabel63@e-recht24.de,Non-binary,11.19.37.203
221,Barclay,Crockford,bcrockford64@google.ca,Non-binary,179.100.32.94
222,Merissa,Sarsfield,msarsfield65@archive.org,Genderfluid,229.60.154.83
223,Russell,Mulkerrins,rmulkerrins66@pinterest.com,Non-binary,122.17.231.132
224,Dietrich,Follett,dfollett67@ted.com,Bigender,76.185.11.28
225,Winnie,Glover,wglover68@reuters.com,Male,34.115.188.111
226,Doretta,Langhor,dlanghor69@virginia.edu,Male,100.149.2.42
227,Nikolaos,Rottgers,nrottgers6a@ocn.ne.jp,Non-binary,173.220.230.200
228,Francesca,Cromly,fcromly6b@pbs.org,Genderqueer,192.125.160.238
229,Stephannie,Cheesley,scheesley6c@hugedomains.com,Genderqueer,75.103.21.65
230,Thorsten,Dightham,tdightham6d@pinterest.com,Agender,69.95.86.94
231,Lida,Trelease,ltrelease6e@earthlink.net,Agender,196.45.6.251
232,Garwin,Reinmar,greinmar6f@yelp.com,Genderfluid,155.200.18.108
233,Clyve,Fortnam,cfortnam6g@blogspot.com,Male,243.32.187.149
234,Vasili,Knowller,vknowller6h@bloomberg.com,Polygender,204.142.242.176
235,Lari,Burgoyne,lburgoyne6i@ow.ly,Agender,164.97.255.56
236,Andy,Badham,abadham6j@theatlantic.com,Agender,70.143.20.207
237,Brewer,Nilges,bnilges6k@furl.net,Polygender,107.83.39.164
238,Tamera,Tchir,ttchir6l@desdev.cn,Bigender,120.90.34.138
239,Falito,Swaite,fswaite6m@123-reg.co.uk,Female,122.187.130.26
240,Merrick,Pennings,mpennings6n@xing.com,Male,123.57.34.45
241,Melinde,Sindle,msindle6o@toplist.cz,Female,200.78.167.39
242,Irwin,Kitchingman,ikitchingman6p@mit.edu,Non-binary,79.57.5.121
243,Julita,Tarbert,jtarbert6q@mapquest.com,Female,144.126.45.111
244,Andeee,O'Cahill,aocahill6r@ox.ac.uk,Genderfluid,155.136.225.42
245,Gabriellia,Swalough,gswalough6s@mediafire.com,Agender,44.116.198.161
246,Brittaney,Mattei,bmattei6t@ca.gov,Polygender,94.52.111.30
247,Nathan,Dring,ndring6u@bravesites.com,Non-binary,222.71.192.8
248,Ashlee,Sainthill,asainthill6v@aol.com,Genderqueer,214.188.197.177
249,Mara,Cosford,mcosford6w@netvibes.com,Bigender,120.160.56.191
250,Humfrey,Herculeson,hherculeson6x@vistaprint.com,Genderqueer,52.166.1.45
251,Sam,Elverston,selverston6y@163.com,Genderqueer,125.232.205.25
252,Shanon,Attiwill,sattiwill6z@friendfeed.com,Female,133.6.177.59
253,Ewan,DeSousa,edesousa70@dot.gov,Agender,238.2.55.201
254,Annabela,Drinkhill,adrinkhill71@usda.gov,Genderqueer,124.101.65.91
255,Kore,Brotherton,kbrotherton72@aboutads.info,Non-binary,49.1.123.39
256,Reed,Watson,rwatson73@amazon.co.uk,Agender,101.210.146.114
257,Lulu,Malitrott,lmalitrott74@typepad.com,Non-binary,196.131.135.87
258,Gnni,Purton,gpurton75@cdbaby.com,Female,222.67.169.107
259,Lotte,Scritch,lscritch76@zdnet.com,Genderqueer,185.66.190.175
260,Arlan,Clee,aclee77@fc2.com,Agender,33.238.110.122
261,Devy,Oby,doby78@sitemeter.com,Non-binary,174.241.243.115
262,Shae,Haxbie,shaxbie79@com.com,Agender,213.199.42.218
263,Clemmie,Munn,cmunn7a@webmd.com,Genderfluid,118.0.34.71
264,Kary,Ridesdale,kridesdale7b@cmu.edu,Bigender,113.136.135.210
265,Ernest,Tillman,etillman7c@indiatimes.com,Genderqueer,122.175.88.205
266,Otes,Heinig,oheinig7d@ameblo.jp,Genderqueer,159.129.233.34
267,Mordy,Naseby,mnaseby7e@photobucket.com,Female,155.192.243.23
268,Ebeneser,Iorns,eiorns7f@instagram.com,Polygender,168.123.4.82
269,Antonina,Boeter,aboeter7g@squidoo.com,Bigender,48.24.131.200
270,Emelda,Filoniere,efiloniere7h@wikispaces.com,Non-binary,118.207.74.109
271,Meara,McDell,mmcdell7i@usda.gov,Female,170.115.32.239
272,Rickert,Arnoud,rarnoud7j@w3.org,Bigender,6.237.134.65
273,Pen,Flagg,pflagg7k@slashdot.org,Polygender,70.94.94.172
274,Xever,Grist,xgrist7l@instagram.com,Female,203.81.248.31
275,Aldus,Daton,adaton7m@google.pl,Bigender,162.44.96.181
276,Daphene,Sidaway,dsidaway7n@cbc.ca,Male,238.231.241.56
277,Tine,Creeboe,tcreeboe7o@miibeian.gov.cn,Female,12.122.246.30
278,Karola,Duffitt,kduffitt7p@ucla.edu,Female,194.255.250.202
279,Dyna,Pattullo,dpattullo7q@behance.net,Non-binary,158.107.236.157
280,Dacey,Andersson,dandersson7r@msu.edu,Genderqueer,139.69.165.133
281,Claresta,Hawgood,chawgood7s@histats.com,Genderfluid,3.40.118.97
282,Stefan,Iskov,siskov7t@multiply.com,Female,53.109.228.49
283,Westley,Neiland,wneiland7u@eepurl.com,Male,102.19.147.8
284,Cathyleen,Snepp,csnepp7v@samsung.com,Bigender,105.205.249.229
285,Jenifer,Packe,jpacke7w@wordpress.com,Genderqueer,185.99.249.212
286,Calvin,Pitblado,cpitblado7x@ebay.com,Bigender,20.12.143.182
287,Lindsey,Froment,lfroment7y@economist.com,Genderfluid,79.8.175.165
288,Clair,Wagner,cwagner7z@japanpost.jp,Bigender,2.92.49.91
289,Halsy,Coxon,hcoxon80@google.co.jp,Bigender,96.221.28.186
290,Ambrosi,Hardin,ahardin81@google.cn,Bigender,80.241.44.186
291,Nariko,MacCosty,nmaccosty82@jugem.jp,Polygender,113.67.139.162
292,Wynn,Sall,wsall83@msn.com,Female,231.145.226.225
293,Haywood,Corby,hcorby84@acquirethisname.com,Male,68.215.171.10
294,Garik,Cottee,gcottee85@tripadvisor.com,Non-binary,251.249.9.39
295,Garreth,Askey,gaskey86@linkedin.com,Male,204.148.127.152
296,Emmalee,Dradey,edradey87@usnews.com,Genderfluid,51.122.78.46
297,Terry,Piggens,tpiggens88@livejournal.com,Female,27.170.39.87
298,Gwendolin,Bavester,gbavester89@php.net,Polygender,13.89.37.180
299,Blair,Knightsbridge,bknightsbridge8a@census.gov,Female,161.122.243.158
300,Ilise,Loren,iloren8b@wordpress.com,Genderqueer,106.30.32.220
301,Perrine,Lezemere,plezemere8c@si.edu,Genderfluid,213.249.247.98
302,Claribel,Jedrachowicz,cjedrachowicz8d@elegantthemes.com,Bigender,242.220.244.16
303,Rheba,Carrell,rcarrell8e@chicagotribune.com,Genderqueer,75.165.61.216
304,Theodore,Mostin,tmostin8f@mozilla.org,Female,135.230.112.253
305,Kizzie,Swetman,kswetman8g@w3.org,Genderqueer,236.24.170.24
306,Madelene,Culy,mculy8h@samsung.com,Bigender,95.20.138.190
307,Wallis,Mackstead,wmackstead8i@wunderground.com,Agender,58.104.18.254
308,Valerie,Allsepp,vallsepp8j@4shared.com,Bigender,90.112.206.68
309,Pauletta,Searjeant,psearjeant8k@cbsnews.com,Genderfluid,108.119.224.194
310,Maye,Robertis,mrobertis8l@devhub.com,Genderqueer,170.67.27.19
311,Greer,Stubbeley,gstubbeley8m@taobao.com,Female,215.98.15.93
312,Ange,Lagden,alagden8n@smh.com.au,Male,154.177.140.53
313,Kinna,Wretham,kwretham8o@scientificamerican.com,Bigender,54.111.169.60
314,Doralynn,Goward,dgoward8p@pinterest.com,Agender,34.241.75.82
315,Lidia,Suggitt,lsuggitt8q@meetup.com,Genderqueer,14.108.18.159
316,Nat,Bussell,nbussell8r@mail.ru,Agender,177.213.164.130
317,Gwenni,Loos,gloos8s@ft.com,Polygender,45.51.5.227
318,Caresse,Vasilmanov,cvasilmanov8t@jalbum.net,Male,197.145.54.73
319,Timmie,Jurca,tjurca8u@liveinternet.ru,Bigender,231.83.183.248
320,Joya,Dean,jdean8v@timesonline.co.uk,Bigender,45.142.46.192
321,Janis,McGrudder,jmcgrudder8w@weebly.com,Genderqueer,137.43.102.18
322,Kimberley,Couronne,kcouronne8x@soup.io,Non-binary,49.126.144.65
323,Adan,Standfield,astandfield8y@omniture.com,Genderfluid,174.79.207.36
324,Guinna,McKeighen,gmckeighen8z@patch.com,Agender,251.62.74.214
325,Brittan,Haddy,bhaddy90@jigsy.com,Non-binary,102.192.116.30
326,Coletta,Graver,cgraver91@state.gov,Genderqueer,191.26.23.230
327,Kennith,Croot,kcroot92@hp.com,Male,205.104.138.92
328,Elita,Lammie,elammie93@youku.com,Polygender,177.179.160.254
329,Wilburt,Hekkert,whekkert94@usa.gov,Genderfluid,147.67.11.202
330,Alfy,Shepcutt,ashepcutt95@indiegogo.com,Bigender,174.25.252.15
331,Conrad,Belcham,cbelcham96@statcounter.com,Genderqueer,126.236.152.161
332,Tiffani,Harower,tharower97@biglobe.ne.jp,Genderfluid,33.199.87.136
333,Chantalle,MacRitchie,cmacritchie98@hugedomains.com,Male,185.31.0.254
334,Enrica,Kaas,ekaas99@sourceforge.net,Non-binary,37.80.114.61
335,Dom,Gorstidge,dgorstidge9a@flickr.com,Non-binary,127.118.106.41
336,Susanna,O'Keefe,sokeefe9b@paginegialle.it,Male,133.202.205.60
337,Delores,Kupis,dkupis9c@biglobe.ne.jp,Genderqueer,60.3.159.101
338,Dilan,Chastan,dchastan9d@google.ru,Genderfluid,171.92.35.111
339,Cindi,Osinin,cosinin9e@webeden.co.uk,Agender,91.206.42.176
340,Lorianne,Dakin,ldakin9f@engadget.com,Female,228.74.25.159
341,Antons,Evason,aevason9g@1688.com,Genderfluid,169.3.60.10
342,Dasya,Trencher,dtrencher9h@slashdot.org,Genderqueer,114.92.70.242
343,Judon,Karchewski,jkarchewski9i@addtoany.com,Genderqueer,29.22.140.118
344,Shelby,Skally,sskally9j@cam.ac.uk,Genderqueer,221.134.84.31
345,Bax,Lagen,blagen9k@dyndns.org,Polygender,69.120.69.230
346,Daveta,Chalice,dchalice9l@who.int,Bigender,70.17.234.97
347,Candis,Rosas,crosas9m@cnn.com,Bigender,44.71.172.13
348,Korrie,Couzens,kcouzens9n@netlog.com,Bigender,178.199.64.27
349,Juliette,Sutherby,jsutherby9o@archive.org,Genderqueer,148.173.106.160
350,Reinhold,Scammonden,rscammonden9p@java.com,Agender,88.4.109.106
351,Conni,Fairfoull,cfairfoull9q@desdev.cn,Non-binary,66.171.206.144
352,Rudie,Spring,rspring9r@dion.ne.jp,Agender,190.24.206.48
353,Jacklin,Szymczyk,jszymczyk9s@shop-pro.jp,Polygender,177.255.11.31
354,Maison,Skea,mskea9t@indiatimes.com,Non-binary,1.189.55.57
355,Feodor,Paling,fpaling9u@digg.com,Polygender,173.177.141.27
356,Darla,Scarrott,dscarrott9v@theglobeandmail.com,Polygender,130.147.35.138
357,Conn,Banane,cbanane9w@xing.com,Non-binary,135.137.83.45
358,Ambros,Brayford,abrayford9x@bbc.co.uk,Genderfluid,217.103.173.247
359,Grete,Goulthorp,ggoulthorp9y@lulu.com,Genderfluid,148.175.240.128
360,Jamil,Diehn,jdiehn9z@yale.edu,Non-binary,1.134.144.31
361,Bee,Malthus,bmalthusa0@whitehouse.gov,Non-binary,167.140.96.148
362,Elvera,Plumley,eplumleya1@examiner.com,Polygender,212.20.113.154
363,Gideon,Pincott,gpincotta2@histats.com,Non-binary,182.210.15.52
364,Job,Kettoe,jkettoea3@ocn.ne.jp,Male,202.41.251.225
365,Deidre,Croysdale,dcroysdalea4@spiegel.de,Genderfluid,60.50.164.113
366,Rosamund,Bronot,rbronota5@wired.com,Female,253.218.246.242
367,Karl,Angove,kangovea6@sina.com.cn,Genderqueer,207.16.11.12
368,Aleece,Mustard,amustarda7@howstuffworks.com,Bigender,42.111.155.136
369,Brianna,Buten,bbutena8@naver.com,Genderfluid,117.152.179.25
370,Henrik,Whordley,hwhordleya9@tinypic.com,Agender,108.145.251.192
371,Cate,Ormesher,cormesheraa@huffingtonpost.com,Male,116.15.253.24
372,Uta,Brockbank,ubrockbankab@zdnet.com,Polygender,58.210.23.28
373,Mata,Bygrove,mbygroveac@hao123.com,Bigender,55.51.36.195
374,Elliott,Crain,ecrainad@mtv.com,Female,191.123.151.202
375,Hope,Wehnerr,hwehnerrae@prlog.org,Male,144.157.80.169
376,Car,Semkins,csemkinsaf@canalblog.com,Agender,28.60.108.52
377,Selinda,Bullivent,sbulliventag@desdev.cn,Genderqueer,127.207.235.85
378,Tara,Roath,troathah@twitpic.com,Bigender,103.236.189.113
379,Faun,Attock,fattockai@sourceforge.net,Polygender,67.50.65.236
380,Ryan,Tollfree,rtollfreeaj@example.com,Genderqueer,179.182.104.211
381,Fanny,Martinetto,fmartinettoak@google.ca,Female,142.117.244.150
382,Libbi,Braitling,lbraitlingal@dmoz.org,Genderqueer,93.191.246.117
383,Roarke,McTrustrie,rmctrustrieam@jalbum.net,Female,60.63.97.109
384,Meredith,Loghan,mloghanan@prlog.org,Genderqueer,13.66.146.81
385,Lucille,Andrat,landratao@tumblr.com,Non-binary,11.185.151.142
386,Christean,Clist,cclistap@cornell.edu,Female,238.73.62.49
387,Marja,Lulham,mlulhamaq@e-recht24.de,Genderqueer,208.21.164.117
388,Adoree,Conner,aconnerar@businessweek.com,Agender,41.62.103.72
389,Elie,Durban,edurbanas@umn.edu,Female,238.206.227.212
390,Lynnett,Spawell,lspawellat@netscape.com,Genderfluid,15.167.15.241
391,Malachi,Kenset,mkensetau@plala.or.jp,Bigender,92.103.248.77
392,Celina,Patty,cpattyav@hibu.com,Genderqueer,223.11.39.129
393,Haydon,Tinmouth,htinmouthaw@eepurl.com,Genderqueer,205.206.172.187
394,Basile,Paik,bpaikax@github.io,Male,251.105.166.233
395,Broderick,Gilford,bgilforday@marketwatch.com,Male,255.224.34.101
396,Charlton,Hucker,chuckeraz@hatena.ne.jp,Genderqueer,55.109.87.28
397,Brennan,Noore,bnooreb0@mit.edu,Polygender,172.239.124.114
398,Jourdan,Clelland,jclellandb1@storify.com,Polygender,46.41.209.84
399,Amandie,Blaszczyk,ablaszczykb2@wufoo.com,Female,110.151.104.96
400,Gabriella,Stanborough,gstanboroughb3@slashdot.org,Genderfluid,231.189.129.23
401,King,MacAne,kmacaneb4@tumblr.com,Genderqueer,174.168.19.62
402,Bathsheba,Allner,ballnerb5@noaa.gov,Bigender,133.148.203.120
403,Sayres,Cattermoul,scattermoulb6@nationalgeographic.com,Genderqueer,177.43.131.48
404,Shem,Cron,scronb7@flickr.com,Agender,211.254.168.152
405,Trudey,Lasselle,tlasselleb8@live.com,Female,225.151.18.108
406,Herb,Valentine,hvalentineb9@geocities.jp,Genderqueer,216.85.84.43
407,Rutherford,Drain,rdrainba@cam.ac.uk,Male,151.121.135.208
408,Gustie,Dow,gdowbb@ebay.com,Non-binary,104.101.200.128
409,Ailis,Wearne,awearnebc@cnet.com,Bigender,139.216.137.11
410,Asher,O'Cannovane,aocannovanebd@amazonaws.com,Genderfluid,29.22.146.52
411,Belicia,Wickerson,bwickersonbe@ameblo.jp,Male,49.92.114.146
412,Cos,Flaune,cflaunebf@si.edu,Genderfluid,126.130.20.200
413,Deena,Spennock,dspennockbg@parallels.com,Male,94.232.75.167
414,Kort,Everill,keverillbh@goodreads.com,Agender,252.232.3.19
415,Noah,Megarry,nmegarrybi@diigo.com,Male,156.121.202.104
416,Antoni,Rosenhaupt,arosenhauptbj@surveymonkey.com,Female,139.38.147.155
417,Haywood,Jedrasik,hjedrasikbk@cargocollective.com,Agender,51.66.141.213
418,Leicester,Caldes,lcaldesbl@netvibes.com,Non-binary,180.47.170.68
419,Ben,Ferenc,bferencbm@deviantart.com,Bigender,161.232.125.21
420,Mirella,Neeves,mneevesbn@weibo.com,Male,230.123.186.179
421,Daveen,Augar,daugarbo@github.io,Genderqueer,222.99.211.60
422,Carline,Hundall,chundallbp@sogou.com,Genderqueer,147.52.76.150
423,Lyman,Gabbitis,lgabbitisbq@mediafire.com,Bigender,29.41.191.6
424,Henriette,Gemnett,hgemnettbr@discovery.com,Genderqueer,14.203.131.77
425,Humfrey,Calder,hcalderbs@nbcnews.com,Agender,237.50.226.59
426,Mikol,Webley,mwebleybt@eepurl.com,Agender,129.243.6.41
427,Angelique,Humbell,ahumbellbu@cpanel.net,Polygender,105.124.205.112
428,Kerwin,MacGillivray,kmacgillivraybv@so-net.ne.jp,Polygender,174.138.158.39
429,Grissel,Gwinnett,ggwinnettbw@ucoz.ru,Female,72.96.32.136
430,Ellary,Heineken,eheinekenbx@slate.com,Male,173.76.8.160
431,Modestia,Tilne,mtilneby@deliciousdays.com,Female,157.79.153.127
432,Neely,Harnor,nharnorbz@ustream.tv,Male,159.233.174.105
433,Adrian,Pellissier,apellissierc0@paginegialle.it,Male,122.44.173.186
434,Laurens,Ottewell,lottewellc1@redcross.org,Female,143.87.189.62
435,Hyacintha,Smorthit,hsmorthitc2@paginegialle.it,Agender,158.51.108.99
436,Boigie,Youd,byoudc3@adobe.com,Male,186.43.4.73
437,Lanita,Baldini,lbaldinic4@google.com.au,Agender,198.134.253.189
438,Denny,Giovanitti,dgiovanittic5@edublogs.org,Genderfluid,146.54.106.110
439,Kimberly,Aggett,kaggettc6@latimes.com,Non-binary,156.132.48.230
440,Beale,Edgerton,bedgertonc7@usatoday.com,Bigender,233.249.104.125
441,Far,Crutchley,fcrutchleyc8@gravatar.com,Female,200.73.6.6
442,Fanechka,Kennaird,fkennairdc9@chicagotribune.com,Agender,199.49.231.160
443,Adina,Collens,acollensca@home.pl,Bigender,76.146.80.27
444,Ulrich,Getch,ugetchcb@hp.com,Non-binary,54.123.68.210
445,Ambrosius,Kineton,akinetoncc@tuttocitta.it,Agender,153.246.1.243
446,Joly,Oldacres,joldacrescd@nifty.com,Male,170.145.104.146
447,Bordie,Ginglell,bginglellce@google.de,Genderfluid,115.67.41.198
448,Danya,Huller,dhullercf@netvibes.com,Non-binary,31.178.182.166
449,Fancy,Tolemache,ftolemachecg@columbia.edu,Agender,31.149.129.81
450,Delbert,Ianson,diansonch@squidoo.com,Bigender,75.56.22.118
451,Case,Patershall,cpatershallci@ft.com,Female,114.198.172.18
452,Claus,Lumm,clummcj@baidu.com,Non-binary,183.250.66.151
453,Douglass,Muggleton,dmuggletonck@privacy.gov.au,Genderqueer,78.184.193.209
454,Del,Braune,dbraunecl@sakura.ne.jp,Non-binary,80.61.198.133
455,Karlan,Patsall,kpatsallcm@edublogs.org,Non-binary,49.106.148.108
456,Desiri,Malicki,dmalickicn@jimdo.com,Genderqueer,208.210.107.126
457,Ingeberg,Dallimore,idallimoreco@abc.net.au,Female,108.94.246.16
458,Goraud,Sharrock,gsharrockcp@bizjournals.com,Genderfluid,38.33.110.14
459,Alvina,Schutze,aschutzecq@nytimes.com,Agender,215.225.252.142
460,Leon,Bourgourd,lbourgourdcr@blogs.com,Genderfluid,254.218.131.17
461,De witt,Breslauer,dbreslauercs@dot.gov,Bigender,237.139.206.198
462,Loutitia,Parslow,lparslowct@ted.com,Agender,133.158.115.242
463,Mira,Mathewson,mmathewsoncu@google.ca,Bigender,32.106.220.148
464,Ephrayim,Fruin,efruincv@stumbleupon.com,Bigender,135.115.119.254
465,Whitney,Skakunas,wskakunascw@walmart.com,Agender,198.182.117.105
466,Billi,Becarra,bbecarracx@bandcamp.com,Agender,192.240.167.163
467,Tucker,Wheway,twhewaycy@yahoo.co.jp,Non-binary,151.145.38.225
468,Horace,Chattelaine,hchattelainecz@yolasite.com,Polygender,111.75.239.79
469,Kath,Ruddy,kruddyd0@bing.com,Genderfluid,190.172.14.228
470,Moses,Borless,mborlessd1@exblog.jp,Bigender,159.193.49.140
471,Gaelan,Illsley,gillsleyd2@irs.gov,Polygender,217.7.33.145
472,Pollyanna,Delort,pdelortd3@army.mil,Male,204.200.41.168
473,Graham,Fairy,gfairyd4@paginegialle.it,Non-binary,22.163.231.39
474,Shae,Kinvig,skinvigd5@cnn.com,Polygender,23.139.15.68
475,Griffin,Kierans,gkieransd6@tiny.cc,Genderfluid,234.63.111.223
476,Town,Eddisforth,teddisforthd7@wikimedia.org,Bigender,83.205.228.185
477,Mordecai,Crosetti,mcrosettid8@goo.ne.jp,Female,112.167.26.160
478,Vinny,Steers,vsteersd9@eepurl.com,Genderfluid,163.24.25.30
479,Doe,Moreman,dmoremanda@bandcamp.com,Non-binary,197.212.102.161
480,Jamey,Turri,jturridb@cmu.edu,Polygender,108.79.58.87
481,Lucia,Kikke,lkikkedc@hp.com,Genderfluid,112.83.22.204
482,Lia,Howsam,lhowsamdd@rambler.ru,Non-binary,167.150.182.167
483,Bryn,Ussher,bussherde@gravatar.com,Polygender,9.122.126.245
484,Sheff,Benian,sbeniandf@businessinsider.com,Non-binary,184.105.105.168
485,Elbertine,Torre,etorredg@reference.com,Genderqueer,4.39.19.98
486,Nikki,Gisbourn,ngisbourndh@uol.com.br,Genderfluid,135.17.110.42
487,Stacia,Mallebone,smallebonedi@freewebs.com,Bigender,88.73.24.181
488,Madelina,Le Count,mlecountdj@eepurl.com,Genderfluid,40.125.237.70
489,Johnna,Garrison,jgarrisondk@163.com,Non-binary,150.253.168.162
490,Clayton,Abbott,cabbottdl@sohu.com,Agender,5.75.123.136
491,Marline,Bassill,mbassilldm@google.it,Genderqueer,135.113.229.246
492,Tripp,Burgot,tburgotdn@hibu.com,Female,182.112.200.43
493,Carree,Byrnes,cbyrnesdo@blogspot.com,Genderfluid,85.77.34.6
494,Nicol,Sivess,nsivessdp@icio.us,Genderfluid,142.246.77.242
495,Fanchon,Willmont,fwillmontdq@cloudflare.com,Male,171.107.93.150
496,Karrie,Christofol,kchristofoldr@answers.com,Male,58.181.9.237
497,Starlin,Elias,seliasds@opensource.org,Agender,70.86.170.169
498,Devonne,Winskill,dwinskilldt@elpais.com,Agender,130.219.67.212
499,Chadd,Dikle,cdikledu@lulu.com,Male,156.116.112.244
500,Blondy,Pelosi,bpelosidv@1688.com,Bigender,148.75.51.126
501,Marcelo,Purshouse,mpurshousedw@mtv.com,Agender,191.214.168.255
502,Giovanni,Fricke,gfrickedx@aboutads.info,Bigender,110.127.6.55
503,Anneliese,Lawrance,alawrancedy@mayoclinic.com,Genderqueer,181.64.22.107
504,Delia,MacCambridge,dmaccambridgedz@reference.com,Genderfluid,231.186.224.89
505,Dorian,Godman,dgodmane0@springer.com,Male,134.83.170.138
506,Mattias,Riches,mrichese1@wordpress.org,Male,125.188.105.181
507,Percival,Cockerell,pcockerelle2@spiegel.de,Genderfluid,10.194.208.1
508,Jerrie,Casserley,jcasserleye3@blogs.com,Polygender,76.104.40.95
509,Magdalena,Simkin,msimkine4@flavors.me,Genderfluid,225.119.175.142
510,Tanner,Lyptrade,tlyptradee5@army.mil,Polygender,150.32.86.196
511,Valentijn,Selesnick,vselesnicke6@nih.gov,Genderqueer,106.209.49.196
512,Wolf,Pilgrim,wpilgrime7@meetup.com,Genderqueer,244.78.12.83
513,Adrianna,Heazel,aheazele8@bandcamp.com,Polygender,239.181.36.214
514,Malva,Cottier,mcottiere9@flavors.me,Agender,165.234.159.111
515,Abran,Jelf,ajelfea@wikimedia.org,Female,39.139.148.72
516,Filmer,Tarquinio,ftarquinioeb@vimeo.com,Genderqueer,208.0.209.84
517,Bogart,Momery,bmomeryec@wisc.edu,Non-binary,72.105.84.150
518,Atalanta,Adamou,aadamoued@goo.gl,Polygender,190.155.43.216
519,Zabrina,Corter,zcorteree@jugem.jp,Agender,64.6.228.115
520,Richie,Hilling,rhillingef@fastcompany.com,Non-binary,199.202.59.141
521,Barbara,Sawforde,bsawfordeeg@reverbnation.com,Non-binary,223.88.187.243
522,Ramsay,Castillon,rcastilloneh@sphinn.com,Non-binary,184.93.195.222
523,Ruthanne,Goult,rgoultei@diigo.com,Male,122.188.255.240
524,Sari,Mcasparan,smcasparanej@hugedomains.com,Female,188.172.51.178
525,Saul,Lucks,slucksek@howstuffworks.com,Female,57.171.191.170
526,Zarla,Dyball,zdyballel@ted.com,Female,68.24.181.176
527,Juliet,Abrahamoff,jabrahamoffem@github.com,Polygender,78.144.131.240
528,Jacintha,Neagle,jneagleen@alexa.com,Genderfluid,90.74.183.232
529,Jolee,Gianninotti,jgianninottieo@house.gov,Bigender,154.29.210.101
530,Morris,Lebourn,mlebournep@ameblo.jp,Male,181.251.137.87
531,Niles,Steadman,nsteadmaneq@nasa.gov,Genderfluid,38.210.243.125
532,Truda,Matysiak,tmatysiaker@earthlink.net,Non-binary,130.238.127.104
533,Patty,Droghan,pdroghanes@t.co,Male,136.181.125.76
534,Jeremy,Lerohan,jlerohanet@smugmug.com,Non-binary,50.245.232.169
535,Hakeem,Tear,hteareu@uol.com.br,Genderfluid,182.148.254.254
536,Lucina,Copcote,lcopcoteev@symantec.com,Non-binary,173.91.233.13
537,Morse,Spiring,mspiringew@biblegateway.com,Agender,240.238.222.140
538,Natty,Medforth,nmedforthex@icio.us,Bigender,49.102.239.235
539,Hedda,Langston,hlangstoney@ask.com,Genderfluid,20.150.94.143
540,Araldo,Catford,acatfordez@tinyurl.com,Genderqueer,40.141.121.106
541,Dorie,Hammonds,dhammondsf0@sogou.com,Male,192.159.210.101
542,Lilly,Ticksall,lticksallf1@bloglovin.com,Non-binary,35.247.221.45
543,Delly,Rooksby,drooksbyf2@indiegogo.com,Male,59.5.197.112
544,Steven,Jaffray,sjaffrayf3@answers.com,Male,95.241.112.164
545,Leese,Cranmore,lcranmoref4@vinaora.com,Agender,145.6.144.31
546,Sharline,Treven,strevenf5@cnbc.com,Female,226.124.179.38
547,Corbett,Antoniak,cantoniakf6@shareasale.com,Non-binary,148.72.195.225
548,Andres,Howsan,ahowsanf7@bloomberg.com,Genderqueer,202.208.166.245
549,Grant,Woolham,gwoolhamf8@google.com.hk,Female,93.217.96.85
550,Carmon,Luc,clucf9@networksolutions.com,Non-binary,11.112.187.161
551,Lauree,Corderoy,lcorderoyfa@businesswire.com,Agender,9.110.241.182
552,Tedi,Latey,tlateyfb@google.pl,Polygender,232.138.115.57
553,Darius,Gantlett,dgantlettfc@nasa.gov,Agender,84.2.201.186
554,Tana,Searson,tsearsonfd@weibo.com,Polygender,110.238.101.5
555,Obediah,Thorpe,othorpefe@examiner.com,Genderqueer,49.199.18.184
556,Nydia,Peebles,npeeblesff@so-net.ne.jp,Agender,144.217.8.253
557,Brenna,Purselow,bpurselowfg@plala.or.jp,Bigender,8.110.70.153
558,Gertrudis,Brackenbury,gbrackenburyfh@wix.com,Bigender,83.214.118.178
559,Cirilo,Laidel,claidelfi@ted.com,Agender,72.240.56.205
560,Rikki,Kearn,rkearnfj@csmonitor.com,Female,179.44.32.189
561,Eberto,Abendroth,eabendrothfk@google.com,Agender,131.126.28.232
562,Bobette,Howie,bhowiefl@house.gov,Genderqueer,77.19.240.34
563,Laverna,Caudrey,lcaudreyfm@live.com,Genderqueer,18.140.103.45
564,Merry,Hacket,mhacketfn@unc.edu,Agender,204.5.225.240
565,Loraine,Caswell,lcaswellfo@aboutads.info,Genderqueer,190.215.202.12
566,Monah,Burrill,mburrillfp@slashdot.org,Genderfluid,202.20.88.32
567,Reginauld,Leivesley,rleivesleyfq@soup.io,Female,175.61.194.241
568,Gwenneth,Doward,gdowardfr@sun.com,Non-binary,245.252.233.94
569,Thatcher,Gildersleeve,tgildersleevefs@nhs.uk,Male,122.180.5.0
570,Fitz,Albrighton,falbrightonft@mlb.com,Genderfluid,74.50.46.46
571,Siusan,Lindenbluth,slindenbluthfu@mashable.com,Female,187.159.53.33
572,Pepi,Birdfield,pbirdfieldfv@merriam-webster.com,Agender,183.108.102.102
573,Rosamond,Goldwater,rgoldwaterfw@webs.com,Non-binary,180.214.109.34
574,Winnifred,Trevena,wtrevenafx@bloglovin.com,Male,245.34.29.198
575,Janaya,Slocombe,jslocombefy@addthis.com,Female,37.81.145.16
576,Lorri,Georgi,lgeorgifz@twitter.com,Agender,35.198.57.198
577,Trudi,Rubinfeld,trubinfeldg0@4shared.com,Agender,2.84.183.119
578,Elianora,Tomaskunas,etomaskunasg1@irs.gov,Female,96.128.8.18
579,Isadora,Deluce,ideluceg2@chronoengine.com,Bigender,82.117.251.158
580,Chrisy,Harries,charriesg3@fema.gov,Female,229.241.89.35
581,Ulric,Greensite,ugreensiteg4@mapquest.com,Agender,141.132.11.255
582,Ellette,Alker,ealkerg5@admin.ch,Genderfluid,252.9.42.78
583,Rosina,Hayhoe,rhayhoeg6@google.nl,Male,250.179.117.33
584,Carol,Wenban,cwenbang7@jigsy.com,Bigender,20.130.251.143
585,Conant,Phebee,cphebeeg8@ucsd.edu,Bigender,52.13.5.5
586,Patrizius,Bygott,pbygottg9@myspace.com,Bigender,19.27.189.47
587,Bryanty,Sterte,bstertega@shinystat.com,Polygender,19.64.156.150
588,Francyne,Sockell,fsockellgb@guardian.co.uk,Male,94.115.202.158
589,Jo-anne,Caddy,jcaddygc@nba.com,Bigender,104.189.213.42
590,Gloriana,Drewett,gdrewettgd@home.pl,Polygender,63.216.143.94
591,Dode,Donett,ddonettge@ibm.com,Polygender,151.152.57.131
592,Matti,Billborough,mbillboroughgf@t-online.de,Genderfluid,203.25.7.137
593,Angus,Flode,aflodegg@timesonline.co.uk,Genderqueer,50.220.20.180
594,Karoly,O'Dunneen,kodunneengh@e-recht24.de,Agender,192.1.242.110
595,Reta,Noades,rnoadesgi@usatoday.com,Agender,236.86.14.222
596,Andrea,Fogarty,afogartygj@imageshack.us,Polygender,181.182.20.160
597,Mariska,Cohalan,mcohalangk@dyndns.org,Genderqueer,140.119.26.176
598,Sam,Pidler,spidlergl@1688.com,Female,149.142.123.17
599,Fawne,Moroney,fmoroneygm@issuu.com,Genderqueer,237.116.58.38
600,Adrienne,Maides,amaidesgn@de.vu,Non-binary,23.126.146.219
601,Ignacio,Ceaplen,iceaplengo@moonfruit.com,Non-binary,30.46.22.201
602,Marnia,Clunan,mclunangp@earthlink.net,Bigender,81.174.80.49
603,Lenka,Martygin,lmartygingq@squidoo.com,Female,98.213.105.204
604,Annalee,Emblen,aemblengr@ocn.ne.jp,Non-binary,254.235.156.87
605,Alberta,Top,atopgs@hatena.ne.jp,Genderqueer,87.119.217.93
606,Ninon,Pinchon,npinchongt@chicagotribune.com,Male,138.63.244.163
607,Emmeline,Ilyuchyov,eilyuchyovgu@nydailynews.com,Genderfluid,197.125.182.201
608,Molli,Hrishanok,mhrishanokgv@php.net,Polygender,56.135.204.22
609,Alf,Buntain,abuntaingw@ning.com,Polygender,111.19.214.218
610,Kipp,Mawman,kmawmangx@sogou.com,Polygender,12.170.240.228
611,Dukey,Dalgardno,ddalgardnogy@washingtonpost.com,Male,30.224.107.106
612,Ford,Sazio,fsaziogz@imgur.com,Polygender,137.185.243.135
613,Jemima,Andrieux,jandrieuxh0@creativecommons.org,Genderfluid,222.181.139.76
614,Arlina,Andrzejak,aandrzejakh1@theatlantic.com,Genderfluid,221.159.93.98
615,Orelle,Merioth,omeriothh2@tamu.edu,Male,103.4.160.69
616,Renato,Di Giacomettino,rdigiacomettinoh3@uol.com.br,Female,77.89.128.218
617,Cecil,Fitzroy,cfitzroyh4@friendfeed.com,Agender,65.93.89.26
618,Abdel,Darrow,adarrowh5@theglobeandmail.com,Non-binary,89.240.242.105
619,Theodora,Sibbering,tsibberingh6@auda.org.au,Agender,184.213.87.243
620,Tarah,Stilly,tstillyh7@intel.com,Male,4.23.88.27
621,Blake,Duell,bduellh8@princeton.edu,Genderqueer,100.102.124.238
622,Johan,Willcox,jwillcoxh9@nsw.gov.au,Bigender,246.253.37.247
623,Reinald,Jahndel,rjahndelha@hao123.com,Genderfluid,57.150.25.5
624,Fax,Dibson,fdibsonhb@123-reg.co.uk,Female,160.85.85.14
625,Roshelle,Sidery,rsideryhc@slashdot.org,Genderqueer,149.157.43.52
626,Cicily,Mauchline,cmauchlinehd@amazon.co.jp,Genderqueer,125.130.110.134
627,Grady,Mufford,gmuffordhe@who.int,Male,79.153.215.115
628,Dedie,Joslin,djoslinhf@usda.gov,Polygender,4.82.109.172
629,Ryan,Pedrocco,rpedroccohg@ox.ac.uk,Genderqueer,147.61.135.151
630,Crysta,Dunphy,cdunphyhh@gizmodo.com,Genderqueer,231.41.30.148
631,Josie,Marshalleck,jmarshalleckhi@xing.com,Polygender,3.245.7.126
632,Kristal,Middis,kmiddishj@unicef.org,Male,88.246.25.166
633,Neale,Mea,nmeahk@amazon.com,Genderfluid,186.224.49.119
634,Lauretta,Samber,lsamberhl@disqus.com,Genderfluid,136.229.115.16
635,Bev,Rollett,brolletthm@washington.edu,Genderqueer,225.23.15.3
636,Libbi,Madgett,lmadgetthn@senate.gov,Non-binary,129.104.73.10
637,Renate,Goodge,rgoodgeho@biblegateway.com,Agender,86.200.235.143
638,Ernestus,Kolak,ekolakhp@soundcloud.com,Non-binary,238.192.66.170
639,Roxy,Consterdine,rconsterdinehq@unblog.fr,Agender,29.78.137.193
640,Nels,Germain,ngermainhr@alibaba.com,Agender,113.89.147.54
641,Dodie,Kienl,dkienlhs@wordpress.org,Genderfluid,33.187.241.174
642,Uta,Coltman,ucoltmanht@over-blog.com,Genderfluid,103.59.135.151
643,Huntington,Maris,hmarishu@ask.com,Male,225.63.106.80
644,Katha,Gillibrand,kgillibrandhv@123-reg.co.uk,Genderqueer,179.248.130.80
645,Quinn,Wombwell,qwombwellhw@narod.ru,Polygender,37.171.135.104
646,Gav,Bunten,gbuntenhx@angelfire.com,Polygender,91.235.194.208
647,Josie,Syrad,jsyradhy@google.pl,Bigender,228.219.136.18
648,Moises,Rieme,mriemehz@lulu.com,Non-binary,149.255.162.254
649,Kaiser,Mallalieu,kmallalieui0@nationalgeographic.com,Genderfluid,176.21.1.209
650,Emmott,Shawyer,eshawyeri1@unblog.fr,Agender,196.29.196.52
651,Rolando,Wallbridge,rwallbridgei2@altervista.org,Female,42.42.197.52
652,Gray,Blackesland,gblackeslandi3@princeton.edu,Agender,33.88.152.250
653,Fleur,McCurdy,fmccurdyi4@accuweather.com,Bigender,114.92.4.226
654,Redford,Faint,rfainti5@homestead.com,Genderfluid,84.192.0.189
655,Nil,Normand,nnormandi6@dailymotion.com,Polygender,248.67.195.220
656,Marcy,Charlin,mcharlini7@noaa.gov,Bigender,25.52.233.208
657,Caresa,Bertram,cbertrami8@usa.gov,Female,183.199.137.249
658,Harv,Caccavella,hcaccavellai9@artisteer.com,Genderqueer,211.160.193.210
659,Ricki,Colson,rcolsonia@moonfruit.com,Agender,149.150.169.181
660,Celine,Bossom,cbossomib@businessweek.com,Bigender,222.165.169.227
661,Gayel,Cadwell,gcadwellic@sourceforge.net,Male,59.170.7.94
662,Viv,Walliker,vwallikerid@independent.co.uk,Female,156.209.142.207
663,Verine,Jeram,vjeramie@diigo.com,Genderqueer,38.237.233.38
664,Athena,Alldridge,aalldridgeif@europa.eu,Non-binary,195.17.170.31
665,Sidoney,Beneteau,sbeneteauig@e-recht24.de,Polygender,121.69.33.58
666,Mandel,Wreath,mwreathih@guardian.co.uk,Bigender,103.241.163.44
667,Maurits,Geeritz,mgeeritzii@friendfeed.com,Genderfluid,65.18.132.251
668,Nikola,Sponton,nspontonij@infoseek.co.jp,Genderqueer,122.187.34.198
669,Ingrid,Franciottoi,ifranciottoiik@joomla.org,Genderqueer,104.158.105.190
670,Dannie,Kassel,dkasselil@dot.gov,Bigender,186.130.254.97
671,Hoebart,Bignal,hbignalim@ftc.gov,Agender,22.201.79.239
672,Brendan,Symers,bsymersin@tamu.edu,Genderfluid,242.188.111.119
673,Sybyl,McMakin,smcmakinio@godaddy.com,Bigender,215.240.16.193
674,Gayleen,Olivi,goliviip@twitpic.com,Genderqueer,166.241.0.74
675,Agathe,Inskipp,ainskippiq@bing.com,Male,248.99.67.81
676,Georgeanne,Conkay,gconkayir@wunderground.com,Polygender,234.192.0.46
677,Matty,Meldrum,mmeldrumis@omniture.com,Non-binary,102.76.14.68
678,Mavis,Hamelyn,mhamelynit@opera.com,Polygender,159.28.153.128
679,Alfreda,Bennion,abennioniu@unc.edu,Polygender,140.220.78.31
680,Denni,Rosiello,drosielloiv@ucoz.com,Female,13.255.3.52
681,Jeramey,Armes,jarmesiw@twitpic.com,Male,255.238.235.157
682,Cher,Curado,ccuradoix@purevolume.com,Genderqueer,205.15.45.147
683,Wadsworth,Laval,wlavaliy@cocolog-nifty.com,Genderqueer,243.194.224.122
684,Rouvin,Denge,rdengeiz@sakura.ne.jp,Non-binary,83.165.131.73
685,Theo,McGuinness,tmcguinnessj0@nature.com,Non-binary,64.164.154.102
686,Evangelia,Bloom,ebloomj1@ihg.com,Non-binary,32.153.236.49
687,Yolane,Honniebal,yhonniebalj2@phpbb.com,Genderfluid,139.251.83.99
688,Sig,Benini,sbeninij3@twitpic.com,Female,7.77.70.182
689,Cobb,Tugman,ctugmanj4@mapquest.com,Polygender,180.242.124.93
690,Anny,Bibey,abibeyj5@google.fr,Genderfluid,202.164.44.24
691,Colly,Van der Hoeven,cvanderhoevenj6@icq.com,Male,186.54.85.131
692,Horten,Shynn,hshynnj7@harvard.edu,Genderfluid,91.77.218.88
693,Wynnie,Rosas,wrosasj8@linkedin.com,Agender,13.101.172.22
694,Antoinette,McGeouch,amcgeouchj9@opensource.org,Male,197.91.65.171
695,Reagen,Vedishchev,rvedishchevja@mozilla.org,Genderfluid,113.199.33.61
696,Terrill,Assante,tassantejb@etsy.com,Non-binary,46.210.236.22
697,Alida,McCurdy,amccurdyjc@dailymail.co.uk,Agender,31.12.51.3
698,Gwynne,Miche,gmichejd@webnode.com,Non-binary,213.88.44.65
699,Dar,Stigger,dstiggerje@ucoz.com,Male,236.20.59.188
700,Starlene,Durrance,sdurrancejf@creativecommons.org,Male,121.122.70.234
701,Steffie,Gherardesci,sgherardescijg@gov.uk,Female,91.185.54.143
702,Melinda,Moules,mmoulesjh@msu.edu,Female,198.91.93.134
703,Eartha,Backman,ebackmanji@tiny.cc,Genderqueer,3.252.218.235
704,Kenneth,Simone,ksimonejj@cnet.com,Male,42.192.229.120
705,Edgardo,Ruslen,eruslenjk@who.int,Genderfluid,250.210.98.129
706,Beilul,Ilyasov,bilyasovjl@etsy.com,Genderfluid,202.114.31.173
707,Elmo,Di Maria,edimariajm@mac.com,Polygender,160.117.12.81
708,Bekki,Faragan,bfaraganjn@symantec.com,Polygender,27.130.82.128
709,Shayna,Nilles,snillesjo@webeden.co.uk,Agender,51.102.39.221
710,Lindie,McKirton,lmckirtonjp@mtv.com,Male,14.184.5.217
711,Westley,Finlan,wfinlanjq@independent.co.uk,Bigender,66.239.148.231
712,Evan,Brownhill,ebrownhilljr@macromedia.com,Bigender,71.211.57.91
713,Allys,Kaminski,akaminskijs@netvibes.com,Polygender,104.57.36.39
714,Janela,Ainscow,jainscowjt@feedburner.com,Polygender,42.146.102.61
715,Arty,Lyburn,alyburnju@huffingtonpost.com,Genderfluid,99.10.215.121
716,Izak,Laddle,iladdlejv@cnn.com,Bigender,36.255.156.101
717,Mada,Aitchison,maitchisonjw@buzzfeed.com,Male,244.35.140.190
718,Rosa,Prosser,rprosserjx@ucoz.com,Bigender,171.73.204.121
719,Dory,Kite,dkitejy@indiegogo.com,Male,79.197.133.100
720,Hannie,Sacker,hsackerjz@mediafire.com,Bigender,213.250.235.11
721,Matthus,Gethyn,mgethynk0@twitpic.com,Agender,246.41.84.44
722,Cammie,Studdeard,cstuddeardk1@auda.org.au,Genderqueer,226.34.244.214
723,Lanette,Tullot,ltullotk2@tripod.com,Female,189.41.102.92
724,Saunder,Doble,sdoblek3@senate.gov,Genderqueer,125.166.3.174
725,Estele,MacCorley,emaccorleyk4@diigo.com,Female,127.186.128.39
726,Angelica,Bazoche,abazochek5@elpais.com,Genderfluid,215.239.225.139
727,Alick,Soans,asoansk6@washingtonpost.com,Genderqueer,30.192.224.192
728,Fernandina,Leynton,fleyntonk7@state.gov,Genderqueer,255.15.233.21
729,Con,Sowood,csowoodk8@webeden.co.uk,Male,164.88.57.242
730,Dietrich,MacKonochie,dmackonochiek9@rakuten.co.jp,Non-binary,159.8.115.190
731,Quincey,Archibald,qarchibaldka@sogou.com,Agender,129.234.148.98
732,Eran,Trussman,etrussmankb@xrea.com,Male,64.201.113.43
733,Brendin,Saul,bsaulkc@hubpages.com,Agender,15.72.140.122
734,Orton,Lightman,olightmankd@cargocollective.com,Genderqueer,132.111.172.232
735,Tobiah,Hing,thingke@biblegateway.com,Genderfluid,2.52.95.89
736,Kevin,Tolomelli,ktolomellikf@woothemes.com,Female,241.247.252.89
737,Bianka,Ambrogiotti,bambrogiottikg@eepurl.com,Genderfluid,169.52.108.125
738,Toddy,Berrigan,tberrigankh@list-manage.com,Polygender,224.68.234.169
739,Tabatha,Tallowin,ttallowinki@cafepress.com,Genderfluid,19.116.147.176
740,Bernardine,Woliter,bwoliterkj@tmall.com,Non-binary,126.136.105.217
741,Chevy,Bodker,cbodkerkk@istockphoto.com,Non-binary,217.130.250.142
742,Frasier,Gniewosz,fgniewoszkl@tuttocitta.it,Bigender,17.86.171.68
743,Rufe,Banstead,rbansteadkm@oracle.com,Agender,62.26.207.59
744,Odella,Orthmann,oorthmannkn@sakura.ne.jp,Non-binary,236.197.250.126
745,Brenden,Lammers,blammersko@yolasite.com,Genderqueer,196.94.168.202
746,Cari,Calam,ccalamkp@tumblr.com,Female,180.3.183.128
747,Arley,Fincham,afinchamkq@example.com,Genderqueer,164.172.91.26
748,April,Assel,aasselkr@nyu.edu,Polygender,56.193.114.173
749,Ketty,Irlam,kirlamks@china.com.cn,Male,111.237.116.185
750,Bennie,Dayne,bdaynekt@oakley.com,Agender,206.218.196.102
751,Ertha,Kowalik,ekowalikku@virginia.edu,Genderfluid,179.148.215.246
752,Harrie,Dunne,hdunnekv@nps.gov,Polygender,216.105.43.228
753,Evin,Swannick,eswannickkw@quantcast.com,Bigender,209.102.190.182
754,Garald,Lammertz,glammertzkx@engadget.com,Female,49.204.205.181
755,Cary,Burren,cburrenky@blogger.com,Genderqueer,54.163.125.64
756,Creight,Izak,cizakkz@usda.gov,Non-binary,67.195.195.176
757,Lilias,Cust,lcustl0@dion.ne.jp,Agender,211.195.7.17
758,Maureene,Swadlen,mswadlenl1@themeforest.net,Male,92.215.110.13
759,Marcelle,Laite,mlaitel2@goo.ne.jp,Genderfluid,159.57.32.182
760,Flor,Florio,ffloriol3@miitbeian.gov.cn,Male,180.235.13.38
761,Lancelot,Petroulis,lpetroulisl4@virginia.edu,Agender,166.29.207.254
762,Sherrie,Klemz,sklemzl5@webmd.com,Polygender,111.133.29.185
763,Beck,Halligan,bhalliganl6@dedecms.com,Polygender,68.210.173.95
764,Tudor,Tapin,ttapinl7@creativecommons.org,Genderqueer,82.104.199.117
765,Catharine,Rowet,crowetl8@clickbank.net,Polygender,242.73.234.23
766,Timi,Fray,tfrayl9@deliciousdays.com,Genderqueer,209.106.85.230
767,Rosalynd,Knappitt,rknappittla@bbb.org,Genderfluid,210.50.199.48
768,Isabella,Losbie,ilosbielb@tinypic.com,Male,201.87.30.76
769,Grover,Vaune,gvaunelc@alexa.com,Genderqueer,6.49.89.72
770,Vernon,McCarlie,vmccarlield@networkadvertising.org,Genderqueer,77.130.176.186
771,Germaine,Langsdon,glangsdonle@opera.com,Agender,244.57.208.114
772,Garret,Coffey,gcoffeylf@uol.com.br,Female,148.13.188.147
773,Lothaire,Klain,lklainlg@discovery.com,Polygender,229.83.125.50
774,Francisco,Bromont,fbromontlh@noaa.gov,Bigender,71.144.168.4
775,Teador,Covert,tcovertli@shutterfly.com,Bigender,210.75.211.0
776,Debera,Borgars,dborgarslj@exblog.jp,Female,76.177.41.44
777,Karlik,Dockery,kdockerylk@mapquest.com,Genderqueer,114.201.142.54
778,Christos,Zmitruk,czmitrukll@i2i.jp,Agender,106.120.244.237
779,Hanni,Zanni,hzannilm@usnews.com,Genderfluid,126.86.191.206
780,Kellen,Rosina,krosinaln@deviantart.com,Agender,238.127.192.38
781,Alika,Epsley,aepsleylo@usnews.com,Agender,80.43.91.148
782,Abbe,Reimer,areimerlp@ebay.co.uk,Agender,124.140.34.188
783,Nicolai,Dighton,ndightonlq@hhs.gov,Genderqueer,94.202.234.172
784,Wilhelmine,Ferrarello,wferrarellolr@bing.com,Bigender,54.180.164.232
785,Ambrose,Wilford,awilfordls@ustream.tv,Bigender,27.8.61.150
786,Earl,Watsam,ewatsamlt@e-recht24.de,Genderqueer,6.27.199.187
787,Maurie,Assaf,massaflu@studiopress.com,Genderfluid,213.193.243.89
788,Claudelle,Mawer,cmawerlv@home.pl,Non-binary,103.251.154.201
789,Devlin,Overell,doverelllw@goodreads.com,Bigender,113.189.5.31
790,Matthaeus,Findley,mfindleylx@elpais.com,Non-binary,28.103.0.32
791,Shaina,Landa,slandaly@godaddy.com,Non-binary,14.85.39.91
792,Addie,Bohlje,abohljelz@stumbleupon.com,Bigender,128.43.158.110
793,Cloris,Pinsent,cpinsentm0@adobe.com,Genderfluid,122.8.95.211
794,Janine,McKiddin,jmckiddinm1@seesaa.net,Female,60.105.15.241
795,Zacherie,Jossel,zjosselm2@gnu.org,Agender,196.4.52.161
796,Amelie,Roddy,aroddym3@so-net.ne.jp,Polygender,148.97.86.245
797,Nils,Abbitt,nabbittm4@gizmodo.com,Non-binary,45.247.250.165
798,Debora,Costain,dcostainm5@stumbleupon.com,Non-binary,119.240.157.104
799,Tiler,Strethill,tstrethillm6@fotki.com,Agender,170.179.91.118
800,Clayton,Ritchard,critchardm7@phoca.cz,Non-binary,226.25.100.207
801,Arleta,Winear,awinearm8@cmu.edu,Genderqueer,54.137.174.112
802,Kasey,Male,kmalem9@bizjournals.com,Female,231.241.172.19
803,Aretha,Labrow,alabrowma@naver.com,Non-binary,177.53.92.79
804,Fernande,Houldey,fhouldeymb@joomla.org,Non-binary,41.91.210.100
805,Sheela,Hartin,shartinmc@cnbc.com,Genderqueer,41.203.47.213
806,Daphne,Acum,dacummd@twitpic.com,Agender,244.90.7.107
807,Udell,Sutterby,usutterbyme@sohu.com,Non-binary,38.251.248.55
808,Marlowe,Reah,mreahmf@addtoany.com,Genderfluid,153.186.22.13
809,Kendall,Chestnutt,kchestnuttmg@usatoday.com,Non-binary,178.243.147.4
810,Dario,Dorgon,ddorgonmh@si.edu,Non-binary,149.123.163.43
811,Essie,Plowright,eplowrightmi@wikimedia.org,Agender,44.211.54.96
812,Grazia,Brandassi,gbrandassimj@nyu.edu,Female,196.40.110.168
813,Mommy,Grunnill,mgrunnillmk@hao123.com,Polygender,147.2.75.148
814,Letti,Emanuelli,lemanuelliml@census.gov,Agender,248.28.34.216
815,Foss,Zamorrano,fzamorranomm@census.gov,Polygender,33.57.3.84
816,Egon,Booij,ebooijmn@nydailynews.com,Polygender,25.225.151.129
817,Malia,Baldi,mbaldimo@uiuc.edu,Agender,192.248.166.10
818,Aryn,Dicks,adicksmp@skype.com,Agender,150.190.29.9
819,Bonny,Chsteney,bchsteneymq@dion.ne.jp,Non-binary,58.153.47.7
820,Gwendolen,Bentham,gbenthammr@latimes.com,Agender,159.100.229.22
821,Davine,Soeiro,dsoeiroms@edublogs.org,Male,161.228.6.8
822,Chery,Snedden,csneddenmt@vkontakte.ru,Bigender,214.140.251.166
823,Germana,Goldsack,ggoldsackmu@globo.com,Agender,80.137.40.92
824,Pippa,Tytcomb,ptytcombmv@php.net,Genderfluid,47.225.47.29
825,Constancia,Muckart,cmuckartmw@fastcompany.com,Genderfluid,100.108.220.27
826,Tory,Henmarsh,thenmarshmx@ovh.net,Polygender,18.64.82.110
827,Elva,Kintzel,ekintzelmy@cmu.edu,Genderfluid,186.125.74.112
828,Giuseppe,Chatband,gchatbandmz@t.co,Genderqueer,231.112.208.3
829,Clay,Buttrey,cbuttreyn0@gravatar.com,Non-binary,125.16.248.113
830,Crichton,Saywell,csaywelln1@apache.org,Genderqueer,160.24.7.36
831,Vivienne,Oakenfull,voakenfulln2@ning.com,Male,75.236.207.72
832,Madelyn,Chartre,mchartren3@sfgate.com,Female,188.214.168.185
833,Catherin,Farrall,cfarralln4@chicagotribune.com,Male,156.80.115.115
834,Myrtice,Acton,mactonn5@diigo.com,Non-binary,89.231.144.177
835,Jamal,Sealey,jsealeyn6@umich.edu,Male,33.94.51.237
836,Brande,Ceillier,bceilliern7@lulu.com,Bigender,221.165.43.110
837,Teresita,Babar,tbabarn8@nsw.gov.au,Genderqueer,251.173.30.39
838,Lawrence,Kennifick,lkennifickn9@newyorker.com,Bigender,169.88.247.119
839,Lauryn,Cutchey,lcutcheyna@shareasale.com,Genderfluid,222.201.185.18
840,Desiree,Veelers,dveelersnb@yale.edu,Genderfluid,153.70.64.119
841,Mayor,Hendrichs,mhendrichsnc@dailymotion.com,Agender,234.226.34.243
842,Keith,Lorent,klorentnd@admin.ch,Polygender,171.162.107.127
843,Jodi,Pipping,jpippingne@hugedomains.com,Bigender,74.58.131.83
844,Arleta,Gosnall,agosnallnf@craigslist.org,Male,156.44.43.145
845,Benjy,Yeardsley,byeardsleyng@nymag.com,Genderqueer,200.145.140.165
846,Sylvester,Brierley,sbrierleynh@noaa.gov,Non-binary,226.254.115.137
847,Demott,Faraday,dfaradayni@pagesperso-orange.fr,Male,108.41.244.83
848,Jedidiah,Willoughby,jwilloughbynj@tuttocitta.it,Male,27.90.188.151
849,Colan,Dikle,cdiklenk@auda.org.au,Non-binary,179.140.88.175
850,Layney,Gulliver,lgullivernl@google.com.hk,Genderqueer,12.47.1.63
851,Aldous,Merriment,amerrimentnm@google.cn,Polygender,38.165.58.119
852,Sonja,Dannatt,sdannattnn@google.com.au,Genderfluid,86.196.209.120
853,Patty,Drysdell,pdrysdellno@printfriendly.com,Agender,86.36.41.138
854,Isadora,Ephson,iephsonnp@barnesandnoble.com,Bigender,151.254.197.36
855,Anastassia,Scimonelli,ascimonellinq@statcounter.com,Non-binary,83.2.86.88
856,Gaylor,Doogan,gdoogannr@ft.com,Bigender,185.43.19.137
857,Hendrick,Murtagh,hmurtaghns@phoca.cz,Female,102.74.58.26
858,Kati,Windus,kwindusnt@wikimedia.org,Bigender,8.201.209.169
859,Hale,Maffeo,hmaffeonu@aboutads.info,Bigender,142.84.51.18
860,Leese,Bourdas,lbourdasnv@goodreads.com,Male,138.35.192.237
861,Madelyn,Pairpoint,mpairpointnw@wordpress.com,Bigender,229.179.250.136
862,Virgie,Goaks,vgoaksnx@ovh.net,Polygender,174.213.117.80
863,Luisa,Nance,lnanceny@e-recht24.de,Female,154.46.69.70
864,Judi,Lillicrop,jlillicropnz@apache.org,Agender,34.107.251.3
865,Aleksandr,Diggles,adiggleso0@miitbeian.gov.cn,Polygender,241.74.150.48
866,Rubetta,Jellman,rjellmano1@kickstarter.com,Agender,169.212.64.21
867,Berrie,Soeiro,bsoeiroo2@paypal.com,Genderqueer,19.92.11.111
868,Clifford,Spawton,cspawtono3@nationalgeographic.com,Agender,158.200.149.238
869,Fifine,Lipgens,flipgenso4@squarespace.com,Genderfluid,52.250.245.103
870,Felice,Taffee,ftaffeeo5@cbc.ca,Polygender,189.141.86.215
871,Clarance,Bessell,cbessello6@live.com,Genderqueer,45.109.173.131
872,Morganne,Phant,mphanto7@ovh.net,Agender,45.190.157.8
873,Bridgette,Alwen,balweno8@trellian.com,Bigender,123.83.104.37
874,Townie,Venediktov,tvenediktovo9@stumbleupon.com,Non-binary,183.174.92.44
875,Bianka,Ephson,bephsonoa@about.me,Non-binary,92.237.169.243
876,Chelsea,Perkis,cperkisob@irs.gov,Agender,72.43.179.245
877,Cort,Wield,cwieldoc@com.com,Polygender,226.50.80.37
878,Allie,Redpath,aredpathod@yahoo.com,Genderfluid,32.140.152.69
879,Mollee,Burker,mburkeroe@wunderground.com,Genderfluid,221.194.131.16
880,Kip,Lennard,klennardof@github.com,Genderfluid,143.42.27.131
881,Timmi,Anderton,tandertonog@auda.org.au,Agender,246.63.0.67
882,Albert,Powland,apowlandoh@icio.us,Genderfluid,191.184.205.52
883,Robbin,Clapison,rclapisonoi@wordpress.org,Polygender,93.15.59.22
884,Leeann,Lourens,llourensoj@shop-pro.jp,Female,31.3.90.201
885,Virgie,O'Dempsey,vodempseyok@shinystat.com,Bigender,172.178.234.32
886,Cammi,Dullingham,cdullinghamol@tumblr.com,Genderqueer,75.223.65.152
887,Guthry,Border,gborderom@bizjournals.com,Genderfluid,120.42.124.98
888,Celestia,Dudbridge,cdudbridgeon@plala.or.jp,Bigender,132.197.212.65
889,Janot,Rubertis,jrubertisoo@howstuffworks.com,Non-binary,79.227.216.178
890,Amitie,Schwand,aschwandop@digg.com,Bigender,144.17.17.131
891,Drona,Lathe,dlatheoq@ox.ac.uk,Female,112.223.209.67
892,Teri,Stirling,tstirlingor@indiatimes.com,Female,184.7.179.52
893,Oralie,Brocking,obrockingos@surveymonkey.com,Agender,168.24.221.53
894,Malanie,Del Checolo,mdelchecoloot@webnode.com,Agender,21.153.207.31
895,Von,Logg,vloggou@cbslocal.com,Male,67.202.115.245
896,Harri,Spenclay,hspenclayov@gmpg.org,Genderqueer,197.236.222.88
897,Vina,Lohmeyer,vlohmeyerow@issuu.com,Genderfluid,68.78.59.247
898,Milty,Patullo,mpatulloox@stumbleupon.com,Female,162.131.190.240
899,Robyn,Truggian,rtruggianoy@yahoo.co.jp,Non-binary,13.189.227.24
900,Meade,Featherstonhalgh,mfeatherstonhalghoz@bbb.org,Polygender,152.14.20.146
901,Maribelle,Aldred,maldredp0@hexun.com,Bigender,142.175.160.98
902,Conrado,Skahill,cskahillp1@vinaora.com,Female,19.31.142.226
903,Rosaline,Kellitt,rkellittp2@amazon.de,Non-binary,234.215.216.251
904,Gae,Casaro,gcasarop3@go.com,Genderqueer,76.93.175.234
905,Jammie,Oriel,jorielp4@symantec.com,Male,199.84.30.182
906,Myrah,Renahan,mrenahanp5@nifty.com,Genderfluid,201.28.47.53
907,Samantha,Hagger,shaggerp6@ox.ac.uk,Polygender,41.214.178.194
908,Daffi,Losel,dloselp7@desdev.cn,Polygender,125.18.8.254
909,Clem,Bardwell,cbardwellp8@diigo.com,Female,196.51.55.34
910,Cullin,Travis,ctravisp9@nationalgeographic.com,Polygender,74.233.82.158
911,Amie,Bedingfield,abedingfieldpa@ucoz.ru,Agender,40.143.125.110
912,Ursala,Odney,uodneypb@telegraph.co.uk,Genderqueer,162.46.208.0
913,Brita,Growcock,bgrowcockpc@virginia.edu,Female,236.45.158.151
914,Duky,McManamon,dmcmanamonpd@sitemeter.com,Bigender,209.229.28.135
915,Merrily,Gameson,mgamesonpe@foxnews.com,Male,181.110.95.167
916,Agnesse,Slemmonds,aslemmondspf@google.ru,Genderfluid,244.103.71.199
917,Dagny,Franciskiewicz,dfranciskiewiczpg@stanford.edu,Polygender,26.241.224.165
918,Lenka,Tompkin,ltompkinph@vkontakte.ru,Bigender,209.47.113.225
919,Orland,Boldra,oboldrapi@zimbio.com,Polygender,160.70.195.161
920,Franchot,Fabbri,ffabbripj@home.pl,Genderfluid,232.228.245.119
921,Ingunna,Normansell,inormansellpk@redcross.org,Non-binary,40.248.161.250
922,Benny,Gaddie,bgaddiepl@hexun.com,Male,233.217.208.97
923,Rosabel,Aykroyd,raykroydpm@diigo.com,Male,186.209.39.58
924,Burtie,Hubbucks,bhubbuckspn@bizjournals.com,Polygender,132.0.9.30
925,Reba,Swatman,rswatmanpo@1und1.de,Bigender,135.80.116.94
926,Crin,Walklott,cwalklottpp@barnesandnoble.com,Non-binary,21.202.37.47
927,Mala,Babonau,mbabonaupq@state.tx.us,Bigender,10.4.50.175
928,Clare,Northidge,cnorthidgepr@usgs.gov,Bigender,163.80.151.237
929,Claudetta,Brimmell,cbrimmellps@oaic.gov.au,Female,151.85.66.175
930,Caspar,Dulanty,cdulantypt@cbslocal.com,Agender,45.41.185.245
931,Dorri,Holttom,dholttompu@ifeng.com,Female,198.138.250.207
932,Melony,Dee,mdeepv@xing.com,Genderfluid,123.22.131.203
933,Obadias,Verillo,overillopw@bloomberg.com,Agender,142.211.100.110
934,Morey,Causbey,mcausbeypx@etsy.com,Non-binary,100.37.192.137
935,Darcie,Ledwich,dledwichpy@photobucket.com,Polygender,131.63.155.122
936,Dominica,Penhaleurack,dpenhaleurackpz@gmpg.org,Female,252.38.30.2
937,Sidonia,Seabridge,sseabridgeq0@kickstarter.com,Genderfluid,220.153.72.137
938,Margeaux,Bilt,mbiltq1@nationalgeographic.com,Genderqueer,192.13.71.83
939,Arluene,Roizn,aroiznq2@joomla.org,Female,41.228.134.14
940,Maurice,Ackland,macklandq3@fastcompany.com,Female,36.17.233.178
941,Elianore,Pochet,epochetq4@mayoclinic.com,Non-binary,251.168.132.179
942,Thorin,Maciocia,tmaciociaq5@sakura.ne.jp,Bigender,207.11.14.34
943,Byran,Yurlov,byurlovq6@cam.ac.uk,Polygender,122.230.156.176
944,Rosita,Iowarch,riowarchq7@usgs.gov,Polygender,166.156.41.185
945,Harlan,Chivers,hchiversq8@boston.com,Bigender,227.2.109.126
946,Veronika,Pellew,vpellewq9@nasa.gov,Bigender,198.202.124.129
947,Weston,Beavington,wbeavingtonqa@drupal.org,Female,245.141.113.97
948,Netti,Braniff,nbraniffqb@theguardian.com,Genderfluid,236.139.178.132
949,Malachi,Swinfen,mswinfenqc@com.com,Non-binary,165.201.218.244
950,Chantal,Balser,cbalserqd@businessinsider.com,Non-binary,53.18.222.230
951,Kerri,Pestricke,kpestrickeqe@digg.com,Genderqueer,71.226.173.203
952,Lizzie,Limpkin,llimpkinqf@census.gov,Bigender,41.179.30.15
953,Willdon,Rival,wrivalqg@sourceforge.net,Bigender,184.203.39.250
954,Darice,Mulqueeny,dmulqueenyqh@list-manage.com,Female,253.38.76.154
955,Randal,Bedingfield,rbedingfieldqi@cpanel.net,Non-binary,68.73.104.193
956,Berna,Tapscott,btapscottqj@liveinternet.ru,Polygender,172.173.252.55
957,Leonardo,Killough,lkilloughqk@fda.gov,Bigender,146.106.114.219
958,Mandel,Poleye,mpoleyeql@ehow.com,Polygender,25.111.88.96
959,Ashly,Chasteney,achasteneyqm@prnewswire.com,Female,79.138.5.19
960,Andreana,Paulmann,apaulmannqn@epa.gov,Non-binary,91.207.233.201
961,Shel,Gilogly,sgiloglyqo@odnoklassniki.ru,Female,166.252.193.149
962,Perle,Isworth,pisworthqp@mlb.com,Female,252.138.159.191
963,Kata,Blackhall,kblackhallqq@qq.com,Genderqueer,187.118.51.59
964,Shep,Rappa,srappaqr@myspace.com,Male,28.169.0.230
965,Marietta,Sewill,msewillqs@plala.or.jp,Bigender,57.148.130.125
966,Leicester,Dikes,ldikesqt@taobao.com,Polygender,107.128.29.166
967,Charlot,Conradsen,cconradsenqu@prnewswire.com,Polygender,114.223.14.247
968,Ailyn,Shapiro,ashapiroqv@japanpost.jp,Male,189.228.245.151
969,Carolee,Green,cgreenqw@hp.com,Male,23.51.59.116
970,Lynnet,Linfitt,llinfittqx@apple.com,Polygender,224.90.255.231
971,Perkin,McGreil,pmcgreilqy@harvard.edu,Female,66.211.164.101
972,Tiffie,Hellwig,thellwigqz@slashdot.org,Polygender,64.133.107.182
973,Joane,Chesson,jchessonr0@ocn.ne.jp,Bigender,161.95.73.136
974,Wakefield,Ivankov,wivankovr1@salon.com,Non-binary,210.171.38.73
975,Saleem,Udall,sudallr2@bravesites.com,Genderfluid,61.128.183.186
976,Nikki,Cuchey,ncucheyr3@tumblr.com,Non-binary,67.204.50.98
977,Laurette,Birrell,lbirrellr4@topsy.com,Female,171.18.169.90
978,Ernesta,Aird,eairdr5@guardian.co.uk,Polygender,182.131.160.129
979,Ray,Halbord,rhalbordr6@ehow.com,Female,74.194.147.185
980,Jaquenette,Ludron,jludronr7@businessweek.com,Genderfluid,208.123.186.31
981,Devi,Flew,dflewr8@dedecms.com,Bigender,136.4.51.133
982,Jonathan,Moine,jmoiner9@arstechnica.com,Non-binary,56.92.2.96
983,Geri,Snashall,gsnashallra@yellowpages.com,Genderqueer,92.128.105.125
984,Oliy,Rapps,orappsrb@paginegialle.it,Bigender,151.5.16.117
985,Ardella,Muckley,amuckleyrc@lycos.com,Genderfluid,145.242.26.194
986,Florida,Schuh,fschuhrd@woothemes.com,Genderqueer,190.71.71.226
987,Jenine,Studholme,jstudholmere@tripadvisor.com,Agender,226.192.203.255
988,Gerta,Florez,gflorezrf@omniture.com,Male,175.23.45.215
989,Aldrich,Lovart,alovartrg@msn.com,Genderqueer,134.170.241.152
990,Lothario,Geillier,lgeillierrh@ucla.edu,Agender,147.75.12.142
991,Colene,Lambard,clambardri@163.com,Genderqueer,56.61.6.162
992,Deirdre,Coltart,dcoltartrj@google.co.jp,Female,240.174.128.17
993,Phyllida,Unger,pungerrk@google.co.uk,Male,191.175.123.110
994,Roddie,Sisneros,rsisnerosrl@networksolutions.com,Non-binary,189.164.209.66
995,Poul,Roskeilly,proskeillyrm@skyrock.com,Polygender,128.253.252.176
996,Aundrea,Birley,abirleyrn@tuttocitta.it,Non-binary,1.141.54.140
997,Beverley,Vosse,bvossero@shop-pro.jp,Agender,7.0.93.242
998,Lucius,Matejic,lmatejicrp@slate.com,Genderqueer,212.139.55.152
999,Logan,Pittem,lpittemrq@usgs.gov,Male,181.39.107.70
1000,Tandy,Corkel,tcorkelrr@disqus.com,Male,145.153.238.39
