id,first_name,last_name,email,gender,ip_address
1,Caresa,Spilling,cspilling0@chicagotribune.com,Agender,161.211.92.226
2,Ferrel,Hatherleigh,fhatherleigh1@list-manage.com,Male,169.36.150.227
3,Kris,Fenimore,kfenimore2@si.edu,Agender,226.187.126.175
4,Carolin,Giotto,cgiotto3@tripod.com,Genderqueer,138.219.252.139
5,Alica,Sagg,asagg4@time.com,Agender,208.148.201.100
6,Mario,Stinchcombe,mstinchcombe5@t-online.de,Genderqueer,120.189.109.254
7,Catriona,Schleswig-Holstein,cschleswigholstein6@virginia.edu,Non-binary,35.198.80.140
8,Cammy,Izachik,cizachik7@google.fr,Female,58.166.53.14
9,Kirby,Fogel,kfogel8@nymag.com,Genderfluid,142.232.81.108
10,Thomasin,Risborough,trisborough9@wikimedia.org,Genderqueer,226.234.162.217
11,Raphaela,Crouse,rcrousea@amazon.com,Male,198.180.17.216
12,Griffie,Bouts,gboutsb@godaddy.com,Non-binary,239.15.122.105
13,Tammie,Renshaw,trenshawc@admin.ch,Polygender,228.27.202.147
14,Erinna,Dulling,edullingd@linkedin.com,Bigender,83.200.211.185
15,Lynnet,Raff,lraffe@umn.edu,Polygender,166.141.39.234
16,Fields,Quernel,fquernelf@earthlink.net,Non-binary,227.117.35.135
17,Silvie,Ducket,sducketg@icio.us,Genderfluid,242.147.193.148
18,Mercy,Pimm,mpimmh@trellian.com,Genderqueer,139.250.98.27
19,Isabelita,Masdon,imasdoni@cyberchimps.com,Non-binary,196.181.165.72
20,Bertine,Cornbell,bcornbellj@domainmarket.com,Non-binary,203.94.126.147
21,Gail,Lamminam,glamminamk@blogs.com,Bigender,98.229.165.92
22,Nonna,Monard,nmonardl@devhub.com,Genderqueer,29.30.67.153
23,Brandi,Foat,bfoatm@nationalgeographic.com,Polygender,89.33.58.64
24,Corilla,Collings,ccollingsn@slashdot.org,Male,163.107.96.186
25,Neala,Cran,ncrano@dropbox.com,Genderqueer,162.207.139.1
26,Tedda,Capon,tcaponp@rakuten.co.jp,Non-binary,254.179.175.196
27,Kristopher,Izzett,kizzettq@newyorker.com,Genderqueer,226.74.61.214
28,Laural,Gookes,lgookesr@cocolog-nifty.com,Non-binary,85.133.129.13
29,Peyton,Gerardeaux,pgerardeauxs@com.com,Genderqueer,238.80.254.35
30,Fern,Rodder,froddert@shinystat.com,Genderqueer,177.202.30.95
31,Cyb,Creboe,ccreboeu@mozilla.com,Genderqueer,215.165.63.117
32,Norby,Peiro,npeirov@facebook.com,Polygender,182.133.54.195
33,Graeme,Jewess,gjewessw@clickbank.net,Polygender,200.97.211.82
34,Gawain,Pammenter,gpammenterx@list-manage.com,Polygender,13.103.215.94
35,Sella,McCague,smccaguey@google.es,Female,206.60.92.146
36,Kayne,Rogier,krogierz@bing.com,Agender,78.129.14.79
37,Kendre,Van Salzberger,kvansalzberger10@cisco.com,Agender,19.222.69.114
38,Jerad,Pohl,jpohl11@abc.net.au,Non-binary,55.20.83.188
39,Lev,Smout,lsmout12@uol.com.br,Genderfluid,51.154.51.16
40,Jamal,Lyste,jlyste13@bravesites.com,Agender,30.89.151.193
41,Adorne,Sausman,asausman14@illinois.edu,Polygender,137.57.9.250
42,Dyann,Buckberry,dbuckberry15@ebay.co.uk,Male,254.117.208.99
43,Bertram,Axel,baxel16@google.co.uk,Genderfluid,65.65.191.203
44,Kipp,Klimkov,kklimkov17@wikispaces.com,Genderqueer,123.7.237.163
45,Nicolai,Kempston,nkempston18@mediafire.com,Male,145.152.158.186
46,Merrielle,Staines,mstaines19@tripod.com,Agender,96.142.24.55
47,Stearne,Dolman,sdolman1a@blog.com,Bigender,206.129.145.173
48,Felita,Gitthouse,fgitthouse1b@google.ru,Polygender,191.138.97.14
49,Daryn,Norquoy,dnorquoy1c@apple.com,Agender,42.127.148.94
50,Leigha,Freckelton,lfreckelton1d@reuters.com,Agender,244.42.36.75
51,Meredithe,Haddacks,mhaddacks1e@google.ca,Female,50.3.171.119
52,Osbourn,Lendon,olendon1f@theglobeandmail.com,Bigender,161.130.60.226
53,Mayer,Ogborne,mogborne1g@gmpg.org,Male,193.108.200.112
54,Edie,Trippitt,etrippitt1h@trellian.com,Agender,0.143.86.208
55,Howie,Renault,hrenault1i@hatena.ne.jp,Genderfluid,157.122.33.131
56,Jacquenette,Splain,jsplain1j@vistaprint.com,Non-binary,207.207.143.225
57,Delores,Hutcheson,dhutcheson1k@about.me,Genderfluid,119.176.125.109
58,Deeanne,Abbie,dabbie1l@amazon.de,Genderfluid,11.116.85.146
59,Siward,Cranny,scranny1m@constantcontact.com,Female,80.47.234.127
60,Mae,Strangwood,mstrangwood1n@goodreads.com,Female,18.166.9.41
61,Shaine,Calken,scalken1o@sakura.ne.jp,Genderfluid,119.7.168.243
62,Perice,McCrie,pmccrie1p@joomla.org,Polygender,160.72.5.216
63,Shane,Gratland,sgratland1q@ask.com,Genderfluid,158.230.177.103
64,Damian,Brockelsby,dbrockelsby1r@rakuten.co.jp,Non-binary,114.243.25.187
65,Sonnie,Lergan,slergan1s@yale.edu,Agender,119.253.32.164
66,Franky,Scarfe,fscarfe1t@rediff.com,Polygender,66.5.112.61
67,Zabrina,Nelsen,znelsen1u@nps.gov,Female,19.136.239.67
68,Sherlock,Ruckledge,sruckledge1v@nymag.com,Genderqueer,22.172.138.123
69,Sutherlan,Moreinis,smoreinis1w@t.co,Bigender,111.172.71.148
70,Husain,Fuente,hfuente1x@amazon.com,Male,79.49.235.199
71,Hillary,Jobling,hjobling1y@un.org,Female,4.94.222.53
72,Kessia,Kubal,kkubal1z@oaic.gov.au,Genderqueer,66.17.73.5
73,Jeddy,Livesey,jlivesey20@yahoo.co.jp,Polygender,226.198.184.178
74,Giacobo,Dufer,gdufer21@ihg.com,Male,66.102.203.62
75,Vaclav,Overal,voveral22@istockphoto.com,Genderqueer,189.9.29.148
76,Esdras,Bolan,ebolan23@nhs.uk,Female,117.187.183.193
77,Carleton,Corke,ccorke24@feedburner.com,Agender,113.58.154.12
78,Che,Leppo,cleppo25@mac.com,Male,19.253.25.109
79,Maxie,Alday,malday26@ox.ac.uk,Non-binary,182.170.244.28
80,Liz,Ivanchenkov,livanchenkov27@tinypic.com,Non-binary,100.159.34.173
81,Clemens,Norster,cnorster28@bbc.co.uk,Female,49.69.46.6
82,Vladamir,McIlvoray,vmcilvoray29@pagesperso-orange.fr,Male,140.56.86.133
83,Tybie,Billion,tbillion2a@moonfruit.com,Agender,146.223.82.134
84,Fabe,Martinyuk,fmartinyuk2b@slashdot.org,Agender,194.94.197.165
85,Fred,Shillinglaw,fshillinglaw2c@baidu.com,Genderqueer,46.5.87.21
86,Bernie,Symes,bsymes2d@themeforest.net,Bigender,154.19.202.152
87,Aleece,Daborne,adaborne2e@e-recht24.de,Female,66.204.13.18
88,Krisha,Abdy,kabdy2f@addtoany.com,Female,112.178.176.166
89,Bunny,Gillice,bgillice2g@wikimedia.org,Agender,192.106.149.240
90,Rochelle,Shepeard,rshepeard2h@bloglovin.com,Bigender,172.213.158.1
91,Irma,Kail,ikail2i@delicious.com,Non-binary,199.82.211.194
92,Joyce,Frankema,jfrankema2j@dell.com,Female,248.132.194.52
93,Carey,Corton,ccorton2k@indiatimes.com,Polygender,216.87.32.2
94,Olivero,Chown,ochown2l@wix.com,Polygender,15.113.46.151
95,Erik,Salter,esalter2m@simplemachines.org,Agender,23.153.59.86
96,Daron,Eynaud,deynaud2n@gizmodo.com,Bigender,189.254.236.2
97,Poppy,Le Frank,plefrank2o@about.me,Genderfluid,62.154.105.19
98,Theodore,Riseborough,triseborough2p@imageshack.us,Polygender,12.90.173.73
99,Evyn,Fassam,efassam2q@walmart.com,Genderqueer,153.183.138.76
100,Pacorro,Geaney,pgeaney2r@omniture.com,Agender,220.138.19.18
101,Stefania,Kayes,skayes2s@shop-pro.jp,Bigender,126.59.23.69
102,Thedrick,Longwood,tlongwood2t@networkadvertising.org,Male,143.192.196.129
103,Rusty,Ricardot,rricardot2u@ucoz.ru,Agender,126.122.137.151
104,Sheeree,Schaumann,sschaumann2v@so-net.ne.jp,Non-binary,148.187.96.167
105,Delphinia,Leavey,dleavey2w@cnet.com,Genderfluid,139.240.16.38
106,Easter,Mercy,emercy2x@aboutads.info,Bigender,218.36.146.115
107,Brigitta,Sangra,bsangra2y@icq.com,Agender,38.239.133.160
108,Curran,Wagg,cwagg2z@trellian.com,Genderqueer,117.128.162.172
109,Tallulah,Lacrouts,tlacrouts30@meetup.com,Female,217.92.245.254
110,Nickola,De Andisie,ndeandisie31@illinois.edu,Genderfluid,29.26.139.253
111,Olenolin,Bentje,obentje32@gmpg.org,Genderfluid,20.85.110.232
112,Issy,Baughan,ibaughan33@mtv.com,Genderfluid,31.212.206.254
113,Madeline,Baish,mbaish34@phoca.cz,Male,98.22.134.124
114,Upton,Bortoli,ubortoli35@dyndns.org,Polygender,255.47.118.46
115,Tiffanie,Blais,tblais36@ameblo.jp,Genderqueer,113.197.205.71
116,Benoit,Meynell,bmeynell37@abc.net.au,Male,111.252.29.164
117,Fleurette,Kagan,fkagan38@theglobeandmail.com,Polygender,204.85.126.250
118,Nathanael,Laddle,nladdle39@delicious.com,Bigender,22.65.51.170
119,Hailee,Pontefract,hpontefract3a@livejournal.com,Polygender,77.229.4.189
120,Audra,Herrieven,aherrieven3b@boston.com,Agender,175.235.178.10
121,Elladine,Canelas,ecanelas3c@ox.ac.uk,Female,195.133.102.245
122,Benjamin,Cockayne,bcockayne3d@altervista.org,Non-binary,100.39.14.223
123,Deb,Blasdale,dblasdale3e@weibo.com,Male,63.41.105.217
124,Constantina,Laker,claker3f@1und1.de,Agender,0.150.151.234
125,Guillaume,Casemore,gcasemore3g@123-reg.co.uk,Non-binary,155.202.163.173
126,Ginger,Sturdy,gsturdy3h@acquirethisname.com,Genderfluid,39.144.19.102
127,Whit,Llewelly,wllewelly3i@naver.com,Agender,89.60.48.28
128,Lenore,Mersey,lmersey3j@paypal.com,Bigender,37.96.106.31
129,Wendye,Naper,wnaper3k@mapy.cz,Female,161.190.39.236
130,Angelo,Denge,adenge3l@sitemeter.com,Genderqueer,55.81.142.25
131,Lincoln,Cockshot,lcockshot3m@aboutads.info,Agender,63.56.100.237
132,Magdalena,Philp,mphilp3n@uol.com.br,Genderqueer,49.231.124.141
133,Madelaine,Garrold,mgarrold3o@feedburner.com,Polygender,212.241.220.213
134,Darsie,Medlin,dmedlin3p@craigslist.org,Bigender,32.176.181.129
135,Randene,Goane,rgoane3q@netvibes.com,Agender,97.95.135.111
136,Cross,Durbin,cdurbin3r@mozilla.org,Genderqueer,177.23.103.128
137,Benetta,Gates,bgates3s@tmall.com,Genderfluid,190.39.254.150
138,Heda,Holton,hholton3t@mapquest.com,Polygender,154.202.132.117
139,Noel,Farrand,nfarrand3u@mashable.com,Male,12.128.210.164
140,Margi,McEnhill,mmcenhill3v@symantec.com,Genderfluid,41.82.129.144
141,Ariel,Zavattieri,azavattieri3w@php.net,Agender,213.132.59.149
142,Chalmers,Ruddock,cruddock3x@sfgate.com,Non-binary,221.104.11.116
143,Aubert,Dunford,adunford3y@google.fr,Bigender,9.137.192.84
144,Janis,Bonsale,jbonsale3z@buzzfeed.com,Genderqueer,91.199.145.16
145,Chad,Sheaber,csheaber40@paypal.com,Bigender,32.17.46.138
146,Almeda,Gagan,agagan41@reverbnation.com,Polygender,172.165.21.214
147,Elwin,Dowzell,edowzell42@xing.com,Genderfluid,216.141.201.214
148,Malorie,Mowsley,mmowsley43@reuters.com,Genderqueer,211.58.87.86
149,Honey,Croucher,hcroucher44@economist.com,Agender,29.210.176.115
150,Fitz,Beamiss,fbeamiss45@typepad.com,Polygender,208.81.194.50
151,Arielle,Bontine,abontine46@google.es,Male,175.149.178.241
152,Amerigo,Jamot,ajamot47@kickstarter.com,Genderfluid,58.246.46.230
153,Nevsa,Cashmore,ncashmore48@com.com,Agender,118.47.97.83
154,Dorey,Boshard,dboshard49@xing.com,Female,65.84.114.74
155,Ebenezer,Clissold,eclissold4a@w3.org,Agender,49.201.169.115
156,Gayle,Bente,gbente4b@ovh.net,Female,253.187.121.203
157,Randell,Murrell,rmurrell4c@newsvine.com,Polygender,177.77.162.178
158,Guy,Frere,gfrere4d@fema.gov,Genderqueer,187.165.181.108
159,Timmi,Bachs,tbachs4e@ibm.com,Agender,11.159.162.182
160,Mose,O'Grada,mograda4f@rambler.ru,Genderfluid,238.56.189.193
161,Andris,Aizikovitz,aaizikovitz4g@purevolume.com,Male,29.88.217.1
162,Josee,Brithman,jbrithman4h@marriott.com,Female,168.44.8.81
163,Korey,Aleevy,kaleevy4i@google.com,Polygender,20.199.194.71
164,Shandy,Garratt,sgarratt4j@psu.edu,Polygender,74.183.105.37
165,Tamera,McQuode,tmcquode4k@digg.com,Agender,77.201.144.117
166,Maren,Champney,mchampney4l@thetimes.co.uk,Bigender,217.111.116.99
167,Mikel,Poznan,mpoznan4m@histats.com,Male,116.131.183.13
168,Natalie,Hector,nhector4n@cbc.ca,Polygender,130.249.173.77
169,Aubrie,Brewett,abrewett4o@last.fm,Female,117.45.68.64
170,Marylou,Idwal Evans,midwalevans4p@mlb.com,Female,50.143.228.0
171,Jed,Biffen,jbiffen4q@sina.com.cn,Agender,186.70.120.204
172,Claire,Grayham,cgrayham4r@nba.com,Agender,16.40.23.248
173,Winfred,Cossum,wcossum4s@google.fr,Polygender,18.225.103.153
174,Madelon,Labern,mlabern4t@utexas.edu,Polygender,131.245.79.100
175,Pia,Kensett,pkensett4u@reuters.com,Female,36.51.5.125
176,Haven,Bes,hbes4v@bluehost.com,Genderqueer,128.195.132.212
177,Tatiana,Haining,thaining4w@meetup.com,Male,195.135.92.91
178,Kalle,Matczak,kmatczak4x@qq.com,Genderfluid,7.120.254.194
179,Vilma,Fitzroy,vfitzroy4y@utexas.edu,Bigender,143.77.127.99
180,Davide,Hurring,dhurring4z@vistaprint.com,Genderfluid,86.148.140.27
181,Roanna,Valentine,rvalentine50@parallels.com,Genderfluid,236.222.128.71
182,Renata,Jowitt,rjowitt51@storify.com,Genderfluid,59.143.104.87
183,Averyl,Jensen,ajensen52@elegantthemes.com,Non-binary,81.80.160.208
184,Konstantine,Townrow,ktownrow53@cbc.ca,Polygender,21.8.93.188
185,Appolonia,Tolemache,atolemache54@wufoo.com,Genderfluid,96.131.240.36
186,Michele,Adanez,madanez55@people.com.cn,Non-binary,35.206.85.177
187,Willabella,Van Ross,wvanross56@ask.com,Genderqueer,47.61.255.92
188,Joyan,Chaytor,jchaytor57@edublogs.org,Male,194.249.41.155
189,Lucias,Loblie,lloblie58@wiley.com,Male,188.60.86.150
190,Ali,Dobrovolny,adobrovolny59@blogtalkradio.com,Non-binary,155.184.230.224
191,Rahal,Woodcraft,rwoodcraft5a@amazon.co.uk,Female,226.135.205.104
192,Saree,Betje,sbetje5b@wp.com,Non-binary,4.58.20.142
193,Josefina,Dumphrey,jdumphrey5c@flavors.me,Agender,123.200.244.131
194,Diarmid,Arnoud,darnoud5d@whitehouse.gov,Male,77.244.124.164
195,Jaime,Brotherhead,jbrotherhead5e@netvibes.com,Polygender,103.95.1.194
196,Mara,Gabel,mgabel5f@github.com,Bigender,209.17.20.92
197,Justina,Tabbernor,jtabbernor5g@angelfire.com,Genderfluid,58.83.203.189
198,Shermie,Sacchetti,ssacchetti5h@chronoengine.com,Female,23.201.5.205
199,Laurie,Bonome,lbonome5i@multiply.com,Agender,175.192.204.99
200,Hilly,Horrell,hhorrell5j@china.com.cn,Agender,14.43.11.142
201,Ethelbert,Hirtzmann,ehirtzmann5k@bbb.org,Polygender,159.235.137.208
202,Wally,Skase,wskase5l@51.la,Polygender,169.234.127.250
203,Tab,Vassel,tvassel5m@mozilla.com,Polygender,66.124.195.38
204,Chastity,Fiveash,cfiveash5n@google.co.jp,Non-binary,212.121.252.118
205,Almira,Lumpkin,alumpkin5o@washington.edu,Male,216.10.181.229
206,Lief,Cardow,lcardow5p@goo.ne.jp,Polygender,187.203.146.209
207,Merrili,Coe,mcoe5q@wiley.com,Female,127.244.179.12
208,Corny,Riccardo,criccardo5r@stanford.edu,Bigender,165.133.64.94
209,Darbie,Rubinshtein,drubinshtein5s@google.es,Male,161.179.105.250
210,Cosmo,Aggs,caggs5t@liveinternet.ru,Polygender,106.35.117.161
211,Adela,Maddison,amaddison5u@bluehost.com,Female,215.169.137.26
212,Myrwyn,Bissill,mbissill5v@wired.com,Polygender,121.194.154.147
213,Munroe,Wignall,mwignall5w@altervista.org,Bigender,33.166.30.153
214,Jake,Pashbee,jpashbee5x@va.gov,Agender,171.98.107.66
215,Jordan,Dudderidge,jdudderidge5y@gizmodo.com,Female,182.233.235.251
216,Kurtis,Panchen,kpanchen5z@abc.net.au,Female,216.210.180.96
217,Riane,Azemar,razemar60@wikimedia.org,Non-binary,47.154.86.36
218,Chrystal,McCarrison,cmccarrison61@indiegogo.com,Non-binary,132.192.254.255
219,Anderea,Balling,aballing62@altervista.org,Female,132.45.250.238
220,Hadlee,Priden,hpriden63@buzzfeed.com,Male,34.39.204.89
221,Zora,Wimbush,zwimbush64@wix.com,Genderfluid,195.39.208.44
222,Etta,Sibbson,esibbson65@blinklist.com,Male,50.161.174.84
223,Saxon,Attrey,sattrey66@issuu.com,Non-binary,71.176.195.219
224,Jan,Ayer,jayer67@shinystat.com,Agender,123.111.193.167
225,Inger,McNirlin,imcnirlin68@list-manage.com,Polygender,155.15.190.41
226,Jacquetta,Kellart,jkellart69@ning.com,Bigender,135.230.95.107
227,Jessy,Marson,jmarson6a@state.gov,Non-binary,172.159.8.71
228,Heda,Winfrey,hwinfrey6b@istockphoto.com,Genderqueer,2.190.99.17
229,Berny,Tither,btither6c@mediafire.com,Bigender,172.127.15.19
230,Lazarus,Baudassi,lbaudassi6d@howstuffworks.com,Genderfluid,127.66.249.169
231,Beulah,Fantin,bfantin6e@storify.com,Genderfluid,246.181.71.38
232,Jabez,Adamo,jadamo6f@google.com.br,Bigender,245.242.57.131
233,Drusy,Iacovucci,diacovucci6g@google.de,Genderfluid,73.141.105.252
234,Katrinka,Axtonne,kaxtonne6h@bloglovin.com,Agender,103.223.31.191
235,Alameda,Lancett,alancett6i@google.com.hk,Female,130.50.178.39
236,Gabrila,Petofi,gpetofi6j@merriam-webster.com,Bigender,117.13.93.16
237,Charissa,Rignoldes,crignoldes6k@chron.com,Polygender,75.171.190.97
238,Lanna,Renhard,lrenhard6l@cafepress.com,Genderqueer,134.236.74.190
239,Ruperta,Perrottet,rperrottet6m@earthlink.net,Non-binary,75.34.153.80
240,Freddy,Pakeman,fpakeman6n@washingtonpost.com,Polygender,104.77.155.43
241,Marguerite,Matthensen,mmatthensen6o@ow.ly,Genderfluid,23.49.74.237
242,Jacquelin,Roget,jroget6p@bloglovin.com,Agender,20.54.196.1
243,Catha,Gergher,cgergher6q@un.org,Non-binary,15.206.77.7
244,Karita,Andriss,kandriss6r@blogger.com,Female,222.192.222.106
245,Isahella,Domke,idomke6s@dell.com,Agender,214.73.29.209
246,Joyous,Ibanez,jibanez6t@example.com,Agender,28.253.25.80
247,Jock,Tomsu,jtomsu6u@reverbnation.com,Bigender,26.132.26.6
248,Brear,Jenk,bjenk6v@usnews.com,Bigender,17.19.1.111
249,Alina,Rosensaft,arosensaft6w@geocities.com,Genderqueer,195.108.52.189
250,Rollin,Addyman,raddyman6x@shareasale.com,Female,149.182.9.222
251,Daron,Philippe,dphilippe6y@admin.ch,Agender,97.106.240.248
252,Wake,Khrishtafovich,wkhrishtafovich6z@toplist.cz,Genderfluid,23.179.103.71
253,Kerby,Benfield,kbenfield70@businesswire.com,Male,147.97.70.159
254,Alley,Mottinelli,amottinelli71@state.tx.us,Polygender,95.222.96.162
255,Maddy,Sommer,msommer72@vinaora.com,Bigender,34.249.97.155
256,Sherm,Bilney,sbilney73@imgur.com,Polygender,156.67.73.210
257,Athena,Roget,aroget74@dot.gov,Non-binary,48.160.185.168
258,Hobey,Shakle,hshakle75@posterous.com,Agender,51.10.219.111
259,Jamie,Stout,jstout76@skype.com,Genderfluid,56.62.70.113
260,Yule,Furness,yfurness77@geocities.jp,Female,115.247.91.120
261,Rochell,Orhtmann,rorhtmann78@icq.com,Non-binary,16.222.188.241
262,Kelbee,Herity,kherity79@opensource.org,Polygender,128.88.120.137
263,Kelvin,Martino,kmartino7a@sphinn.com,Female,230.104.114.51
264,Annamarie,Rassmann,arassmann7b@php.net,Genderfluid,158.71.244.108
265,Tracy,Snelson,tsnelson7c@skyrock.com,Genderfluid,114.129.188.253
266,Milena,Peet,mpeet7d@xinhuanet.com,Female,240.95.224.0
267,D'arcy,Lum,dlum7e@usnews.com,Agender,57.210.150.122
268,Adelice,Inge,ainge7f@unblog.fr,Female,150.5.11.4
269,Eustace,Sones,esones7g@nyu.edu,Bigender,36.163.87.21
270,Budd,Oen,boen7h@princeton.edu,Genderqueer,119.119.95.191
271,Waly,Rumens,wrumens7i@liveinternet.ru,Non-binary,40.27.160.124
272,Marcos,Foulcher,mfoulcher7j@nhs.uk,Non-binary,167.51.163.125
273,Gnni,Clampton,gclampton7k@upenn.edu,Female,125.98.203.179
274,Arabela,Kettlestringes,akettlestringes7l@cbsnews.com,Polygender,211.226.221.103
275,Ashlin,Cranch,acranch7m@ebay.co.uk,Female,55.17.94.205
276,Harv,Sedgemore,hsedgemore7n@imdb.com,Genderqueer,228.235.217.100
277,Horton,Izakovitz,hizakovitz7o@mysql.com,Agender,80.230.99.59
278,Sallyann,Ineson,sineson7p@netscape.com,Agender,230.107.145.176
279,Brynne,Piegrome,bpiegrome7q@mozilla.org,Genderfluid,162.102.43.85
280,Tobi,Guilliatt,tguilliatt7r@yahoo.com,Polygender,238.120.42.245
281,Grissel,Spatig,gspatig7s@google.de,Female,200.144.25.135
282,Edlin,Milton,emilton7t@blogspot.com,Genderqueer,230.164.8.223
283,Ekaterina,Kerry,ekerry7u@wikipedia.org,Agender,124.138.153.50
284,Hercules,Heliet,hheliet7v@dagondesign.com,Genderfluid,204.14.189.101
285,Miles,Rowcastle,mrowcastle7w@usnews.com,Female,181.94.4.82
286,Bogart,Fieller,bfieller7x@de.vu,Genderqueer,226.203.145.147
287,Hally,Mont,hmont7y@plala.or.jp,Polygender,206.15.195.1
288,Cathlene,Mansell,cmansell7z@shinystat.com,Bigender,187.12.83.129
289,Ron,Matokhnin,rmatokhnin80@live.com,Female,241.34.22.129
290,Bing,Pape,bpape81@dmoz.org,Male,61.113.5.40
291,Brit,Fonso,bfonso82@uiuc.edu,Non-binary,247.104.162.33
292,Maudie,Barens,mbarens83@nsw.gov.au,Genderqueer,25.71.119.250
293,Bar,Mayow,bmayow84@sakura.ne.jp,Female,61.181.11.180
294,Maje,Dollen,mdollen85@amazonaws.com,Non-binary,189.110.180.37
295,Jard,Hendrickson,jhendrickson86@photobucket.com,Female,10.234.7.188
296,Jacob,Mintoff,jmintoff87@livejournal.com,Agender,232.90.241.115
297,Raven,Sappy,rsappy88@uiuc.edu,Non-binary,115.170.192.182
298,Carrissa,Whitmore,cwhitmore89@flavors.me,Male,38.192.156.185
299,Chastity,Aveling,caveling8a@furl.net,Genderfluid,219.203.72.122
300,Tadeo,Allen,tallen8b@deliciousdays.com,Polygender,11.10.230.64
301,Jeana,Tiller,jtiller8c@infoseek.co.jp,Genderqueer,179.50.164.162
302,Dotty,Pill,dpill8d@slate.com,Polygender,236.215.105.185
303,Cara,Yesinov,cyesinov8e@ihg.com,Female,254.68.145.132
304,Dermot,Musto,dmusto8f@macromedia.com,Genderqueer,245.121.240.63
305,Salaidh,Hatchell,shatchell8g@amazon.co.jp,Female,253.173.78.123
306,Brigit,Middleton,bmiddleton8h@typepad.com,Female,141.67.117.138
307,Ginnifer,Lintall,glintall8i@amazon.com,Non-binary,248.203.63.154
308,Zena,Redley,zredley8j@boston.com,Non-binary,31.177.159.26
309,Tandy,Pughsley,tpughsley8k@hubpages.com,Female,119.226.190.1
310,Blisse,Poole,bpoole8l@shutterfly.com,Female,109.137.14.250
311,Hastie,Elverston,helverston8m@multiply.com,Genderfluid,72.217.48.171
312,Ulrika,Lavallie,ulavallie8n@alexa.com,Female,249.157.31.175
313,Anny,Seccombe,aseccombe8o@walmart.com,Agender,145.201.175.64
314,Dannie,Griffe,dgriffe8p@un.org,Genderfluid,185.71.125.246
315,Richy,Southerns,rsoutherns8q@nsw.gov.au,Polygender,83.234.226.237
316,Sherie,Vassar,svassar8r@nih.gov,Genderfluid,173.222.22.216
317,Chicky,Ellison,cellison8s@hao123.com,Genderqueer,175.240.250.43
318,Shanie,Mannakee,smannakee8t@weebly.com,Bigender,9.32.28.0
319,Malorie,Manvelle,mmanvelle8u@yahoo.com,Genderfluid,132.45.236.39
320,Suzie,Meader,smeader8v@goodreads.com,Bigender,223.14.93.166
321,Tanitansy,Di Biaggi,tdibiaggi8w@sakura.ne.jp,Non-binary,149.105.235.187
322,Elvina,Takis,etakis8x@wsj.com,Genderfluid,27.105.90.161
323,Bailie,Gosden,bgosden8y@naver.com,Polygender,249.51.131.201
324,Fin,Tasker,ftasker8z@chicagotribune.com,Genderqueer,239.141.5.225
325,Marika,Megroff,mmegroff90@deliciousdays.com,Female,12.195.183.194
326,Devy,Jakubski,djakubski91@gnu.org,Bigender,239.253.201.83
327,Nanice,Stambridge,nstambridge92@sciencedaily.com,Polygender,254.178.165.107
328,Jefferson,Madgwich,jmadgwich93@php.net,Non-binary,10.237.48.54
329,Prudi,Castillo,pcastillo94@nps.gov,Female,25.179.5.81
330,Alasdair,Kerry,akerry95@amazon.co.uk,Non-binary,12.244.82.190
331,Jodi,Semrad,jsemrad96@indiegogo.com,Polygender,253.151.112.166
332,Elyn,Blais,eblais97@marriott.com,Non-binary,225.101.207.21
333,Fraser,Filochov,ffilochov98@twitpic.com,Genderqueer,180.164.202.60
334,Conrad,O'Reilly,coreilly99@amazon.co.uk,Genderqueer,89.159.173.12
335,Astrix,Piff,apiff9a@mac.com,Polygender,109.84.57.43
336,Zorine,Marjanski,zmarjanski9b@prlog.org,Male,237.158.164.48
337,Tracie,Leythley,tleythley9c@dyndns.org,Genderfluid,163.115.171.40
338,Haskell,Piatto,hpiatto9d@studiopress.com,Polygender,7.177.170.214
339,Karola,Drewry,kdrewry9e@auda.org.au,Male,215.249.154.154
340,Arvy,Philcott,aphilcott9f@phoca.cz,Bigender,69.205.196.167
341,Jeanna,Headon,jheadon9g@sciencedirect.com,Polygender,200.160.87.202
342,Veronika,Gogin,vgogin9h@blogtalkradio.com,Male,208.0.184.4
343,Leone,Bygrove,lbygrove9i@businesswire.com,Genderfluid,150.98.56.39
344,Bern,Pahler,bpahler9j@github.io,Genderqueer,79.12.35.114
345,Lennard,Pluck,lpluck9k@paypal.com,Bigender,174.227.197.86
346,Nealy,Floris,nfloris9l@archive.org,Male,216.79.15.34
347,Amandie,Jocic,ajocic9m@ocn.ne.jp,Genderfluid,22.187.138.251
348,Nisse,Phillins,nphillins9n@soup.io,Non-binary,46.67.117.120
349,Grant,Saddington,gsaddington9o@nyu.edu,Polygender,50.139.216.248
350,Starlin,Caldaro,scaldaro9p@jugem.jp,Non-binary,131.14.111.108
351,Nalani,Chennells,nchennells9q@godaddy.com,Genderqueer,183.214.18.57
352,Debby,Ham,dham9r@hud.gov,Female,237.193.137.205
353,Edwin,Fernley,efernley9s@etsy.com,Genderfluid,34.201.252.243
354,Robbin,Maith,rmaith9t@jimdo.com,Non-binary,4.31.42.184
355,Gradeigh,Romanetti,gromanetti9u@joomla.org,Bigender,179.59.227.116
356,Albert,Goodliff,agoodliff9v@reference.com,Polygender,144.102.188.99
357,Kass,Laurent,klaurent9w@php.net,Genderqueer,30.180.227.58
358,Jobi,MacAdie,jmacadie9x@lulu.com,Male,209.44.198.72
359,Gerty,Lovie,glovie9y@gmpg.org,Non-binary,193.200.88.138
360,Lorie,Churchill,lchurchill9z@umich.edu,Female,28.2.163.120
361,Berkeley,Comazzo,bcomazzoa0@over-blog.com,Genderqueer,109.243.14.196
362,Lyndsey,Lippett,llippetta1@marketwatch.com,Genderfluid,143.190.169.121
363,Danell,Hain,dhaina2@diigo.com,Female,207.97.41.12
364,Cassondra,Clubley,cclubleya3@smh.com.au,Agender,127.0.84.4
365,Jermain,Fitzsymon,jfitzsymona4@adobe.com,Polygender,80.178.201.75
366,Boyd,Ewbanks,bewbanksa5@nifty.com,Male,73.226.56.44
367,Heindrick,Sapwell,hsapwella6@earthlink.net,Genderfluid,48.76.68.146
368,Haven,Davys,hdavysa7@fotki.com,Genderqueer,156.97.141.134
369,Dacie,Took,dtooka8@dell.com,Bigender,134.60.203.74
370,Florance,Jakeman,fjakemana9@list-manage.com,Genderqueer,10.55.23.41
371,Kelsey,Prisley,kprisleyaa@sakura.ne.jp,Genderqueer,241.211.179.146
372,Gretta,Chick,gchickab@wisc.edu,Polygender,211.234.29.43
373,Salim,Chung,schungac@wired.com,Female,61.132.122.139
374,Kirsteni,Braam,kbraamad@dailymotion.com,Agender,203.118.113.10
375,Gaylord,Piell,gpiellae@elegantthemes.com,Genderqueer,234.111.139.68
376,Hernando,Towsey,htowseyaf@php.net,Polygender,31.89.246.62
377,Mariele,Jell,mjellag@drupal.org,Male,158.182.253.142
378,Arte,Huonic,ahuonicah@chron.com,Female,156.144.103.233
379,Prissie,Ottewill,pottewillai@desdev.cn,Male,26.77.46.171
380,Opalina,McCosker,omccoskeraj@vistaprint.com,Female,220.164.7.58
381,Freida,Raubenheim,fraubenheimak@theguardian.com,Female,28.115.57.129
382,Adaline,Bewsey,abewseyal@ask.com,Polygender,168.178.172.100
383,Petronella,Dearell,pdearellam@china.com.cn,Bigender,37.114.175.110
384,Hunt,Loachhead,hloachheadan@tripadvisor.com,Male,142.27.250.83
385,Timothy,Stowte,tstowteao@xinhuanet.com,Polygender,85.77.206.53
386,Syd,Herety,sheretyap@biblegateway.com,Polygender,187.231.118.96
387,Sal,Udey,sudeyaq@altervista.org,Genderqueer,159.235.64.116
388,Cherise,Huard,chuardar@weebly.com,Female,2.103.126.150
389,Reggie,Hessenthaler,rhessenthaleras@indiatimes.com,Female,228.15.217.204
390,Sarajane,Ferrari,sferrariat@livejournal.com,Male,63.73.156.178
391,Emera,Karet,ekaretau@nature.com,Male,18.177.58.158
392,Lucia,Leggott,lleggottav@businessinsider.com,Male,45.205.131.76
393,Carline,Crosi,ccrosiaw@unesco.org,Genderfluid,56.246.99.202
394,Tallou,Knappe,tknappeax@4shared.com,Genderqueer,180.162.172.40
395,Bab,Langridge,blangridgeay@answers.com,Male,3.206.62.136
396,Quinton,Triggel,qtriggelaz@list-manage.com,Genderqueer,161.132.182.5
397,Stanwood,Krabbe,skrabbeb0@jugem.jp,Male,82.156.193.138
398,Crystal,Doole,cdooleb1@cmu.edu,Genderqueer,207.211.43.97
399,Fidela,Daverin,fdaverinb2@google.ca,Genderqueer,226.211.67.198
400,Torey,Segoe,tsegoeb3@google.com.hk,Genderfluid,219.106.123.148
401,Felizio,Burlay,fburlayb4@addthis.com,Female,17.167.104.121
402,Gwendolen,Gritsaev,ggritsaevb5@bigcartel.com,Male,70.20.104.107
403,Cristiano,Petracchi,cpetracchib6@livejournal.com,Non-binary,122.249.225.54
404,Fayth,Bagehot,fbagehotb7@fc2.com,Polygender,101.202.27.174
405,Correy,Sammonds,csammondsb8@wordpress.org,Genderfluid,169.130.213.223
406,Tobye,Rash,trashb9@xing.com,Non-binary,161.128.195.6
407,Benedick,Pattenden,bpattendenba@bravesites.com,Polygender,158.253.186.24
408,Dorie,Pengilley,dpengilleybb@loc.gov,Non-binary,50.138.61.94
409,Jobey,Onions,jonionsbc@webeden.co.uk,Polygender,136.135.98.16
410,Delinda,Feely,dfeelybd@lycos.com,Male,6.149.253.160
411,Gerladina,Bridgnell,gbridgnellbe@google.cn,Genderfluid,21.211.227.62
412,Braden,Ridewood,bridewoodbf@privacy.gov.au,Bigender,51.217.24.197
413,Glynda,Woolham,gwoolhambg@youku.com,Agender,150.75.121.174
414,Amber,Peaurt,apeaurtbh@google.com.hk,Polygender,148.215.73.239
415,Andris,Stockin,astockinbi@friendfeed.com,Genderqueer,78.160.82.161
416,Christan,Olesen,colesenbj@ted.com,Polygender,99.115.51.208
417,Jeremiah,Lissaman,jlissamanbk@theatlantic.com,Agender,215.231.235.121
418,Elyn,Fryett,efryettbl@kickstarter.com,Bigender,131.150.208.120
419,Casper,Blaksland,cblakslandbm@disqus.com,Female,144.84.216.196
420,Gennie,Mariel,gmarielbn@desdev.cn,Bigender,53.96.9.148
421,Roda,Heller,rhellerbo@g.co,Genderqueer,149.127.179.98
422,Corliss,Dacks,cdacksbp@4shared.com,Male,77.244.48.35
423,Kile,Entres,kentresbq@barnesandnoble.com,Agender,94.100.110.124
424,Merwyn,Trewin,mtrewinbr@usgs.gov,Female,184.15.81.191
425,Wesley,Thynne,wthynnebs@thetimes.co.uk,Bigender,155.221.146.16
426,Tristan,Skipping,tskippingbt@networksolutions.com,Female,238.78.164.146
427,Deva,Fortnam,dfortnambu@plala.or.jp,Genderqueer,161.5.195.169
428,Hastie,O' Flaherty,hoflahertybv@etsy.com,Non-binary,250.89.254.53
429,Sophia,Hugli,shuglibw@hatena.ne.jp,Non-binary,8.110.65.96
430,Norris,Pardey,npardeybx@fotki.com,Male,204.9.97.228
431,Cristine,Peaurt,cpeaurtby@globo.com,Genderqueer,174.96.47.150
432,Eduard,Brunon,ebrunonbz@about.me,Agender,83.217.252.131
433,Addie,Foy,afoyc0@linkedin.com,Male,199.86.25.235
434,Brewer,Huddlestone,bhuddlestonec1@over-blog.com,Non-binary,64.67.44.12
435,Dorice,Mehew,dmehewc2@last.fm,Genderqueer,104.149.170.50
436,Ericka,Dwelley,edwelleyc3@craigslist.org,Bigender,4.146.254.61
437,Honey,Brisse,hbrissec4@ucla.edu,Polygender,97.164.55.159
438,Yetty,Asher,yasherc5@g.co,Female,133.155.223.199
439,Farrand,Wilshin,fwilshinc6@furl.net,Genderfluid,190.186.142.0
440,Kellen,Kupka,kkupkac7@last.fm,Agender,108.87.126.84
441,Pip,Philips,pphilipsc8@cyberchimps.com,Non-binary,61.131.144.144
442,Shoshanna,Skule,sskulec9@pbs.org,Agender,23.155.185.80
443,Leona,Swift,lswiftca@ning.com,Agender,237.35.218.148
444,Carlie,O'Feeny,cofeenycb@fc2.com,Genderfluid,139.18.56.38
445,Alwyn,Escolme,aescolmecc@ning.com,Polygender,127.152.136.23
446,Winonah,Lenz,wlenzcd@typepad.com,Bigender,134.19.46.163
447,Ernest,Hallgate,ehallgatece@booking.com,Genderfluid,43.22.191.245
448,Beulah,Brownhall,bbrownhallcf@a8.net,Genderqueer,30.214.104.75
449,Judah,Danilyuk,jdanilyukcg@bbb.org,Polygender,60.211.174.31
450,Julietta,Mateus,jmateusch@photobucket.com,Male,216.203.14.86
451,Parrnell,Moxson,pmoxsonci@wikispaces.com,Genderqueer,79.93.24.151
452,Jessalin,Fonteyne,jfonteynecj@wordpress.com,Genderfluid,64.147.26.203
453,Oriana,Corser,ocorserck@cisco.com,Non-binary,81.8.38.225
454,Amble,Veryan,averyancl@merriam-webster.com,Agender,181.76.224.134
455,Orion,Nutten,onuttencm@is.gd,Male,68.12.41.127
456,Millisent,Nabbs,mnabbscn@theatlantic.com,Non-binary,170.18.120.63
457,Harrie,Duran,hduranco@paginegialle.it,Bigender,240.35.194.228
458,Lethia,Rawlcliffe,lrawlcliffecp@discovery.com,Genderqueer,203.19.250.7
459,Den,Vasser,dvassercq@jalbum.net,Polygender,123.211.158.116
460,Bonnie,Mitro,bmitrocr@statcounter.com,Genderfluid,105.248.21.17
461,Estell,Tessyman,etessymancs@purevolume.com,Genderqueer,92.101.159.206
462,Colene,Hanster,chansterct@cafepress.com,Non-binary,108.185.238.74
463,Darill,Drohan,ddrohancu@gmpg.org,Genderfluid,240.10.189.199
464,Bobbie,de Copeman,bdecopemancv@wikia.com,Genderqueer,13.15.218.103
465,Carolee,Balmadier,cbalmadiercw@nydailynews.com,Agender,191.71.212.42
466,Susann,Lemin,slemincx@cargocollective.com,Non-binary,220.196.78.2
467,Olly,Calan,ocalancy@unblog.fr,Genderqueer,12.249.158.61
468,Batholomew,Klesse,bklessecz@usatoday.com,Female,23.187.103.11
469,Deeann,Ratley,dratleyd0@prweb.com,Bigender,207.128.209.75
470,Malena,Langhor,mlanghord1@cbc.ca,Polygender,216.167.51.71
471,Marianne,Blofield,mblofieldd2@irs.gov,Genderfluid,157.34.51.151
472,Lou,MacGruer,lmacgruerd3@hao123.com,Bigender,29.147.158.49
473,Freeland,Siddaley,fsiddaleyd4@google.co.uk,Non-binary,140.240.150.76
474,Faith,Morphet,fmorphetd5@surveymonkey.com,Male,99.234.16.4
475,Shae,Fullagar,sfullagard6@dyndns.org,Polygender,8.95.143.237
476,Ernesto,Stearn,estearnd7@eventbrite.com,Female,225.35.51.28
477,Cornelius,Koppke,ckoppked8@hhs.gov,Agender,74.119.42.153
478,Silvana,Longstreeth,slongstreethd9@wordpress.com,Agender,93.219.176.132
479,Bryce,Masurel,bmasurelda@wikispaces.com,Agender,113.161.41.2
480,Betsy,Friberg,bfribergdb@drupal.org,Genderqueer,96.234.216.94
481,Udell,Rassmann,urassmanndc@feedburner.com,Non-binary,201.108.19.161
482,Miles,Shakesbye,mshakesbyedd@cnet.com,Agender,79.27.218.165
483,Kalle,Yeabsley,kyeabsleyde@taobao.com,Female,255.247.35.174
484,Chery,Woodfield,cwoodfielddf@latimes.com,Bigender,78.62.157.61
485,Giana,Curnucke,gcurnuckedg@marketwatch.com,Genderfluid,99.242.187.126
486,Walker,Gilpillan,wgilpillandh@nifty.com,Agender,44.197.59.24
487,Vanda,Anstey,vansteydi@gravatar.com,Genderfluid,117.151.160.167
488,Ransell,Doctor,rdoctordj@cargocollective.com,Genderqueer,118.153.204.211
489,Virgie,Pettis,vpettisdk@ow.ly,Genderfluid,185.66.29.135
490,Oberon,Morrowe,omorrowedl@ed.gov,Genderfluid,44.22.32.110
491,Allayne,Cluitt,acluittdm@github.io,Female,202.179.55.64
492,Vitoria,Garrett,vgarrettdn@issuu.com,Bigender,174.133.23.194
493,Meryl,Batrop,mbatropdo@amazonaws.com,Genderfluid,238.230.187.226
494,Kearney,Kitman,kkitmandp@youku.com,Female,140.7.215.158
495,Annabel,De Clairmont,adeclairmontdq@linkedin.com,Genderqueer,67.144.94.179
496,Avivah,De Roos,aderoosdr@de.vu,Agender,251.24.102.58
497,Gertruda,Maus,gmausds@gov.uk,Polygender,43.254.214.80
498,Boonie,Hards,bhardsdt@businesswire.com,Genderfluid,166.58.112.105
499,Ashbey,Folbigg,afolbiggdu@w3.org,Genderqueer,111.110.102.221
500,Rollie,Poytres,rpoytresdv@godaddy.com,Male,48.53.23.202
501,Chandra,Gobert,cgobertdw@parallels.com,Polygender,157.68.218.187
502,Elissa,Timmins,etimminsdx@exblog.jp,Non-binary,66.9.92.31
503,Elia,Akred,eakreddy@bbb.org,Female,68.33.28.34
504,Merle,Corradi,mcorradidz@cyberchimps.com,Genderqueer,231.48.170.236
505,Louise,Wetherick,lwethericke0@google.com,Polygender,233.228.50.146
506,Cherlyn,Rachuig,crachuige1@amazon.com,Genderqueer,35.25.231.174
507,Bianka,Preuvost,bpreuvoste2@themeforest.net,Non-binary,73.154.144.71
508,Leroi,Francke,lfranckee3@cnbc.com,Genderfluid,64.236.251.1
509,Reba,Iacoboni,riacobonie4@gravatar.com,Polygender,59.9.86.219
510,Deloris,Fogg,dfogge5@opensource.org,Bigender,9.70.195.17
511,Stan,Stolz,sstolze6@washington.edu,Bigender,11.232.30.116
512,Dario,Schurig,dschurige7@smh.com.au,Non-binary,119.107.181.127
513,Abe,McCraine,amccrainee8@scribd.com,Polygender,0.29.103.89
514,Magdalena,Mothersole,mmothersolee9@cpanel.net,Genderqueer,44.26.122.239
515,Harvey,Marrable,hmarrableea@github.io,Genderqueer,15.24.46.22
516,Sheffy,Bedson,sbedsoneb@businessweek.com,Genderqueer,170.177.46.103
517,Wolf,Wassell,wwassellec@guardian.co.uk,Polygender,73.184.52.150
518,Tabor,Rioch,trioched@reddit.com,Male,253.62.139.198
519,Elaine,Glencrosche,eglencroscheee@ihg.com,Bigender,176.174.45.45
520,Dwayne,Sheer,dsheeref@harvard.edu,Male,50.237.79.196
521,Demetris,Willshire,dwillshireeg@istockphoto.com,Bigender,229.133.62.158
522,Alvera,McGinny,amcginnyeh@yellowbook.com,Polygender,21.99.151.252
523,Andras,Roles,arolesei@aboutads.info,Non-binary,142.58.241.82
524,Levon,Bligh,lblighej@earthlink.net,Male,231.147.67.157
525,Hilliard,Fradgley,hfradgleyek@rambler.ru,Male,174.15.73.245
526,Drew,Ebden,debdenel@answers.com,Bigender,253.178.97.113
527,Egan,Pascall,epascallem@merriam-webster.com,Polygender,158.143.250.65
528,Ulberto,Demschke,udemschkeen@squidoo.com,Genderfluid,98.125.86.138
529,Alexei,Northley,anorthleyeo@bing.com,Female,0.26.236.0
530,Janifer,Micklewicz,jmicklewiczep@sourceforge.net,Genderfluid,35.69.81.250
531,Wallis,Evreux,wevreuxeq@reference.com,Genderqueer,221.47.49.16
532,Brandy,Marklew,bmarklewer@amazon.co.jp,Female,196.17.88.112
533,Deny,Bluett,dbluettes@mapquest.com,Polygender,167.18.174.16
534,Inglis,Cumbridge,icumbridgeet@privacy.gov.au,Genderqueer,29.88.9.87
535,Port,Van der Son,pvandersoneu@wufoo.com,Female,157.48.172.52
536,Fina,MacGillavery,fmacgillaveryev@spotify.com,Female,102.221.226.82
537,Uriah,Aslum,uaslumew@wix.com,Genderqueer,6.8.208.30
538,Cornela,Stronghill,cstronghillex@bigcartel.com,Polygender,213.102.66.179
539,Miquela,Spykings,mspykingsey@sciencedaily.com,Non-binary,163.230.102.73
540,Clarance,Broseke,cbrosekeez@vinaora.com,Bigender,61.209.159.61
541,Julienne,Greenalf,jgreenalff0@tripadvisor.com,Genderfluid,23.46.227.252
542,Kelley,Kittow,kkittowf1@dell.com,Female,172.16.117.4
543,Inge,Livings,ilivingsf2@theatlantic.com,Bigender,28.29.149.99
544,Andras,Yuill,ayuillf3@about.com,Female,9.168.234.154
545,Kirk,Jenton,kjentonf4@nps.gov,Polygender,196.176.242.51
546,Odetta,Balaam,obalaamf5@walmart.com,Agender,204.249.135.183
547,Yvette,Brame,ybramef6@whitehouse.gov,Polygender,199.30.115.237
548,Edie,Simmance,esimmancef7@webeden.co.uk,Female,196.142.27.194
549,Rickie,Gilchriest,rgilchriestf8@salon.com,Male,78.229.236.150
550,Standford,Neaves,sneavesf9@zdnet.com,Agender,174.155.225.13
551,Rozalie,Natt,rnattfa@wordpress.org,Genderfluid,100.234.68.161
552,Antonius,Colloff,acollofffb@yahoo.com,Polygender,39.86.93.65
553,Kellen,Sabatier,ksabatierfc@nsw.gov.au,Agender,194.167.103.60
554,Cate,Drewitt,cdrewittfd@geocities.jp,Polygender,240.253.155.141
555,Wilbert,McTrustram,wmctrustramfe@bloomberg.com,Polygender,226.22.108.79
556,Gasparo,Bowness,gbownessff@gravatar.com,Male,177.176.122.219
557,Padriac,Matyukon,pmatyukonfg@nytimes.com,Bigender,237.130.34.163
558,Betti,Wanne,bwannefh@gnu.org,Female,98.0.128.93
559,Barry,Carayol,bcarayolfi@weibo.com,Non-binary,139.9.201.147
560,Brynna,Davidou,bdavidoufj@google.cn,Agender,5.47.230.216
561,Sandie,McCambrois,smccambroisfk@salon.com,Genderqueer,36.216.179.206
562,Bennie,Hiddersley,bhiddersleyfl@jigsy.com,Agender,63.32.115.148
563,Rorke,Grigolon,rgrigolonfm@kickstarter.com,Male,30.60.52.228
564,Odette,Moryson,omorysonfn@va.gov,Female,108.134.235.225
565,Nobie,Hyrons,nhyronsfo@reuters.com,Agender,125.77.76.220
566,Marna,Cliss,mclissfp@aol.com,Genderfluid,46.212.41.150
567,Quintus,McKinstry,qmckinstryfq@hubpages.com,Polygender,202.10.214.71
568,Willow,Allardyce,wallardycefr@de.vu,Female,17.105.79.69
569,Morey,Heineken,mheinekenfs@tiny.cc,Female,168.79.223.182
570,Kane,Gascoyen,kgascoyenft@altervista.org,Agender,104.253.34.177
571,Michele,Janos,mjanosfu@infoseek.co.jp,Polygender,223.224.48.241
572,Karrah,Rembrandt,krembrandtfv@hp.com,Non-binary,185.105.27.46
573,Junia,Taylot,jtaylotfw@usgs.gov,Agender,161.225.68.65
574,Goddart,Tampion,gtampionfx@twitpic.com,Male,211.210.236.142
575,Ellynn,Oliveto,eolivetofy@ocn.ne.jp,Male,107.245.217.87
576,Larina,Russan,lrussanfz@illinois.edu,Polygender,79.144.238.157
577,Enrika,Braybrook,ebraybrookg0@imgur.com,Bigender,16.119.118.214
578,Zonda,Gornar,zgornarg1@technorati.com,Male,62.139.142.71
579,Merrel,Twelve,mtwelveg2@usnews.com,Agender,3.35.188.63
580,Shadow,Caccavale,scaccavaleg3@gov.uk,Non-binary,42.171.175.95
581,Annalise,Andreaccio,aandreacciog4@stumbleupon.com,Polygender,64.125.221.19
582,Haley,Isham,hishamg5@noaa.gov,Genderqueer,212.166.95.249
583,Charmian,Slayford,cslayfordg6@yellowbook.com,Genderfluid,104.78.30.74
584,Smitty,Lord,slordg7@i2i.jp,Polygender,175.243.11.178
585,Meaghan,Pressland,mpresslandg8@wufoo.com,Genderfluid,178.4.39.115
586,Emmalynne,Peterkin,epeterking9@goo.gl,Non-binary,107.87.211.161
587,Doralin,Brunetti,dbrunettiga@xrea.com,Polygender,224.62.174.121
588,Lauretta,Dimblebee,ldimblebeegb@sbwire.com,Polygender,64.158.153.26
589,Ernestine,Lyvon,elyvongc@prweb.com,Non-binary,64.241.227.127
590,Tracey,Witcher,twitchergd@shareasale.com,Genderfluid,215.170.61.54
591,Octavius,Barnett,obarnettge@oracle.com,Bigender,44.97.131.238
592,Perrine,Ludovici,pludovicigf@ucla.edu,Polygender,217.10.33.178
593,Cicely,Trower,ctrowergg@ocn.ne.jp,Genderfluid,172.141.71.73
594,Willy,Dixcey,wdixceygh@hubpages.com,Polygender,246.230.212.0
595,Lawry,McDermott-Row,lmcdermottrowgi@ted.com,Male,21.60.233.146
596,Elliot,Sigart,esigartgj@abc.net.au,Genderfluid,79.129.63.199
597,Sadye,Colbourn,scolbourngk@youku.com,Genderqueer,156.107.117.94
598,Lisbeth,Semon,lsemongl@arstechnica.com,Genderfluid,6.226.131.144
599,Elene,Mattiessen,emattiessengm@nyu.edu,Agender,4.132.228.250
600,Jody,Rubinsohn,jrubinsohngn@sciencedaily.com,Male,227.178.68.188
601,Philip,Morrell,pmorrellgo@xrea.com,Non-binary,94.171.89.250
602,Pinchas,Ellesmere,pellesmeregp@sitemeter.com,Genderqueer,89.18.252.120
603,Kora,Atchly,katchlygq@cbc.ca,Genderqueer,91.252.10.199
604,Wakefield,Jacobsz,wjacobszgr@github.com,Polygender,192.254.93.15
605,Carry,Hryniewicz,chryniewiczgs@tuttocitta.it,Polygender,223.8.116.27
606,Lisette,Bortoli,lbortoligt@uiuc.edu,Agender,162.78.108.53
607,Raeann,Smaling,rsmalinggu@fotki.com,Non-binary,78.132.137.196
608,Clair,Milverton,cmilvertongv@blogspot.com,Male,251.127.202.217
609,Ladonna,Calan,lcalangw@slideshare.net,Agender,18.163.193.165
610,Gipsy,Keer,gkeergx@diigo.com,Agender,50.88.219.237
611,Herschel,Kornilov,hkornilovgy@dot.gov,Genderqueer,21.203.31.21
612,Bethena,MacConnel,bmacconnelgz@nydailynews.com,Non-binary,62.252.238.205
613,Jaquenette,Goddert.sf,jgoddertsfh0@businessinsider.com,Polygender,32.36.156.237
614,Ailis,Breckell,abreckellh1@microsoft.com,Bigender,170.217.98.165
615,Jillie,Amor,jamorh2@instagram.com,Genderqueer,122.37.143.209
616,Torey,Sked,tskedh3@pbs.org,Polygender,114.25.95.12
617,Jacquelyn,Artist,jartisth4@technorati.com,Bigender,236.185.5.210
618,Francisco,Carmo,fcarmoh5@surveymonkey.com,Genderqueer,69.78.30.195
619,Piper,Heggie,pheggieh6@storify.com,Agender,164.56.213.19
620,Alvy,Scarfe,ascarfeh7@printfriendly.com,Polygender,123.131.233.131
621,Nil,Brigden,nbrigdenh8@live.com,Bigender,152.192.218.1
622,Christabel,Stoffersen,cstoffersenh9@livejournal.com,Agender,225.24.103.21
623,Germayne,Heelis,gheelisha@archive.org,Male,161.47.42.253
624,Jedd,Segeswoeth,jsegeswoethhb@squidoo.com,Genderfluid,26.218.244.12
625,Eugenius,Cramond,ecramondhc@pbs.org,Bigender,156.152.154.39
626,Camellia,Astell,castellhd@dyndns.org,Male,232.15.72.50
627,Derrick,Snoden,dsnodenhe@alexa.com,Non-binary,51.198.22.40
628,Susanetta,Winfindine,swinfindinehf@hp.com,Agender,26.84.177.27
629,Barney,Sambell,bsambellhg@taobao.com,Bigender,246.163.64.31
630,Renell,Stops,rstopshh@techcrunch.com,Female,158.40.169.3
631,Alli,Siney,asineyhi@unc.edu,Agender,37.252.218.118
632,Nealy,Vallentin,nvallentinhj@huffingtonpost.com,Agender,61.80.70.225
633,Audi,Vipan,avipanhk@vistaprint.com,Non-binary,73.233.133.64
634,Iago,Ribbon,iribbonhl@squarespace.com,Genderqueer,52.79.144.113
635,Annetta,Tordoff,atordoffhm@jigsy.com,Polygender,176.172.88.121
636,Catherina,Ghirigori,cghirigorihn@forbes.com,Male,94.133.239.124
637,Cordey,Stefi,cstefiho@com.com,Agender,8.64.237.239
638,Libbi,Coit,lcoithp@nih.gov,Polygender,40.199.222.55
639,Noelle,Road,nroadhq@bizjournals.com,Non-binary,51.152.65.20
640,Valma,Haddy,vhaddyhr@upenn.edu,Bigender,53.143.213.146
641,Bernardo,Jozefczak,bjozefczakhs@psu.edu,Genderqueer,246.73.248.25
642,Kevyn,Gaitskell,kgaitskellht@reddit.com,Non-binary,198.95.87.53
643,Ronica,Barrus,rbarrushu@printfriendly.com,Non-binary,72.159.80.28
644,Ingram,Mathiot,imathiothv@webs.com,Female,113.1.124.108
645,Braden,Noto,bnotohw@sciencedirect.com,Agender,122.80.58.160
646,Carita,Fussie,cfussiehx@twitpic.com,Female,238.17.12.192
647,Giffard,Doldon,gdoldonhy@csmonitor.com,Polygender,220.171.102.153
648,Ivie,Loxdale,iloxdalehz@wisc.edu,Polygender,247.170.87.95
649,Malina,Matevushev,mmatevushevi0@weather.com,Polygender,30.39.211.16
650,Clarice,McArtan,cmcartani1@oracle.com,Non-binary,10.184.177.199
651,Letta,Pomphrey,lpomphreyi2@icio.us,Polygender,187.206.79.63
652,Shepard,Byres,sbyresi3@washingtonpost.com,Bigender,189.241.245.61
653,Lambert,Airds,lairdsi4@sohu.com,Genderqueer,105.241.11.81
654,Hetty,Corry,hcorryi5@reference.com,Polygender,111.192.84.78
655,Trescha,Denacamp,tdenacampi6@ihg.com,Male,137.106.174.116
656,Marley,Chaves,mchavesi7@photobucket.com,Non-binary,142.90.19.138
657,Fairleigh,Niesegen,fniesegeni8@ustream.tv,Agender,44.213.56.231
658,Phaidra,Angove,pangovei9@unesco.org,Female,143.163.242.60
659,Reta,Morl,rmorlia@squidoo.com,Agender,2.225.0.94
660,Riobard,Gimlet,rgimletib@indiegogo.com,Male,251.34.88.175
661,Tasha,Wenger,twengeric@livejournal.com,Polygender,78.209.201.162
662,Cindelyn,Jewkes,cjewkesid@about.com,Agender,231.228.124.9
663,Fifi,Goodredge,fgoodredgeie@guardian.co.uk,Non-binary,98.202.140.195
664,Laurena,Hotton,lhottonif@rediff.com,Polygender,27.225.33.116
665,Nicholle,Grindrod,ngrindrodig@wikimedia.org,Genderqueer,99.216.24.107
666,Zorana,Asche,zascheih@imdb.com,Non-binary,198.36.97.18
667,Kristan,Aleksashin,kaleksashinii@mediafire.com,Bigender,202.7.5.68
668,Tate,Jewster,tjewsterij@goo.gl,Agender,31.153.193.158
669,Simeon,Broy,sbroyik@yolasite.com,Bigender,32.237.242.82
670,Mureil,Trays,mtraysil@altervista.org,Polygender,165.100.132.248
671,Clarice,Forestel,cforestelim@baidu.com,Genderfluid,162.234.178.146
672,Thorpe,Madoc-Jones,tmadocjonesin@disqus.com,Genderqueer,226.130.26.88
673,Elga,Stolberg,estolbergio@opensource.org,Agender,21.45.49.170
674,Theresina,Le land,tlelandip@topsy.com,Non-binary,193.153.117.244
675,Therese,Baise,tbaiseiq@biblegateway.com,Polygender,0.103.250.71
676,Barclay,Pegrum,bpegrumir@google.it,Bigender,43.202.45.78
677,Paulette,Bernardoux,pbernardouxis@liveinternet.ru,Agender,146.71.127.26
678,Pembroke,Culleton,pculletonit@icio.us,Female,30.45.6.140
679,Cleveland,Tingey,ctingeyiu@fda.gov,Agender,106.178.65.172
680,Fabio,Nickols,fnickolsiv@elpais.com,Bigender,205.33.202.137
681,Rosamund,Holston,rholstoniw@bandcamp.com,Genderfluid,162.237.131.205
682,Washington,Kunisch,wkunischix@flavors.me,Male,197.79.40.69
683,Zorine,Ivashnyov,zivashnyoviy@webeden.co.uk,Male,11.151.32.143
684,Beverie,Sloey,bsloeyiz@live.com,Female,120.142.49.162
685,Rebecka,Dymoke,rdymokej0@prlog.org,Non-binary,86.186.58.192
686,Kizzee,Janman,kjanmanj1@topsy.com,Bigender,24.242.72.195
687,Guntar,Esselin,gesselinj2@creativecommons.org,Agender,168.209.124.6
688,Jacenta,Elliott,jelliottj3@nbcnews.com,Non-binary,33.180.248.17
689,Pavia,Deschelle,pdeschellej4@sourceforge.net,Bigender,250.206.36.68
690,Barney,Beningfield,bbeningfieldj5@cornell.edu,Agender,190.49.21.83
691,Burg,Jennaroy,bjennaroyj6@reuters.com,Male,17.167.146.32
692,Elisa,Wardell,ewardellj7@fastcompany.com,Polygender,77.209.133.44
693,Minda,Cottrell,mcottrellj8@so-net.ne.jp,Non-binary,71.116.162.47
694,Devon,Weins,dweinsj9@google.co.uk,Non-binary,83.25.107.115
695,Melita,Passman,mpassmanja@wikia.com,Female,66.94.35.243
696,Benetta,Sanbroke,bsanbrokejb@twitpic.com,Polygender,250.69.172.214
697,Abra,Dowdney,adowdneyjc@cloudflare.com,Polygender,203.15.42.243
698,Rriocard,Harvett,rharvettjd@wp.com,Polygender,249.216.63.158
699,Reinald,Pallis,rpallisje@cyberchimps.com,Female,91.184.4.219
700,Polly,Gini,pginijf@dailymail.co.uk,Male,180.78.139.42
701,Daffie,Ronaghan,dronaghanjg@bloglines.com,Polygender,30.27.69.176
702,Tabitha,Webburn,twebburnjh@mayoclinic.com,Female,123.154.17.36
703,Muffin,Whitmarsh,mwhitmarshji@github.com,Polygender,236.5.69.81
704,Briano,Raffles,brafflesjj@webnode.com,Non-binary,39.234.25.40
705,Augustine,Smedmore,asmedmorejk@cocolog-nifty.com,Male,123.108.176.202
706,Marina,Woodrow,mwoodrowjl@sina.com.cn,Genderqueer,173.58.55.69
707,Wells,Jayes,wjayesjm@free.fr,Genderfluid,225.77.142.239
708,Dre,Buckston,dbuckstonjn@lycos.com,Non-binary,25.156.43.250
709,Fredek,Meak,fmeakjo@arstechnica.com,Male,31.191.250.15
710,Sonnie,Baldry,sbaldryjp@state.gov,Polygender,164.78.30.222
711,Talyah,Stove,tstovejq@adobe.com,Female,18.50.98.255
712,Luce,Carthy,lcarthyjr@dot.gov,Female,19.10.85.69
713,Willetta,Northam,wnorthamjs@over-blog.com,Bigender,27.218.163.159
714,Feliks,Ganning,fganningjt@amazon.com,Genderfluid,20.174.129.178
715,Carlin,Yesson,cyessonju@weibo.com,Agender,6.20.200.228
716,Beatriz,Bullivent,bbulliventjv@usda.gov,Female,111.231.66.180
717,Dieter,Abbie,dabbiejw@infoseek.co.jp,Agender,210.110.187.10
718,Felicity,Aldine,faldinejx@comsenz.com,Male,181.126.98.41
719,Nariko,Stainland,nstainlandjy@opera.com,Male,220.36.123.20
720,Robinetta,Dzeniskevich,rdzeniskevichjz@soup.io,Genderqueer,216.38.34.80
721,Clarette,Writtle,cwrittlek0@marriott.com,Genderqueer,187.218.49.157
722,Darrelle,Froment,dfromentk1@guardian.co.uk,Bigender,179.12.3.203
723,Linoel,Corington,lcoringtonk2@rakuten.co.jp,Non-binary,6.62.205.16
724,Shirley,Beining,sbeiningk3@npr.org,Genderfluid,211.174.71.16
725,Tandi,Ingamells,tingamellsk4@prweb.com,Polygender,139.176.112.255
726,Estevan,Byforth,ebyforthk5@creativecommons.org,Agender,231.187.55.108
727,Fina,Liversley,fliversleyk6@1688.com,Bigender,93.132.190.84
728,Clarinda,Farrall,cfarrallk7@state.gov,Agender,68.226.189.171
729,Gustave,Behne,gbehnek8@nsw.gov.au,Female,159.34.93.239
730,Junette,Shearsby,jshearsbyk9@dropbox.com,Genderfluid,86.187.23.10
731,Wells,Teal,wtealka@mit.edu,Genderfluid,36.83.206.10
732,Rhianna,Arguile,rarguilekb@umn.edu,Polygender,212.229.141.56
733,Justin,Thomason,jthomasonkc@pcworld.com,Polygender,203.8.47.6
734,Marcia,Stranks,mstrankskd@comcast.net,Non-binary,132.56.26.234
735,Drake,Camoys,dcamoyske@amazon.com,Bigender,221.87.231.178
736,Percival,Frizell,pfrizellkf@answers.com,Bigender,192.57.188.8
737,Brady,Goodbarne,bgoodbarnekg@exblog.jp,Agender,220.88.119.203
738,Jaclin,Crocetto,jcrocettokh@networksolutions.com,Male,13.39.67.61
739,Tiebold,Crimpe,tcrimpeki@ow.ly,Genderqueer,104.35.184.244
740,Penni,Hammon,phammonkj@rediff.com,Genderfluid,94.80.33.189
741,Harold,Conry,hconrykk@1und1.de,Agender,7.243.230.173
742,Alysia,Scrowton,ascrowtonkl@nih.gov,Genderqueer,142.247.51.15
743,Ephraim,Dukelow,edukelowkm@bandcamp.com,Genderfluid,206.203.30.148
744,Torry,Skarman,tskarmankn@senate.gov,Genderqueer,250.13.170.8
745,Lazarus,Hollow,lhollowko@booking.com,Genderfluid,72.254.201.49
746,Jessie,Havercroft,jhavercroftkp@altervista.org,Bigender,53.165.140.134
747,Caralie,Sharplin,csharplinkq@gravatar.com,Polygender,201.67.179.10
748,Alvira,Escreet,aescreetkr@zimbio.com,Genderqueer,160.131.189.127
749,Cirilo,Tincombe,ctincombeks@4shared.com,Bigender,36.254.105.107
750,Wilhelmine,Siward,wsiwardkt@berkeley.edu,Polygender,45.162.237.166
751,Venita,Hyams,vhyamsku@cargocollective.com,Genderfluid,84.191.112.39
752,Vassily,Attiwill,vattiwillkv@drupal.org,Non-binary,160.59.111.194
753,Oren,Bradmore,obradmorekw@a8.net,Genderfluid,90.48.76.207
754,Clarinda,Gyenes,cgyeneskx@newyorker.com,Male,193.168.48.183
755,Sammy,Gledhall,sgledhallky@ask.com,Non-binary,189.232.79.66
756,Ellerey,Leadstone,eleadstonekz@xing.com,Female,42.171.4.236
757,Enriqueta,Baggarley,ebaggarleyl0@washingtonpost.com,Polygender,200.59.68.204
758,Ignaz,Huggett,ihuggettl1@webeden.co.uk,Genderqueer,124.240.252.71
759,Hurley,Tritton,htrittonl2@webmd.com,Non-binary,117.116.72.195
760,Arnie,Keenlyside,akeenlysidel3@mapy.cz,Agender,133.206.30.119
761,Caril,Longman,clongmanl4@ifeng.com,Non-binary,132.69.187.49
762,Hobart,Rizzillo,hrizzillol5@cpanel.net,Non-binary,58.161.127.226
763,Marabel,Chambers,mchambersl6@amazon.co.uk,Male,31.176.63.192
764,Dorrie,Tie,dtiel7@macromedia.com,Genderfluid,116.220.76.88
765,Michal,Godspede,mgodspedel8@nydailynews.com,Polygender,53.218.138.78
766,Fawn,Pinson,fpinsonl9@bloomberg.com,Agender,245.111.19.145
767,Sandro,Leyman,sleymanla@wisc.edu,Genderfluid,254.162.242.70
768,Lilia,McArthur,lmcarthurlb@aboutads.info,Genderqueer,84.14.176.250
769,Jeannette,Climo,jclimolc@scribd.com,Female,238.26.146.167
770,Verile,Yeoman,vyeomanld@godaddy.com,Female,54.124.243.99
771,Keely,Redfield,kredfieldle@nature.com,Polygender,56.206.254.76
772,Winslow,Christol,wchristollf@digg.com,Polygender,233.166.121.11
773,Odessa,MacKenney,omackenneylg@gravatar.com,Agender,209.69.130.211
774,Eleanore,Erdis,eerdislh@yelp.com,Genderfluid,211.73.149.240
775,Cher,Armfield,carmfieldli@apache.org,Non-binary,88.152.53.93
776,Jeramie,Boddymead,jboddymeadlj@facebook.com,Polygender,70.220.238.206
777,Alla,Pobjoy,apobjoylk@shop-pro.jp,Genderqueer,99.128.246.164
778,Salome,Hayward,shaywardll@hatena.ne.jp,Genderfluid,228.135.232.112
779,Marie-ann,Isles,misleslm@dailymotion.com,Male,75.198.95.75
780,Shirley,Kezor,skezorln@dmoz.org,Female,255.85.86.186
781,Padgett,MacTeague,pmacteaguelo@wsj.com,Male,86.186.185.30
782,Agnola,Parrin,aparrinlp@spiegel.de,Genderqueer,38.219.212.7
783,Carolyn,Burkill,cburkilllq@wisc.edu,Genderqueer,111.117.219.159
784,Ebonee,Penton,epentonlr@a8.net,Polygender,86.175.47.155
785,Kristen,Mattingley,kmattingleyls@home.pl,Female,234.226.255.109
786,Forrester,Gifford,fgiffordlt@example.com,Non-binary,181.151.165.141
787,Dulcea,Ameer-Beg,dameerbeglu@ycombinator.com,Bigender,228.231.156.62
788,Adriena,Goublier,agoublierlv@arstechnica.com,Polygender,56.20.25.221
789,Madel,Parkey,mparkeylw@psu.edu,Bigender,107.192.89.37
790,Kipper,Koppel,kkoppellx@live.com,Genderfluid,142.209.243.123
791,Lorens,Daldan,ldaldanly@paypal.com,Female,28.247.51.142
792,Ava,Fawks,afawkslz@list-manage.com,Genderfluid,69.94.245.37
793,Bat,Badini,bbadinim0@oaic.gov.au,Genderfluid,19.78.124.129
794,Sibley,Fencott,sfencottm1@kickstarter.com,Female,165.52.169.66
795,Barnebas,Hanington,bhaningtonm2@sfgate.com,Female,89.78.210.117
796,Elset,Dreakin,edreakinm3@mapquest.com,Bigender,147.174.110.126
797,Evania,Turton,eturtonm4@narod.ru,Male,33.161.117.189
798,Marlene,Herety,mheretym5@devhub.com,Polygender,174.73.54.191
799,Gabriela,Sporgeon,gsporgeonm6@harvard.edu,Male,222.107.246.3
800,Helenka,Reany,hreanym7@rambler.ru,Genderfluid,78.10.213.64
801,Kailey,Oki,kokim8@wired.com,Polygender,167.138.137.158
802,Frans,De Atta,fdeattam9@com.com,Genderqueer,235.250.64.131
803,Atlante,Childes,achildesma@nydailynews.com,Genderfluid,29.45.208.20
804,Benetta,Bixley,bbixleymb@nba.com,Non-binary,189.208.209.11
805,Gratia,Bounde,gboundemc@domainmarket.com,Female,199.179.74.215
806,Davina,Polden,dpoldenmd@people.com.cn,Genderqueer,202.135.253.247
807,Gay,Pley,gpleyme@zdnet.com,Genderqueer,137.244.141.144
808,Barbi,Botton,bbottonmf@un.org,Female,85.231.76.69
809,Wini,Heritege,wheritegemg@latimes.com,Bigender,114.79.60.51
810,Jermaine,Odde,joddemh@ca.gov,Polygender,6.207.107.254
811,Tamara,Loughton,tloughtonmi@cam.ac.uk,Genderqueer,100.183.189.197
812,Ernesta,Pignon,epignonmj@prweb.com,Male,166.89.254.63
813,Kaia,Hanford,khanfordmk@redcross.org,Bigender,81.160.211.215
814,Mayor,Downey,mdowneyml@oaic.gov.au,Female,5.175.16.243
815,Bruis,Callum,bcallummm@cisco.com,Genderfluid,172.29.92.226
816,Terry,Watterson,twattersonmn@cbc.ca,Female,134.197.159.234
817,Pansy,Baythrop,pbaythropmo@360.cn,Bigender,251.7.133.140
818,Claudetta,Phelit,cphelitmp@imageshack.us,Bigender,61.186.199.160
819,Daniel,Brayley,dbrayleymq@tinypic.com,Polygender,9.104.79.88
820,Rea,Roseveare,rrosevearemr@weebly.com,Bigender,196.198.85.25
821,Emlen,Featherbie,efeatherbiems@rediff.com,Genderfluid,31.249.206.130
822,Yank,Bewlie,ybewliemt@sitemeter.com,Polygender,16.237.201.243
823,York,Cossins,ycossinsmu@indiegogo.com,Polygender,136.211.155.249
824,Timothea,Twitchings,ttwitchingsmv@vinaora.com,Non-binary,6.22.93.203
825,Mortimer,Guthrum,mguthrummw@gmpg.org,Male,77.98.242.37
826,Ximenez,Treasaden,xtreasadenmx@homestead.com,Genderfluid,177.24.208.39
827,Woodrow,Deal,wdealmy@lycos.com,Agender,199.130.185.180
828,Shannen,Eastby,seastbymz@diigo.com,Agender,185.164.100.139
829,Blanche,Ambrogioli,bambrogiolin0@columbia.edu,Genderfluid,214.90.54.152
830,Kendell,Denk,kdenkn1@pagesperso-orange.fr,Polygender,44.65.139.43
831,Webb,Chancellor,wchancellorn2@miibeian.gov.cn,Male,172.150.30.85
832,Neal,Foxall,nfoxalln3@privacy.gov.au,Genderqueer,132.58.39.235
833,Vyky,Piatkow,vpiatkown4@seattletimes.com,Bigender,250.195.110.107
834,Corry,Congrave,ccongraven5@hao123.com,Genderfluid,254.135.207.128
835,Dwayne,Blomfield,dblomfieldn6@istockphoto.com,Bigender,149.57.50.133
836,Conrado,Gian,cgiann7@shutterfly.com,Genderqueer,143.212.117.165
837,Damaris,Greville,dgrevillen8@hhs.gov,Female,199.247.97.103
838,Evelin,Walklot,ewalklotn9@businessinsider.com,Non-binary,7.54.68.51
839,Odette,Beacon,obeaconna@unc.edu,Genderfluid,40.9.87.111
840,Gabbie,Meredyth,gmeredythnb@infoseek.co.jp,Male,159.201.226.76
841,Rocky,Challener,rchallenernc@army.mil,Non-binary,200.56.70.228
842,Barnaby,Ancliffe,bancliffend@noaa.gov,Genderqueer,83.30.81.230
843,Waverley,Braidley,wbraidleyne@nps.gov,Female,115.173.138.196
844,Hattie,Rawsthorne,hrawsthornenf@csmonitor.com,Polygender,65.214.198.58
845,Sibella,Wroath,swroathng@engadget.com,Genderqueer,43.35.99.31
846,Dannie,Langtree,dlangtreenh@mail.ru,Polygender,177.189.54.62
847,Ailey,Ciccotti,aciccottini@discuz.net,Male,251.95.147.147
848,Quintina,Teck,qtecknj@nps.gov,Non-binary,73.172.80.121
849,Tris,Portal,tportalnk@timesonline.co.uk,Polygender,252.195.218.201
850,Marvin,Kemble,mkemblenl@sfgate.com,Non-binary,55.21.139.1
851,Jessy,Kanwell,jkanwellnm@dagondesign.com,Male,188.61.128.91
852,Bevin,MacCallester,bmaccallesternn@gnu.org,Female,241.169.200.105
853,Cookie,Backshaw,cbackshawno@alexa.com,Male,118.23.209.42
854,Filip,Merck,fmercknp@dailymail.co.uk,Female,251.7.35.80
855,Shamus,Kynson,skynsonnq@infoseek.co.jp,Non-binary,220.55.88.124
856,Chester,Wordsworth,cwordsworthnr@google.co.jp,Female,55.204.90.152
857,Heloise,Bordman,hbordmanns@amazonaws.com,Non-binary,210.4.127.134
858,Benedetta,Ralph,bralphnt@harvard.edu,Bigender,18.170.236.120
859,Nadine,Regenhardt,nregenhardtnu@auda.org.au,Polygender,135.26.50.57
860,Brenda,Stoneham,bstonehamnv@tiny.cc,Bigender,25.89.78.214
861,Allys,Overal,aoveralnw@over-blog.com,Agender,29.174.0.114
862,Randie,Chataignier,rchataigniernx@nhs.uk,Genderqueer,186.111.140.24
863,Claudina,Sharer,csharerny@amazonaws.com,Polygender,121.61.197.70
864,Fletcher,Saket,fsaketnz@w3.org,Non-binary,18.219.157.188
865,Sindee,Booler,sboolero0@live.com,Agender,215.8.48.69
866,Helene,Feldbau,hfeldbauo1@symantec.com,Bigender,249.80.18.74
867,Julie,Di Baudi,jdibaudio2@youtube.com,Agender,85.242.158.56
868,Scot,Barajas,sbarajaso3@theguardian.com,Agender,49.74.223.87
869,Vincent,Fidelli,vfidellio4@nps.gov,Male,118.245.252.15
870,Kerwin,Potter,kpottero5@t.co,Genderfluid,52.170.199.219
871,Ingamar,Romagosa,iromagosao6@earthlink.net,Genderqueer,222.150.84.105
872,Brent,Pendergast,bpendergasto7@tuttocitta.it,Bigender,173.46.222.61
873,Crystal,Mazella,cmazellao8@instagram.com,Genderqueer,118.109.213.155
874,Carolee,Amorts,camortso9@reverbnation.com,Male,116.231.26.196
875,Thebault,Heindl,theindloa@google.fr,Female,6.165.32.152
876,Udale,Dielhenn,udielhennob@weebly.com,Agender,115.78.212.85
877,Carroll,Verrell,cverrelloc@multiply.com,Polygender,153.17.114.197
878,Binky,Lowden,blowdenod@harvard.edu,Genderqueer,111.34.139.98
879,Wendel,Selman,wselmanoe@ucoz.ru,Genderqueer,170.49.212.139
880,Claretta,Syseland,csyselandof@deliciousdays.com,Genderqueer,39.101.170.57
881,Ursulina,Harbison,uharbisonog@ucoz.ru,Genderqueer,138.223.18.140
882,Noel,Golsworthy,ngolsworthyoh@uiuc.edu,Non-binary,170.50.130.145
883,Douglass,Jerome,djeromeoi@biblegateway.com,Male,232.54.220.148
884,Gasparo,Simla,gsimlaoj@yellowbook.com,Male,151.57.167.94
885,Ardine,Mapplebeck,amapplebeckok@people.com.cn,Agender,2.91.26.150
886,Uriah,Goldspink,ugoldspinkol@prlog.org,Agender,165.61.64.206
887,Alyson,Formie,aformieom@nsw.gov.au,Male,17.63.208.45
888,Shanna,Farran,sfarranon@smh.com.au,Female,33.131.189.75
889,Gwendolen,Wrinch,gwrinchoo@unc.edu,Female,40.186.143.82
890,Marianna,Fagg,mfaggop@infoseek.co.jp,Genderfluid,248.209.120.16
891,Scot,Spilstead,sspilsteadoq@bandcamp.com,Agender,67.242.255.115
892,Keelia,Goscar,kgoscaror@seesaa.net,Genderfluid,36.46.249.36
893,Sabrina,Chatin,schatinos@google.com.hk,Non-binary,205.61.225.65
894,Fax,Reidshaw,freidshawot@wsj.com,Polygender,254.216.142.18
895,Ardis,Keeler,akeelerou@wsj.com,Agender,199.124.85.71
896,Irina,McPake,imcpakeov@51.la,Polygender,240.91.246.213
897,Byrom,Inkles,binklesow@webeden.co.uk,Polygender,150.222.28.77
898,Berton,Hake,bhakeox@ted.com,Female,67.26.209.125
899,Bartie,Dran,bdranoy@dion.ne.jp,Non-binary,235.134.180.197
900,Elmore,Sillett,esillettoz@nytimes.com,Polygender,223.133.162.49
901,Jud,Janic,jjanicp0@booking.com,Male,109.56.122.110
902,Cy,Pracy,cpracyp1@sciencedirect.com,Agender,30.31.89.244
903,Sawyer,Annes,sannesp2@ow.ly,Genderfluid,130.235.144.106
904,Guntar,Dranfield,gdranfieldp3@toplist.cz,Genderfluid,212.237.67.63
905,Arie,Hachard,ahachardp4@mediafire.com,Male,149.31.18.109
906,Jan,Edinburgh,jedinburghp5@reddit.com,Polygender,242.8.110.159
907,Arabel,Corro,acorrop6@fc2.com,Non-binary,2.101.98.54
908,Chrysler,Coathup,ccoathupp7@wordpress.org,Male,254.43.99.189
909,Johan,Surr,jsurrp8@ucla.edu,Agender,158.30.147.17
910,Brandyn,Kopp,bkoppp9@fema.gov,Male,154.245.200.204
911,Barbe,Keyden,bkeydenpa@home.pl,Genderqueer,219.166.8.188
912,Ulberto,Salomon,usalomonpb@mashable.com,Non-binary,251.108.35.44
913,Inez,Brundill,ibrundillpc@ibm.com,Male,124.52.219.194
914,Maggy,Colling,mcollingpd@columbia.edu,Genderfluid,0.131.9.52
915,Berrie,Cisneros,bcisnerospe@amazon.com,Polygender,52.160.173.194
916,Valentijn,Braxton,vbraxtonpf@parallels.com,Male,212.127.85.208
917,Manya,McEachern,mmceachernpg@nymag.com,Genderfluid,194.46.32.189
918,Elmore,Kornacki,ekornackiph@illinois.edu,Male,2.198.120.81
919,Arlen,Gloves,aglovespi@prlog.org,Male,196.203.153.130
920,Gaylord,Kleyn,gkleynpj@shop-pro.jp,Non-binary,74.172.1.41
921,Bennie,Templeton,btempletonpk@cafepress.com,Bigender,65.198.153.100
922,Blaire,Derricoat,bderricoatpl@berkeley.edu,Polygender,174.129.202.210
923,Emmett,Boxe,eboxepm@ft.com,Non-binary,19.106.54.21
924,Gorden,Axten,gaxtenpn@dropbox.com,Non-binary,107.166.146.107
925,Teddy,Hoston,thostonpo@home.pl,Male,195.15.141.84
926,Jane,Avory,javorypp@yelp.com,Polygender,83.242.87.131
927,Muhammad,McDonogh,mmcdonoghpq@addtoany.com,Bigender,142.137.76.92
928,Deonne,Huthart,dhuthartpr@vk.com,Male,137.191.211.175
929,Christie,Janks,cjanksps@altervista.org,Genderqueer,211.248.16.53
930,Bendix,Bazelle,bbazellept@photobucket.com,Polygender,138.140.39.54
931,Heath,McCurdy,hmccurdypu@uol.com.br,Agender,95.225.87.109
932,Ange,Thorington,athoringtonpv@sourceforge.net,Male,199.115.10.39
933,Carmen,MacSween,cmacsweenpw@ustream.tv,Genderfluid,109.60.245.215
934,Vivianne,Milmoe,vmilmoepx@discuz.net,Polygender,14.218.5.58
935,Aldric,Grim,agrimpy@reverbnation.com,Non-binary,28.98.89.99
936,Shirleen,Hildred,shildredpz@illinois.edu,Polygender,230.83.196.108
937,Ralf,Rowcastle,rrowcastleq0@mediafire.com,Polygender,126.78.38.139
938,Eugine,Gaskill,egaskillq1@flickr.com,Polygender,125.76.142.178
939,Jeff,Rawstron,jrawstronq2@opensource.org,Genderqueer,167.240.174.186
940,Aurel,Le Guin,aleguinq3@economist.com,Genderfluid,88.89.197.242
941,Alia,Fernier,afernierq4@bigcartel.com,Female,98.92.113.176
942,Allan,Pedgrift,apedgriftq5@nationalgeographic.com,Non-binary,187.165.88.159
943,Ramon,Feldon,rfeldonq6@pcworld.com,Male,65.72.104.42
944,Alasteir,Hubery,ahuberyq7@psu.edu,Female,189.48.59.160
945,Onida,Tippler,otipplerq8@friendfeed.com,Male,141.207.191.138
946,Maurice,Fishly,mfishlyq9@unc.edu,Non-binary,168.151.5.14
947,Eilis,Dunston,edunstonqa@opensource.org,Non-binary,133.116.125.138
948,Cross,Skouling,cskoulingqb@un.org,Non-binary,26.248.72.158
949,Husain,Limprecht,hlimprechtqc@addtoany.com,Polygender,189.29.238.213
950,Delainey,Reubel,dreubelqd@cyberchimps.com,Polygender,170.53.180.119
951,Boony,Pizzie,bpizzieqe@chronoengine.com,Non-binary,216.11.227.236
952,Buffy,Brownrigg,bbrownriggqf@delicious.com,Male,53.219.250.18
953,Becky,Colnet,bcolnetqg@pen.io,Bigender,230.94.98.3
954,Zorine,Riall,zriallqh@nsw.gov.au,Female,71.103.68.247
955,Lefty,Birnie,lbirnieqi@ebay.com,Genderfluid,243.36.6.98
956,Igor,Giamo,igiamoqj@oakley.com,Agender,92.54.12.116
957,Boigie,Reasun,breasunqk@zdnet.com,Genderqueer,177.34.45.205
958,Eyde,Dudman,edudmanql@microsoft.com,Polygender,226.239.73.244
959,Eudora,Cranstone,ecranstoneqm@yahoo.co.jp,Genderfluid,157.74.131.94
960,Tripp,Marlon,tmarlonqn@ezinearticles.com,Female,81.91.169.75
961,Eldredge,Bazek,ebazekqo@issuu.com,Polygender,247.32.169.241
962,Gillan,Spier,gspierqp@theatlantic.com,Agender,173.163.154.238
963,Norina,Jezzard,njezzardqq@tripadvisor.com,Female,83.138.48.4
964,Gal,Boag,gboagqr@infoseek.co.jp,Agender,171.80.200.155
965,Luce,Miroy,lmiroyqs@goo.ne.jp,Male,186.98.171.94
966,Ilka,Yandell,iyandellqt@apache.org,Genderfluid,23.95.160.213
967,Ashley,Westphalen,awestphalenqu@wikispaces.com,Bigender,183.114.105.12
968,Adolpho,Garrals,agarralsqv@gnu.org,Genderqueer,29.166.76.39
969,Ilyse,Chichgar,ichichgarqw@uiuc.edu,Non-binary,113.31.15.40
970,Tedda,Fink,tfinkqx@blog.com,Female,100.12.63.253
971,Angil,Pietroni,apietroniqy@baidu.com,Male,185.45.225.42
972,Brendis,Redit,breditqz@about.com,Female,13.58.5.19
973,Judie,Gowdy,jgowdyr0@parallels.com,Female,56.89.145.105
974,Cosme,Baskwell,cbaskwellr1@ow.ly,Non-binary,88.144.120.97
975,Brandie,Brumby,bbrumbyr2@bloglines.com,Male,61.108.95.39
976,Ernst,Dwyer,edwyerr3@archive.org,Polygender,184.168.226.37
977,Kare,Pym,kpymr4@behance.net,Female,162.19.51.81
978,Emilee,Tyhurst,etyhurstr5@yandex.ru,Male,78.184.215.99
979,Melody,Garahan,mgarahanr6@thetimes.co.uk,Genderfluid,125.186.93.178
980,Janith,Ogelsby,jogelsbyr7@cnet.com,Non-binary,134.212.119.70
981,Lenna,Clarycott,lclarycottr8@miibeian.gov.cn,Male,61.28.69.23
982,Hatty,Bartunek,hbartunekr9@homestead.com,Agender,39.34.101.65
983,Aridatha,Carvell,acarvellra@icq.com,Bigender,33.224.57.97
984,Filberte,Tuison,ftuisonrb@hhs.gov,Male,164.67.114.206
985,Seumas,Birbeck,sbirbeckrc@dyndns.org,Male,79.151.170.127
986,Thurstan,Caldron,tcaldronrd@deviantart.com,Bigender,86.23.95.114
987,Sarina,Saunderson,ssaundersonre@pen.io,Female,235.29.226.228
988,Udale,Newland,unewlandrf@phpbb.com,Male,145.43.113.156
989,Stacee,Verryan,sverryanrg@nih.gov,Polygender,64.104.51.126
990,Winfred,Hebburn,whebburnrh@storify.com,Polygender,218.156.222.253
991,Zara,Maryon,zmaryonri@cbslocal.com,Non-binary,172.114.58.20
992,Mavis,Margram,mmargramrj@skyrock.com,Non-binary,70.76.167.230
993,Bil,Scurlock,bscurlockrk@imageshack.us,Female,253.251.49.160
994,Felita,Janzen,fjanzenrl@loc.gov,Non-binary,72.0.160.99
995,Isacco,Fosken,ifoskenrm@cargocollective.com,Non-binary,63.8.82.255
996,Marlena,Hauxley,mhauxleyrn@foxnews.com,Polygender,17.34.248.20
997,Josie,Scouse,jscousero@free.fr,Genderfluid,221.217.111.249
998,Blake,Bartholomew,bbartholomewrp@chron.com,Male,14.64.165.74
999,Dorice,Matantsev,dmatantsevrq@cbslocal.com,Polygender,114.232.159.37
1000,Laura,Duchart,lduchartrr@geocities.jp,Non-binary,91.81.37.207
