id,first_name,last_name,email,gender,ip_address
1,Rex,Foster-Smith,rfostersmith0@51.la,Genderqueer,56.194.190.209
2,Aloysius,McIndoe,amcindoe1@aboutads.info,Bigender,49.41.141.79
3,Desiri,Horsfield,dhorsfield2@i2i.jp,Agender,1.101.50.238
4,Milt,Pattington,mpattington3@addtoany.com,Non-binary,240.179.123.169
5,Carrissa,Widdecombe,cwiddecombe4@state.tx.us,Genderfluid,198.192.238.198
6,Rae,Tows,rtows5@cocolog-nifty.com,Polygender,175.176.144.222
7,Halimeda,Davydenko,hdavydenko6@thetimes.co.uk,Male,132.137.190.16
8,Tiebout,Goodings,tgoodings7@tamu.edu,Genderqueer,166.149.205.157
9,Chrissie,Rawls,crawls8@yale.edu,Genderqueer,81.225.237.250
10,Marthena,Rourke,mrourke9@microsoft.com,Polygender,75.124.55.45
11,Kelcy,Ratledge,kratledgea@acquirethisname.com,Polygender,57.106.94.213
12,Leroi,Jaffrey,ljaffreyb@yelp.com,Male,151.52.242.239
13,Worthington,Clawley,wclawleyc@shop-pro.jp,Female,100.103.193.82
14,Alyosha,Jerrolt,ajerroltd@cdbaby.com,Genderfluid,41.21.21.163
15,Janaye,Lumby,jlumbye@engadget.com,Female,242.108.15.185
16,Lexi,Elcott,lelcottf@macromedia.com,Agender,89.92.187.50
17,Bendix,Tulip,btulipg@barnesandnoble.com,Non-binary,148.101.30.128
18,Maribelle,Fulham,mfulhamh@usda.gov,Agender,204.104.254.132
19,Aimil,Dahlborg,adahlborgi@sogou.com,Polygender,247.191.185.160
20,Maddy,Wennam,mwennamj@ezinearticles.com,Genderqueer,71.216.84.232
21,Winn,Fannin,wfannink@princeton.edu,Male,230.146.175.194
22,Dodie,Boshere,dbosherel@redcross.org,Genderqueer,187.252.30.175
23,Grayce,Sinnocke,gsinnockem@youtu.be,Genderfluid,52.187.160.63
24,Marigold,Howselee,mhowseleen@vkontakte.ru,Female,154.51.28.152
25,Coop,Tumasian,ctumasiano@example.com,Female,216.45.72.164
26,Clarinda,Houlison,choulisonp@surveymonkey.com,Female,3.123.122.16
27,Wilow,Loosmore,wloosmoreq@gizmodo.com,Genderqueer,196.106.233.107
28,Alfie,Wolfe,awolfer@google.fr,Bigender,7.150.247.171
29,Miner,Ornells,mornellss@google.nl,Genderqueer,142.16.20.79
30,Shelly,Polo,spolot@barnesandnoble.com,Polygender,244.38.174.136
31,Jacklyn,Bartosek,jbartoseku@drupal.org,Male,142.148.213.35
32,Jozef,Clemmey,jclemmeyv@amazon.co.jp,Non-binary,181.237.242.85
33,Mag,Lowndsborough,mlowndsboroughw@free.fr,Genderqueer,55.20.97.38
34,Alane,Mecozzi,amecozzix@deviantart.com,Female,216.108.35.51
35,Kaylee,Fewings,kfewingsy@geocities.com,Non-binary,25.51.164.227
36,Genni,Plumbe,gplumbez@hugedomains.com,Non-binary,151.143.56.180
37,Gil,Flageul,gflageul10@cnn.com,Agender,150.21.213.148
38,Clive,O'Hdirscoll,cohdirscoll11@tripod.com,Polygender,155.143.18.161
39,Marleah,Klimashevich,mklimashevich12@ovh.net,Male,165.219.168.224
40,Denyse,Grayston,dgrayston13@mozilla.org,Polygender,184.112.235.81
41,Babbie,Timmons,btimmons14@princeton.edu,Genderfluid,88.117.77.167
42,Lothario,Larvor,llarvor15@rakuten.co.jp,Female,8.1.189.215
43,Freda,Blaydes,fblaydes16@yellowpages.com,Genderfluid,191.246.118.54
44,Desmund,Coulling,dcoulling17@cafepress.com,Genderfluid,2.109.5.120
45,Tessa,Seif,tseif18@squarespace.com,Male,221.236.101.15
46,Marietta,De Brett,mdebrett19@cpanel.net,Bigender,14.164.116.227
47,Shea,Mustard,smustard1a@ocn.ne.jp,Genderqueer,228.148.13.17
48,Dael,Dumbreck,ddumbreck1b@tinyurl.com,Genderqueer,157.182.159.246
49,Tamma,Coil,tcoil1c@dell.com,Polygender,101.33.56.104
50,Goddart,Leadbitter,gleadbitter1d@sina.com.cn,Female,112.118.101.170
51,Cooper,Mesant,cmesant1e@home.pl,Non-binary,212.114.51.108
52,Rivalee,Bridgman,rbridgman1f@amazon.co.uk,Agender,234.99.11.32
53,Erie,Surguine,esurguine1g@sciencedaily.com,Genderqueer,198.71.88.37
54,Dodie,Riddeough,driddeough1h@theglobeandmail.com,Female,249.70.154.71
55,Morlee,Goodburn,mgoodburn1i@bandcamp.com,Male,51.206.179.156
56,Lyndsey,Lippitt,llippitt1j@biblegateway.com,Agender,227.89.248.139
57,Carrissa,Dureden,cdureden1k@census.gov,Male,161.114.113.132
58,Marni,Bliven,mbliven1l@cnet.com,Non-binary,196.240.13.110
59,Berkley,Van der Krui,bvanderkrui1m@goo.gl,Non-binary,73.231.249.98
60,Devonne,Wordsley,dwordsley1n@bizjournals.com,Genderfluid,139.199.137.24
61,Denice,Condit,dcondit1o@list-manage.com,Non-binary,40.8.113.120
62,Patrizio,Emblen,pemblen1p@chron.com,Male,122.119.62.38
63,Isaiah,Broscombe,ibroscombe1q@state.tx.us,Non-binary,39.229.15.11
64,Cecilia,MacCall,cmaccall1r@weibo.com,Genderqueer,91.220.252.4
65,Ermin,Hogbourne,ehogbourne1s@deliciousdays.com,Genderqueer,130.244.70.72
66,Jeromy,Adnams,jadnams1t@loc.gov,Agender,117.228.25.1
67,Evin,Iston,eiston1u@odnoklassniki.ru,Non-binary,132.166.56.134
68,Bobby,Ixer,bixer1v@i2i.jp,Genderfluid,127.196.229.130
69,Farlay,Stickells,fstickells1w@tamu.edu,Male,62.219.60.244
70,Nigel,Ringham,nringham1x@dailymail.co.uk,Genderfluid,211.255.207.153
71,Rickie,Meneghelli,rmeneghelli1y@theguardian.com,Genderfluid,41.141.95.121
72,Marsiella,Harraway,mharraway1z@infoseek.co.jp,Non-binary,199.75.153.139
73,Elora,Roote,eroote20@microsoft.com,Polygender,28.15.187.234
74,Malena,Alenshev,malenshev21@flavors.me,Bigender,205.214.129.106
75,Onfre,Duigenan,oduigenan22@chronoengine.com,Male,249.5.212.195
76,Cly,McCrann,cmccrann23@dot.gov,Male,130.131.208.208
77,Win,Logg,wlogg24@artisteer.com,Non-binary,109.122.179.104
78,Lennie,Tuxwell,ltuxwell25@virginia.edu,Genderfluid,227.201.125.2
79,Othilie,Goodanew,ogoodanew26@patch.com,Bigender,248.205.119.177
80,Salomone,Ogle,sogle27@cbc.ca,Male,111.109.39.208
81,Urbanus,Harrison,uharrison28@linkedin.com,Male,20.49.34.203
82,Kerr,Simeoni,ksimeoni29@accuweather.com,Bigender,189.84.195.31
83,Michaelina,Youd,myoud2a@nydailynews.com,Male,173.188.100.240
84,Marline,Pounder,mpounder2b@economist.com,Polygender,59.38.145.76
85,Alvira,Overton,aoverton2c@google.com.au,Male,133.239.74.17
86,Nathaniel,Pattullo,npattullo2d@ucoz.ru,Male,80.174.152.175
87,Nanni,Schohier,nschohier2e@apple.com,Genderfluid,176.209.163.249
88,Padraig,Yurkevich,pyurkevich2f@imageshack.us,Genderqueer,103.197.51.199
89,Kyle,Baal,kbaal2g@nasa.gov,Genderqueer,7.251.143.178
90,Emmy,Swiffin,eswiffin2h@cnbc.com,Polygender,250.54.44.172
91,Gibbie,McCollum,gmccollum2i@ucoz.ru,Genderqueer,201.101.166.15
92,Valli,Seyfart,vseyfart2j@myspace.com,Genderfluid,157.139.121.185
93,Peirce,Bosenworth,pbosenworth2k@unicef.org,Bigender,223.120.132.224
94,Rodolfo,Udie,rudie2l@prweb.com,Female,147.19.226.183
95,Lev,Stolberg,lstolberg2m@fc2.com,Bigender,152.140.137.173
96,Bethina,Pettitt,bpettitt2n@soundcloud.com,Female,128.115.11.82
97,Dredi,Bisiker,dbisiker2o@simplemachines.org,Genderfluid,135.113.200.36
98,Clint,Orta,corta2p@phpbb.com,Agender,169.177.36.120
99,Jamie,Stickland,jstickland2q@forbes.com,Bigender,44.253.76.37
100,Corri,Vedikhov,cvedikhov2r@nationalgeographic.com,Male,180.95.135.218
101,Rickie,Boam,rboam2s@prlog.org,Polygender,34.137.144.48
102,Annecorinne,Garrett,agarrett2t@dell.com,Bigender,113.94.102.144
103,Denny,Endricci,dendricci2u@ox.ac.uk,Bigender,67.177.83.163
104,Griffin,Babst,gbabst2v@mozilla.com,Genderqueer,72.20.74.1
105,Pollyanna,Mockett,pmockett2w@vkontakte.ru,Polygender,233.216.44.57
106,Davita,Penhaligon,dpenhaligon2x@economist.com,Agender,13.32.173.21
107,Friederike,Mannion,fmannion2y@reddit.com,Bigender,212.132.25.131
108,Hagan,Sculpher,hsculpher2z@shutterfly.com,Female,129.111.134.183
109,Olva,D'Aeth,odaeth30@de.vu,Genderqueer,237.3.64.193
110,Mandi,Chittie,mchittie31@timesonline.co.uk,Genderfluid,230.220.60.145
111,Jenica,De Carolis,jdecarolis32@creativecommons.org,Male,143.255.85.176
112,Jacklin,Pervew,jpervew33@google.co.jp,Male,25.220.197.229
113,Ashlen,Fike,afike34@php.net,Agender,149.1.147.54
114,Wade,Pledger,wpledger35@studiopress.com,Polygender,237.181.83.174
115,Florella,Bault,fbault36@moonfruit.com,Agender,116.71.72.35
116,Mick,Ducastel,mducastel37@behance.net,Female,164.142.24.64
117,Barri,Lorroway,blorroway38@princeton.edu,Genderqueer,106.94.15.35
118,Desi,Ferreras,dferreras39@jalbum.net,Agender,200.247.119.177
119,Klarika,Prosek,kprosek3a@ebay.co.uk,Male,116.76.92.132
120,Felix,Bonsul,fbonsul3b@utexas.edu,Agender,162.192.60.37
121,Ody,Durman,odurman3c@devhub.com,Bigender,233.227.253.84
122,Elwira,Lints,elints3d@sitemeter.com,Agender,73.244.27.112
123,Christel,O'Bradane,cobradane3e@mayoclinic.com,Female,199.149.29.55
124,Emmalyn,Brelsford,ebrelsford3f@fotki.com,Genderfluid,160.136.165.60
125,Faulkner,Grafom,fgrafom3g@psu.edu,Polygender,203.154.185.175
126,Ursala,Upjohn,uupjohn3h@ucoz.ru,Female,166.194.236.35
127,Hermione,Brachell,hbrachell3i@sbwire.com,Bigender,5.159.238.161
128,Lyell,Greensitt,lgreensitt3j@berkeley.edu,Polygender,225.233.227.17
129,Chantal,Keam,ckeam3k@t.co,Genderqueer,68.121.44.27
130,Ardis,Spilling,aspilling3l@facebook.com,Genderqueer,11.197.186.138
131,Kenton,Gillebert,kgillebert3m@usgs.gov,Agender,37.210.40.187
132,Ericha,Juza,ejuza3n@fda.gov,Bigender,122.195.127.217
133,Brander,Cosins,bcosins3o@cargocollective.com,Male,149.5.153.154
134,Revkah,Lobbe,rlobbe3p@stanford.edu,Genderqueer,246.132.193.190
135,Gilli,Symcox,gsymcox3q@google.com.au,Genderqueer,99.133.85.141
136,Siouxie,Sadlier,ssadlier3r@businessweek.com,Non-binary,21.5.16.191
137,Anallese,Neillans,aneillans3s@ocn.ne.jp,Genderqueer,117.236.211.26
138,Magdaia,Alesio,malesio3t@harvard.edu,Agender,177.80.200.60
139,Anatola,Wollard,awollard3u@bravesites.com,Agender,244.230.24.84
140,Irvin,Van Haeften,ivanhaeften3v@alibaba.com,Polygender,233.184.168.253
141,Willi,Rove,wrove3w@foxnews.com,Agender,47.3.139.193
142,Dukey,McGorman,dmcgorman3x@nasa.gov,Genderfluid,82.205.48.252
143,Bettye,Duke,bduke3y@mac.com,Male,25.58.25.77
144,Vanni,Mazzei,vmazzei3z@columbia.edu,Genderfluid,252.176.53.219
145,Neila,Raitt,nraitt40@theatlantic.com,Genderqueer,156.233.141.33
146,Salaidh,Postle,spostle41@soundcloud.com,Genderqueer,219.150.181.222
147,Bernie,Boaler,bboaler42@prlog.org,Bigender,218.17.113.147
148,Carolynn,Dahlborg,cdahlborg43@surveymonkey.com,Agender,157.250.205.59
149,Cristina,Bowker,cbowker44@altervista.org,Male,46.35.43.13
150,Lanie,Peerman,lpeerman45@netvibes.com,Non-binary,150.146.167.180
151,Felisha,Ayllett,fayllett46@huffingtonpost.com,Polygender,13.17.254.247
152,Averil,Suthren,asuthren47@amazon.co.jp,Agender,215.217.170.179
153,Daryl,Darby,ddarby48@a8.net,Polygender,252.254.250.149
154,Carolann,Ben-Aharon,cbenaharon49@webs.com,Genderfluid,191.106.132.157
155,Jerrome,Ivakhnov,jivakhnov4a@bbc.co.uk,Genderqueer,117.90.55.170
156,Arnoldo,Haselwood,ahaselwood4b@addtoany.com,Female,255.121.197.57
157,Samaria,Rey,srey4c@friendfeed.com,Male,216.173.7.135
158,Sheffy,Wenban,swenban4d@umn.edu,Female,196.125.189.2
159,Robb,Etherington,retherington4e@jugem.jp,Bigender,24.80.207.19
160,Barnabe,Vasilyonok,bvasilyonok4f@netlog.com,Genderfluid,188.46.3.118
161,Gael,Smiths,gsmiths4g@gov.uk,Male,136.59.120.213
162,Dionisio,Siddons,dsiddons4h@blog.com,Agender,52.21.24.27
163,Jaquith,Stolze,jstolze4i@google.ca,Agender,134.44.28.251
164,Etti,Cainey,ecainey4j@jimdo.com,Bigender,80.220.108.175
165,Leon,Wherrit,lwherrit4k@ibm.com,Agender,27.199.238.181
166,Thibaut,Cordelle,tcordelle4l@github.com,Genderqueer,113.114.231.144
167,Bevvy,Gildea,bgildea4m@gov.uk,Polygender,76.154.30.216
168,Sophronia,Ashlin,sashlin4n@ted.com,Polygender,222.91.40.26
169,Wesley,Hunnicot,whunnicot4o@rakuten.co.jp,Male,170.25.111.193
170,Jsandye,Duffree,jduffree4p@washington.edu,Agender,54.239.206.34
171,Charmain,Gosney,cgosney4q@economist.com,Bigender,30.236.164.63
172,Gilberte,Dax,gdax4r@army.mil,Male,94.58.150.110
173,Marcelline,Suttell,msuttell4s@w3.org,Genderfluid,150.235.24.57
174,Clark,Painswick,cpainswick4t@desdev.cn,Male,220.112.187.146
175,Lombard,Netherclift,lnetherclift4u@weibo.com,Agender,211.37.68.84
176,Shannah,Reihill,sreihill4v@rediff.com,Genderfluid,107.221.117.32
177,Elora,Lewknor,elewknor4w@admin.ch,Non-binary,209.239.116.41
178,Tomaso,Bailey,tbailey4x@berkeley.edu,Genderqueer,149.151.107.92
179,Letitia,Bigley,lbigley4y@ucsd.edu,Female,225.14.123.223
180,Gregorius,Leyfield,gleyfield4z@cloudflare.com,Genderqueer,203.8.35.91
181,Michelle,Naish,mnaish50@nps.gov,Genderqueer,213.51.111.232
182,Orion,Wooderson,owooderson51@google.cn,Genderfluid,62.249.158.194
183,Sandye,Brahmer,sbrahmer52@adobe.com,Polygender,103.129.49.72
184,Latrena,MacComiskey,lmaccomiskey53@paypal.com,Agender,128.101.171.50
185,Kelcy,Mariotte,kmariotte54@myspace.com,Genderqueer,133.169.161.131
186,Suzann,Filkin,sfilkin55@pinterest.com,Non-binary,44.86.238.71
187,Aguistin,Barrus,abarrus56@bloomberg.com,Genderfluid,57.114.101.73
188,Tobit,Flescher,tflescher57@tinypic.com,Female,24.60.61.228
189,Ranna,Racine,rracine58@liveinternet.ru,Female,16.208.130.29
190,Darrel,Isakson,disakson59@timesonline.co.uk,Bigender,1.46.21.123
191,Curran,Brenston,cbrenston5a@storify.com,Male,234.166.158.166
192,Nealson,Milkin,nmilkin5b@wix.com,Bigender,111.51.61.196
193,Edlin,Sidey,esidey5c@zdnet.com,Polygender,246.87.54.149
194,Baxter,Heazel,bheazel5d@google.co.uk,Bigender,127.7.144.139
195,Odette,Sheldon,osheldon5e@hubpages.com,Bigender,66.34.49.71
196,Ines,Schreiner,ischreiner5f@ocn.ne.jp,Female,53.221.0.205
197,Stavro,Overy,sovery5g@trellian.com,Non-binary,179.144.23.79
198,Gavan,Dericut,gdericut5h@arizona.edu,Genderfluid,235.64.47.30
199,Thalia,Mc Corley,tmccorley5i@ihg.com,Genderqueer,185.255.153.177
200,Norby,Paxforde,npaxforde5j@mac.com,Non-binary,63.199.3.224
201,L;urette,Kleynermans,lkleynermans5k@cnbc.com,Agender,159.51.250.112
202,Babette,Skinner,bskinner5l@delicious.com,Male,178.24.185.220
203,Erika,Le Blond,eleblond5m@paypal.com,Genderfluid,107.153.69.70
204,Hall,Ferrar,hferrar5n@amazon.de,Male,82.46.43.52
205,Germana,Ivey,givey5o@homestead.com,Female,172.18.85.102
206,Suzann,Gibling,sgibling5p@miibeian.gov.cn,Genderqueer,205.220.59.252
207,Trina,Chopin,tchopin5q@state.tx.us,Bigender,195.15.212.179
208,Kain,Raunds,kraunds5r@opensource.org,Genderfluid,147.40.210.210
209,Jill,Rait,jrait5s@oracle.com,Female,59.41.201.24
210,Martha,Brickhill,mbrickhill5t@youku.com,Bigender,185.69.126.75
211,Paul,Gobert,pgobert5u@google.nl,Female,15.224.27.115
212,Taddeusz,Blue,tblue5v@nbcnews.com,Agender,48.247.11.17
213,Debra,Boxen,dboxen5w@altervista.org,Agender,154.124.218.91
214,Immanuel,Girth,igirth5x@homestead.com,Female,149.178.19.100
215,Julina,Milkeham,jmilkeham5y@godaddy.com,Male,62.174.12.228
216,Amelina,Rivenzon,arivenzon5z@woothemes.com,Female,55.194.99.212
217,Lem,Maty,lmaty60@about.me,Agender,165.101.202.5
218,Giustino,Streak,gstreak61@simplemachines.org,Male,240.154.21.34
219,Levey,Thurner,lthurner62@stumbleupon.com,Genderqueer,1.45.103.69
220,Edward,Pray,epray63@nbcnews.com,Male,236.152.238.134
221,Luz,Slatcher,lslatcher64@barnesandnoble.com,Non-binary,58.26.75.146
222,Michaeline,Barnewelle,mbarnewelle65@paginegialle.it,Polygender,126.37.46.64
223,Ker,Alloway,kalloway66@hao123.com,Female,247.239.90.247
224,Ivy,Zmitruk,izmitruk67@elegantthemes.com,Male,11.250.119.151
225,Lissa,Chafer,lchafer68@acquirethisname.com,Genderqueer,178.131.29.191
226,Valentin,Maguire,vmaguire69@independent.co.uk,Genderfluid,209.121.239.185
227,Clerissa,Girardetti,cgirardetti6a@homestead.com,Genderfluid,146.121.192.215
228,Harlan,Bednall,hbednall6b@1und1.de,Genderqueer,92.109.113.173
229,Lise,Guidone,lguidone6c@yellowpages.com,Polygender,60.116.19.136
230,Efrem,Bigly,ebigly6d@wsj.com,Agender,84.120.100.199
231,Karalee,Fulmen,kfulmen6e@google.ru,Bigender,95.109.59.154
232,Neall,Collelton,ncollelton6f@sfgate.com,Genderfluid,5.148.139.104
233,Birk,Raftery,braftery6g@plala.or.jp,Female,185.2.103.102
234,Fran,Olphert,folphert6h@businesswire.com,Bigender,63.188.159.75
235,Augustine,Katt,akatt6i@deliciousdays.com,Genderqueer,138.12.117.140
236,Orion,L'Archer,olarcher6j@taobao.com,Polygender,254.151.208.66
237,Kathlin,Moan,kmoan6k@hibu.com,Genderqueer,68.219.105.217
238,Bard,Willey,bwilley6l@google.pl,Male,33.3.182.110
239,Giffer,Dechelette,gdechelette6m@dion.ne.jp,Male,202.2.198.63
240,Maynord,Huglin,mhuglin6n@hostgator.com,Non-binary,15.117.94.247
241,Nealson,Fleeman,nfleeman6o@acquirethisname.com,Male,138.245.153.188
242,Mozelle,Lincey,mlincey6p@ow.ly,Polygender,240.186.133.154
243,Jami,Coleman,jcoleman6q@alexa.com,Female,166.160.175.240
244,Henderson,Mingardo,hmingardo6r@tumblr.com,Non-binary,164.107.152.209
245,Phyllis,Bonifazio,pbonifazio6s@accuweather.com,Male,92.179.252.161
246,Thedrick,Drummer,tdrummer6t@fotki.com,Genderfluid,183.109.68.143
247,Bruis,Reschke,breschke6u@smugmug.com,Genderfluid,211.226.201.22
248,Virge,Impleton,vimpleton6v@biblegateway.com,Genderfluid,32.225.64.4
249,Hobard,Dumphries,hdumphries6w@booking.com,Non-binary,44.100.109.96
250,Mamie,Manginot,mmanginot6x@pagesperso-orange.fr,Bigender,53.83.139.73
251,Karisa,Di Antonio,kdiantonio6y@who.int,Female,222.24.141.143
252,Dyanne,Kluss,dkluss6z@google.com,Bigender,48.232.237.12
253,Val,Ilyinykh,vilyinykh70@trellian.com,Agender,107.31.232.131
254,Flinn,Coat,fcoat71@example.com,Male,66.174.162.215
255,Rube,Molfino,rmolfino72@prnewswire.com,Agender,75.5.237.82
256,Waiter,Kemsley,wkemsley73@msu.edu,Polygender,140.96.145.77
257,Osbourne,Borrott,oborrott74@europa.eu,Agender,208.53.248.90
258,Albina,Kenzie,akenzie75@hao123.com,Genderqueer,91.81.193.102
259,Devlin,Baldery,dbaldery76@washington.edu,Female,186.73.10.202
260,Levey,Veneur,lveneur77@ox.ac.uk,Male,242.108.36.114
261,Ede,Carlan,ecarlan78@ibm.com,Genderqueer,4.124.6.6
262,Stanislas,Clifforth,sclifforth79@free.fr,Genderqueer,60.44.10.91
263,Chrisy,Filippov,cfilippov7a@artisteer.com,Agender,234.73.26.32
264,Guthry,Nelligan,gnelligan7b@i2i.jp,Genderqueer,8.76.143.42
265,Cecilio,Cicci,ccicci7c@usnews.com,Non-binary,221.42.145.159
266,Renell,Strange,rstrange7d@a8.net,Polygender,6.71.40.48
267,Alaine,Kennefick,akennefick7e@tiny.cc,Non-binary,52.103.156.239
268,Alphonse,Wathan,awathan7f@goodreads.com,Female,72.120.73.78
269,Angelica,Stonhewer,astonhewer7g@desdev.cn,Bigender,137.208.125.89
270,Chaunce,Greville,cgreville7h@wix.com,Genderqueer,208.90.75.3
271,Bee,Kopf,bkopf7i@jimdo.com,Female,94.74.194.151
272,Carmel,Leven,cleven7j@europa.eu,Polygender,187.58.2.73
273,Alex,Ranyelld,aranyelld7k@imgur.com,Agender,97.49.117.153
274,Carling,Hatliff,chatliff7l@wikipedia.org,Bigender,98.105.56.192
275,Rheba,Huie,rhuie7m@bravesites.com,Polygender,125.73.163.187
276,Anthea,Weavill,aweavill7n@newsvine.com,Genderfluid,139.117.103.87
277,Carri,Klamman,cklamman7o@irs.gov,Bigender,123.8.51.203
278,Scottie,Goudard,sgoudard7p@imgur.com,Agender,56.127.18.219
279,Hayden,Paolacci,hpaolacci7q@nasa.gov,Male,71.222.236.75
280,Carmon,Disbury,cdisbury7r@earthlink.net,Male,34.89.18.21
281,Ebenezer,Godly,egodly7s@icq.com,Female,36.178.98.42
282,Lurette,Syddall,lsyddall7t@parallels.com,Agender,179.220.252.134
283,Winny,Dewen,wdewen7u@deliciousdays.com,Polygender,14.59.207.125
284,Marlyn,Cockshoot,mcockshoot7v@unblog.fr,Non-binary,232.40.16.244
285,Dietrich,Charlon,dcharlon7w@wikispaces.com,Genderqueer,144.58.150.112
286,Bryn,Huckerbe,bhuckerbe7x@techcrunch.com,Polygender,180.9.28.175
287,Brietta,Ravilus,bravilus7y@people.com.cn,Agender,202.106.79.117
288,Christen,Isakovitch,cisakovitch7z@unesco.org,Genderfluid,96.72.145.52
289,Lyell,Squelch,lsquelch80@trellian.com,Non-binary,204.214.104.246
290,Jandy,Jayes,jjayes81@myspace.com,Genderqueer,171.52.110.179
291,Adriano,Syms,asyms82@si.edu,Polygender,115.162.101.68
292,Staford,Pegler,spegler83@1und1.de,Bigender,174.93.115.40
293,Theodoric,Basek,tbasek84@usda.gov,Male,70.170.251.179
294,Charin,Elliot,celliot85@loc.gov,Genderqueer,146.11.153.43
295,Jodee,Innes,jinnes86@netscape.com,Polygender,86.116.136.183
296,Wadsworth,Margach,wmargach87@imageshack.us,Male,117.19.252.113
297,Neely,Hans,nhans88@phoca.cz,Non-binary,182.80.172.93
298,Wilone,Jeandon,wjeandon89@soundcloud.com,Genderqueer,106.181.189.117
299,Syman,Teas,steas8a@scribd.com,Female,159.23.241.125
300,Gherardo,Maulkin,gmaulkin8b@reddit.com,Male,88.99.185.158
301,Gherardo,Emery,gemery8c@tuttocitta.it,Polygender,7.219.221.0
302,Kiley,Conring,kconring8d@ucla.edu,Male,148.35.114.116
303,Lyndel,Norrie,lnorrie8e@bigcartel.com,Male,125.50.16.22
304,Cordelie,Damp,cdamp8f@columbia.edu,Male,128.206.222.75
305,Putnam,Fountian,pfountian8g@princeton.edu,Bigender,106.208.156.116
306,Kriste,Garrow,kgarrow8h@angelfire.com,Genderfluid,112.49.55.158
307,Roslyn,Howton,rhowton8i@oakley.com,Genderfluid,219.192.51.169
308,Olivie,Trevena,otrevena8j@jugem.jp,Male,151.104.18.16
309,Casie,Allibon,callibon8k@geocities.jp,Agender,82.39.191.132
310,Berri,Grimestone,bgrimestone8l@archive.org,Male,122.37.100.78
311,Mord,Guise,mguise8m@opensource.org,Male,160.191.230.68
312,Paulie,Leadbeatter,pleadbeatter8n@fc2.com,Genderfluid,224.42.100.239
313,Taber,Flemming,tflemming8o@github.io,Genderfluid,9.9.63.131
314,Simona,Jordanson,sjordanson8p@vinaora.com,Polygender,63.211.116.183
315,Beltran,Philippard,bphilippard8q@wired.com,Male,124.179.158.187
316,Kippar,Wilsone,kwilsone8r@oakley.com,Non-binary,159.157.240.56
317,Golda,Rothchild,grothchild8s@auda.org.au,Bigender,50.202.142.79
318,Nealon,Saynor,nsaynor8t@independent.co.uk,Bigender,64.125.243.80
319,Merrick,Jorgensen,mjorgensen8u@trellian.com,Non-binary,160.136.129.188
320,Harper,Clail,hclail8v@abc.net.au,Non-binary,65.253.242.197
321,Buiron,Kliemchen,bkliemchen8w@homestead.com,Agender,91.169.229.193
322,Jessy,Cohalan,jcohalan8x@weather.com,Female,57.51.247.69
323,Dido,Dreghorn,ddreghorn8y@desdev.cn,Agender,177.80.140.212
324,Tabor,Jancic,tjancic8z@exblog.jp,Male,104.92.96.71
325,Jed,Millichip,jmillichip90@163.com,Genderfluid,137.108.44.9
326,Dillon,Born,dborn91@odnoklassniki.ru,Genderfluid,174.230.112.28
327,Justinn,Raise,jraise92@wordpress.com,Female,106.242.147.106
328,Townsend,Dowthwaite,tdowthwaite93@hao123.com,Genderfluid,113.76.209.27
329,Eadie,Waything,ewaything94@huffingtonpost.com,Male,229.53.106.177
330,Benn,Casacchia,bcasacchia95@upenn.edu,Polygender,215.181.238.108
331,Drew,Roch,droch96@twitter.com,Genderfluid,172.61.72.242
332,Lilia,Jankin,ljankin97@cpanel.net,Genderfluid,173.154.205.106
333,Perice,Lamers,plamers98@ameblo.jp,Female,212.179.95.70
334,Brande,Seine,bseine99@ca.gov,Polygender,116.143.54.174
335,Samuele,Murthwaite,smurthwaite9a@reuters.com,Agender,183.71.217.67
336,Aile,Cleobury,acleobury9b@huffingtonpost.com,Polygender,167.56.228.60
337,Dominga,Douce,ddouce9c@wiley.com,Polygender,171.145.173.116
338,Natty,Zotto,nzotto9d@phoca.cz,Genderfluid,34.59.250.185
339,Felecia,Sarl,fsarl9e@ucoz.ru,Female,195.56.127.224
340,Charmion,Luckwell,cluckwell9f@nhs.uk,Male,107.226.169.107
341,Jessie,Chidley,jchidley9g@fema.gov,Male,36.159.232.57
342,Jorgan,Kleisel,jkleisel9h@mlb.com,Polygender,106.8.24.149
343,Cloris,Devinn,cdevinn9i@hibu.com,Bigender,192.34.22.75
344,Joshua,Burehill,jburehill9j@google.co.jp,Bigender,236.240.31.47
345,Felisha,Antoniat,fantoniat9k@umich.edu,Genderqueer,191.84.128.145
346,Monika,Iacobo,miacobo9l@homestead.com,Non-binary,49.242.250.44
347,Moreen,Dawks,mdawks9m@sfgate.com,Genderfluid,93.214.253.199
348,Carole,Ateridge,cateridge9n@loc.gov,Male,163.105.97.139
349,Etta,Petrovic,epetrovic9o@businessweek.com,Polygender,15.148.15.131
350,Verna,Francescoccio,vfrancescoccio9p@skype.com,Genderqueer,8.143.248.151
351,Corilla,Henkens,chenkens9q@newsvine.com,Genderqueer,54.28.12.1
352,Tildie,Ilyasov,tilyasov9r@de.vu,Female,26.174.117.208
353,Christal,Zanetti,czanetti9s@kickstarter.com,Male,253.247.58.14
354,Karita,Antham,kantham9t@guardian.co.uk,Non-binary,240.129.60.102
355,Simone,Spencley,sspencley9u@nih.gov,Female,239.11.133.70
356,Teodorico,Castaner,tcastaner9v@shinystat.com,Genderqueer,180.151.49.108
357,Winifred,Wheatland,wwheatland9w@tripod.com,Non-binary,40.80.34.120
358,Dasi,Hamley,dhamley9x@icq.com,Non-binary,123.123.13.227
359,Marlowe,Gentric,mgentric9y@telegraph.co.uk,Genderfluid,233.84.160.249
360,Fawne,Moyes,fmoyes9z@hhs.gov,Genderfluid,161.109.158.243
361,Cordy,Addis,caddisa0@shinystat.com,Bigender,66.19.121.29
362,Ariana,Bonnell,abonnella1@springer.com,Female,85.4.70.182
363,Sigvard,Howsam,showsama2@cnn.com,Agender,160.97.123.49
364,Perkin,Marshfield,pmarshfielda3@technorati.com,Bigender,87.138.69.146
365,Noellyn,Lightman,nlightmana4@com.com,Polygender,81.84.243.77
366,Arin,Picot,apicota5@cisco.com,Polygender,203.177.17.240
367,Juline,Raspison,jraspisona6@sohu.com,Genderfluid,71.117.235.236
368,Abelard,Duinkerk,aduinkerka7@un.org,Male,195.216.40.253
369,Binky,Errichelli,berrichellia8@paginegialle.it,Bigender,153.46.14.212
370,Marje,Teenan,mteenana9@symantec.com,Genderfluid,221.4.107.250
371,Carolin,Libreros,clibrerosaa@icio.us,Polygender,111.24.84.173
372,Lani,Linklater,llinklaterab@alexa.com,Agender,126.121.122.163
373,Reg,Lampet,rlampetac@bluehost.com,Genderfluid,131.104.131.40
374,Violetta,Bramstom,vbramstomad@acquirethisname.com,Female,100.188.55.233
375,Stafford,Cottu,scottuae@bbc.co.uk,Genderqueer,131.250.23.109
376,Gunner,Paull,gpaullaf@51.la,Non-binary,27.141.3.154
377,Vick,Twoohy,vtwoohyag@hud.gov,Non-binary,225.187.229.180
378,Yorgo,Aish,yaishah@sciencedaily.com,Polygender,86.75.173.243
379,Conny,Lapworth,clapworthai@reuters.com,Male,136.245.74.152
380,Bryn,Yancey,byanceyaj@europa.eu,Agender,179.70.38.113
381,Vanessa,Spensley,vspensleyak@ca.gov,Genderqueer,169.132.141.174
382,Rodolfo,Ingrey,ringreyal@github.io,Bigender,162.132.195.56
383,Brande,Lawrey,blawreyam@nba.com,Polygender,150.54.134.208
384,Lorrie,Moehle,lmoehlean@howstuffworks.com,Genderqueer,47.14.62.240
385,Zaccaria,Churchward,zchurchwardao@sciencedirect.com,Female,50.178.59.53
386,Jocelyne,Banfield,jbanfieldap@com.com,Genderfluid,76.14.25.117
387,Tommie,Calvie,tcalvieaq@weebly.com,Female,171.18.144.46
388,Avie,Paudin,apaudinar@walmart.com,Polygender,192.68.101.61
389,Robbert,Hilliam,rhilliamas@yale.edu,Polygender,96.73.131.141
390,Lyell,Benneyworth,lbenneyworthat@parallels.com,Agender,165.131.219.176
391,Anneliese,Shoebridge,ashoebridgeau@wix.com,Male,237.52.138.235
392,Rolf,Murkin,rmurkinav@hp.com,Agender,173.173.250.121
393,Nancee,Chasson,nchassonaw@youtu.be,Bigender,174.98.0.134
394,Dori,Yoskowitz,dyoskowitzax@vimeo.com,Genderfluid,160.30.241.250
395,Car,Spitaro,cspitaroay@deviantart.com,Bigender,50.99.92.120
396,Charin,Surman,csurmanaz@t.co,Agender,179.252.229.11
397,Cory,Adin,cadinb0@acquirethisname.com,Male,252.36.136.111
398,Vale,Ilymanov,vilymanovb1@walmart.com,Male,28.61.140.93
399,Skelly,Dovydenas,sdovydenasb2@ezinearticles.com,Male,184.140.121.16
400,Nelson,Nolleth,nnollethb3@huffingtonpost.com,Genderfluid,57.31.74.142
401,Kit,Verbeek,kverbeekb4@opensource.org,Bigender,20.174.57.94
402,Lazarus,Sturgess,lsturgessb5@livejournal.com,Non-binary,183.155.232.78
403,Karmen,Clyant,kclyantb6@so-net.ne.jp,Bigender,95.112.53.207
404,Danny,Tigwell,dtigwellb7@patch.com,Genderqueer,205.96.42.36
405,Enrique,O'Callaghan,eocallaghanb8@wufoo.com,Male,77.37.61.72
406,Marty,Largent,mlargentb9@twitpic.com,Male,81.13.215.182
407,Maddie,Ambage,mambageba@godaddy.com,Non-binary,255.113.43.175
408,Yurik,Mathwin,ymathwinbb@naver.com,Agender,135.170.102.60
409,Tades,Creaven,tcreavenbc@discovery.com,Male,166.127.141.212
410,Lilyan,Ballchin,lballchinbd@epa.gov,Polygender,89.135.174.36
411,Raul,Rippon,rripponbe@comcast.net,Genderfluid,142.238.188.54
412,Stacey,Newbigging,snewbiggingbf@feedburner.com,Genderfluid,102.214.222.222
413,Angel,Scathard,ascathardbg@google.de,Non-binary,110.182.240.134
414,Wyndham,Skydall,wskydallbh@symantec.com,Genderqueer,244.253.209.126
415,Aaron,Baudains,abaudainsbi@arizona.edu,Bigender,70.248.166.20
416,Janka,Bower,jbowerbj@nymag.com,Bigender,217.234.35.157
417,Daphne,Stud,dstudbk@netlog.com,Agender,65.178.114.138
418,Abby,Vaillant,availlantbl@redcross.org,Genderfluid,193.91.107.155
419,Danni,Brisbane,dbrisbanebm@amazon.co.jp,Male,225.22.85.165
420,Aldrich,Higginbottam,ahigginbottambn@chronoengine.com,Male,66.49.92.49
421,Felizio,Hardwidge,fhardwidgebo@ow.ly,Non-binary,85.213.203.110
422,Eimile,Marsie,emarsiebp@msn.com,Male,106.41.56.71
423,Brice,Nemchinov,bnemchinovbq@mail.ru,Bigender,68.14.21.37
424,Lanny,Glabach,lglabachbr@smh.com.au,Genderqueer,123.248.32.195
425,Marylou,Vautin,mvautinbs@w3.org,Female,95.45.1.73
426,Joycelin,Ackerman,jackermanbt@live.com,Genderfluid,160.248.209.36
427,Jayne,Strongitharm,jstrongitharmbu@booking.com,Non-binary,202.91.163.125
428,Debora,Ainge,daingebv@earthlink.net,Agender,101.221.91.22
429,Lexis,Tampen,ltampenbw@sciencedirect.com,Bigender,30.64.8.224
430,Maribeth,Schrinel,mschrinelbx@jalbum.net,Genderfluid,111.80.254.188
431,Janeen,Klehyn,jklehynby@sina.com.cn,Genderqueer,42.212.13.87
432,Timmy,Lang,tlangbz@deviantart.com,Female,227.223.185.186
433,Trent,Bingell,tbingellc0@washingtonpost.com,Genderfluid,79.197.64.185
434,Sayres,Cogman,scogmanc1@furl.net,Bigender,176.139.161.8
435,Welsh,Padrick,wpadrickc2@gizmodo.com,Female,112.198.36.106
436,Kerr,Dempsey,kdempseyc3@abc.net.au,Genderqueer,184.199.9.247
437,Shelley,Rootes,srootesc4@dyndns.org,Genderfluid,123.156.57.167
438,Irwin,Mortlock,imortlockc5@rambler.ru,Agender,155.244.120.118
439,Marline,Girsch,mgirschc6@phoca.cz,Female,189.224.109.98
440,Flemming,Cunnah,fcunnahc7@mashable.com,Bigender,228.178.124.252
441,Gearard,Franzoli,gfranzolic8@slate.com,Non-binary,250.114.192.89
442,Clyve,Cabane,ccabanec9@whitehouse.gov,Genderfluid,125.131.111.156
443,Valery,Paladino,vpaladinoca@cornell.edu,Non-binary,181.52.175.126
444,Sumner,Fairbrass,sfairbrasscb@google.com.hk,Polygender,221.57.87.31
445,Bessy,Eisenberg,beisenbergcc@cbc.ca,Polygender,86.95.124.246
446,Kittie,Matijevic,kmatijeviccd@netlog.com,Polygender,133.86.219.16
447,Gregoire,Eccleston,gecclestonce@disqus.com,Bigender,140.213.165.254
448,Maxi,Meineken,mmeinekencf@chronoengine.com,Non-binary,147.224.15.250
449,Gael,Longmore,glongmorecg@cnn.com,Genderqueer,36.82.240.230
450,Lindsay,Agott,lagottch@cisco.com,Genderfluid,101.38.9.63
451,Constantine,Bills,cbillsci@ycombinator.com,Agender,139.227.255.165
452,Deanna,Stone Fewings,dstonefewingscj@who.int,Genderfluid,208.16.55.164
453,Georgeanne,Vitall,gvitallck@discuz.net,Male,17.57.234.199
454,Demeter,Snawden,dsnawdencl@fda.gov,Agender,195.87.109.203
455,Babb,Bartoszewicz,bbartoszewiczcm@symantec.com,Genderqueer,222.99.42.174
456,Alexandros,Brotherton,abrothertoncn@qq.com,Male,117.174.179.239
457,Tamma,Nornasell,tnornasellco@constantcontact.com,Male,210.100.101.107
458,Georgy,Goodchild,ggoodchildcp@moonfruit.com,Male,254.251.223.174
459,Berthe,Hagstone,bhagstonecq@163.com,Genderfluid,160.131.70.148
460,Rois,McKerley,rmckerleycr@mysql.com,Male,132.55.206.88
461,Jesus,Richel,jrichelcs@wikia.com,Genderfluid,172.106.168.30
462,Lawrence,Flanne,lflannect@jalbum.net,Genderqueer,10.89.71.177
463,Anthea,Frounks,afrounkscu@scientificamerican.com,Polygender,180.223.210.108
464,Roselle,Marquiss,rmarquisscv@wikimedia.org,Genderfluid,209.77.37.57
465,Renard,Prescot,rprescotcw@webnode.com,Agender,251.192.250.239
466,Erastus,Spaldin,espaldincx@naver.com,Male,137.26.192.29
467,Gunar,Culverhouse,gculverhousecy@t-online.de,Non-binary,70.68.169.59
468,Sadye,Burrill,sburrillcz@themeforest.net,Male,84.32.99.160
469,Cordie,Kershow,ckershowd0@newsvine.com,Polygender,164.42.190.132
470,Donnie,Zannotti,dzannottid1@xrea.com,Polygender,163.224.82.6
471,Talia,Leggan,tleggand2@bbb.org,Female,201.129.109.73
472,Tonye,Frape,tfraped3@people.com.cn,Bigender,185.171.208.237
473,Alleen,Cunradi,acunradid4@tiny.cc,Female,106.41.103.12
474,Gabriel,Martusov,gmartusovd5@kickstarter.com,Polygender,12.192.144.116
475,Consuela,Rivelon,crivelond6@purevolume.com,Agender,150.159.7.173
476,Irving,Bottrell,ibottrelld7@php.net,Male,70.4.241.138
477,Seth,Marrison,smarrisond8@engadget.com,Female,25.103.244.137
478,Francoise,Wavell,fwavelld9@dot.gov,Female,237.29.110.94
479,Dalston,Jeannaud,djeannaudda@friendfeed.com,Agender,45.139.230.248
480,Hal,Koeppe,hkoeppedb@live.com,Male,183.217.188.142
481,Nicko,Rabb,nrabbdc@thetimes.co.uk,Female,90.189.227.225
482,Gladi,Venus,gvenusdd@eepurl.com,Genderqueer,93.26.198.26
483,Wyatan,Caton,wcatonde@stumbleupon.com,Polygender,164.91.208.102
484,Jada,Hauxley,jhauxleydf@arstechnica.com,Polygender,129.93.89.141
485,Clarance,Adamovsky,cadamovskydg@time.com,Genderfluid,254.6.233.129
486,Kevina,Pellamonuten,kpellamonutendh@e-recht24.de,Male,85.62.97.9
487,Cosetta,Camoys,ccamoysdi@ted.com,Male,54.98.92.84
488,Kamila,Byneth,kbynethdj@php.net,Agender,238.86.100.93
489,Fredia,Kaye,fkayedk@tumblr.com,Male,156.37.162.251
490,Laughton,Trickey,ltrickeydl@xing.com,Genderqueer,177.30.237.19
491,Geoffrey,Bert,gbertdm@blogs.com,Polygender,189.111.110.66
492,Way,Solly,wsollydn@gravatar.com,Bigender,55.50.192.90
493,Doria,Strudwick,dstrudwickdo@wordpress.com,Polygender,177.191.232.117
494,Filmore,Yurchishin,fyurchishindp@abc.net.au,Female,117.156.151.110
495,Egon,MacConnulty,emacconnultydq@utexas.edu,Polygender,98.105.186.73
496,Branden,Beetles,bbeetlesdr@scribd.com,Genderfluid,52.127.100.195
497,Jamesy,Benne,jbenneds@ning.com,Female,129.58.224.30
498,Annecorinne,Barrows,abarrowsdt@mayoclinic.com,Agender,247.225.176.6
499,Saree,Hothersall,shothersalldu@census.gov,Polygender,6.25.252.125
500,Donna,Delahunt,ddelahuntdv@parallels.com,Polygender,108.190.194.189
501,Domenic,Meece,dmeecedw@wordpress.org,Agender,135.25.228.118
502,Bev,Kenneway,bkennewaydx@cnet.com,Polygender,132.39.138.129
503,Marianna,Louch,mlouchdy@abc.net.au,Non-binary,199.181.105.9
504,Johann,Slemming,jslemmingdz@columbia.edu,Female,17.10.143.184
505,Alan,Allsepp,aallseppe0@mail.ru,Genderfluid,233.254.250.48
506,Isabel,Brunroth,ibrunrothe1@marriott.com,Non-binary,114.87.247.249
507,Guendolen,Blunn,gblunne2@yellowbook.com,Female,107.255.134.156
508,Skye,Atwill,satwille3@imdb.com,Non-binary,38.227.127.191
509,Cathryn,Read,creade4@delicious.com,Non-binary,80.130.23.155
510,Bary,Asplin,baspline5@php.net,Polygender,198.115.16.21
511,Vasili,Krale,vkralee6@nih.gov,Male,33.151.246.12
512,Sherwood,Stroban,sstrobane7@indiegogo.com,Genderqueer,202.159.11.209
513,Patrice,Petschelt,ppetschelte8@studiopress.com,Genderfluid,59.48.8.144
514,Ophelie,Robeiro,orobeiroe9@vk.com,Genderfluid,186.103.67.61
515,Gannon,Bockings,gbockingsea@yolasite.com,Genderqueer,240.135.228.229
516,Inness,Grisbrook,igrisbrookeb@quantcast.com,Genderfluid,55.153.155.2
517,Gordan,Pietrusiak,gpietrusiakec@msn.com,Genderfluid,124.144.100.73
518,Emily,Ellard,eellarded@tripod.com,Genderqueer,207.138.106.73
519,Elga,Caddock,ecaddockee@deviantart.com,Agender,177.254.199.215
520,Jenica,Idel,jidelef@ucoz.com,Female,60.129.29.189
521,Arlette,Yesinov,ayesinoveg@digg.com,Bigender,71.184.128.23
522,Brigitte,Itzakson,bitzaksoneh@blogspot.com,Non-binary,117.134.159.20
523,Julina,Hinkley,jhinkleyei@weibo.com,Genderqueer,111.139.182.164
524,Dedie,Eye,deyeej@thetimes.co.uk,Female,217.95.191.1
525,Culver,Jaqueminet,cjaqueminetek@devhub.com,Non-binary,195.201.191.15
526,Wyn,Hise,whiseel@google.nl,Male,8.26.58.58
527,Dawna,Ghost,dghostem@sourceforge.net,Genderfluid,76.212.71.211
528,Ram,Serrurier,rserrurieren@pen.io,Genderqueer,207.113.191.52
529,Emilie,Fencott,efencotteo@angelfire.com,Female,189.123.211.184
530,Karita,Whalley,kwhalleyep@multiply.com,Agender,125.168.127.57
531,Dolly,Purvess,dpurvesseq@msu.edu,Polygender,58.27.108.36
532,Ezra,Durrell,edurreller@indiegogo.com,Female,184.181.250.90
533,Minetta,Botwood,mbotwoodes@1688.com,Genderfluid,67.10.139.206
534,Guenevere,Gawith,ggawithet@oakley.com,Female,164.195.89.106
535,Dory,Coskerry,dcoskerryeu@google.com.br,Non-binary,198.207.159.64
536,Katerina,Bilsland,kbilslandev@dot.gov,Female,171.15.97.25
537,Allix,Tarpey,atarpeyew@skyrock.com,Bigender,217.145.220.81
538,Katherina,Seniour,kseniourex@ucla.edu,Male,139.46.227.89
539,Haily,Krolak,hkrolakey@amazon.co.jp,Female,214.102.147.219
540,Francoise,Kunisch,fkunischez@furl.net,Female,255.140.173.204
541,Danice,Tunno,dtunnof0@printfriendly.com,Genderfluid,210.141.34.102
542,Misha,Neilly,mneillyf1@squidoo.com,Genderqueer,152.96.180.57
543,Zandra,Samudio,zsamudiof2@archive.org,Bigender,12.63.133.40
544,Timi,Wickmann,twickmannf3@goo.gl,Non-binary,152.154.77.198
545,Debor,Deftie,ddeftief4@people.com.cn,Polygender,57.18.44.206
546,Agna,Graham,agrahamf5@theatlantic.com,Polygender,60.194.95.100
547,Terese,Joppich,tjoppichf6@instagram.com,Bigender,7.199.253.108
548,Zeke,Torel,ztorelf7@tiny.cc,Bigender,166.220.202.88
549,Cobbie,Godlip,cgodlipf8@hp.com,Polygender,15.100.85.3
550,Andi,Wicks,awicksf9@issuu.com,Genderqueer,190.103.238.200
551,Lodovico,Pierse,lpiersefa@privacy.gov.au,Non-binary,207.12.150.91
552,Estevan,Leworthy,eleworthyfb@hibu.com,Bigender,74.94.227.28
553,Rutledge,Antoniazzi,rantoniazzifc@yale.edu,Male,45.25.66.235
554,Leanna,Ashness,lashnessfd@shop-pro.jp,Polygender,176.218.101.188
555,Beulah,Mingaud,bmingaudfe@purevolume.com,Genderfluid,59.17.179.210
556,Sven,Landor,slandorff@samsung.com,Genderqueer,13.16.56.168
557,Friedrick,Mollin,fmollinfg@qq.com,Agender,148.93.188.182
558,Dody,Jorn,djornfh@purevolume.com,Genderfluid,192.118.113.113
559,Bartholomew,Feore,bfeorefi@mysql.com,Bigender,66.7.167.160
560,Maighdiln,Papaccio,mpapacciofj@nature.com,Polygender,32.93.87.0
561,Tandi,Calverley,tcalverleyfk@dmoz.org,Genderqueer,246.156.251.247
562,Nicola,Carriage,ncarriagefl@comcast.net,Polygender,227.104.252.227
563,Ottilie,Todhunter,otodhunterfm@ow.ly,Genderfluid,61.251.1.43
564,Charmane,Fridaye,cfridayefn@pcworld.com,Female,221.232.231.82
565,Hali,Feaveer,hfeaveerfo@twitpic.com,Non-binary,122.98.215.68
566,Liz,Ghidetti,lghidettifp@ezinearticles.com,Non-binary,241.103.11.44
567,Lucho,Havock,lhavockfq@harvard.edu,Bigender,8.205.143.143
568,Adel,Paxton,apaxtonfr@godaddy.com,Female,248.133.46.51
569,Nikos,Avramchik,navramchikfs@trellian.com,Polygender,57.42.121.189
570,Mead,Trenear,mtrenearft@creativecommons.org,Genderfluid,57.213.203.164
571,Lorenza,Fihelly,lfihellyfu@godaddy.com,Male,168.253.64.11
572,Jessamine,McGinn,jmcginnfv@upenn.edu,Non-binary,19.11.208.96
573,Corella,Missenden,cmissendenfw@amazon.co.jp,Agender,45.194.244.103
574,Yulma,Meneghelli,ymeneghellifx@flavors.me,Polygender,13.196.137.96
575,Kristofor,Riddett,kriddettfy@paypal.com,Genderfluid,98.33.192.119
576,Almire,Blewitt,ablewittfz@drupal.org,Non-binary,222.20.160.107
577,Darline,Firle,dfirleg0@engadget.com,Agender,176.146.10.211
578,Roanna,Applebee,rapplebeeg1@ebay.com,Genderqueer,68.102.150.135
579,Durante,Aldgate,daldgateg2@skyrock.com,Female,56.114.185.121
580,Pebrook,Wynch,pwynchg3@globo.com,Female,245.200.167.94
581,Leigh,Letessier,lletessierg4@yandex.ru,Bigender,176.139.218.254
582,Renae,Kirk,rkirkg5@live.com,Genderfluid,178.53.71.25
583,Dorris,Arkell,darkellg6@mail.ru,Genderqueer,6.82.78.238
584,Ludwig,Lilbourne,llilbourneg7@mail.ru,Female,62.236.242.11
585,Sharai,Aiken,saikeng8@reference.com,Genderfluid,251.187.159.165
586,Taddeusz,Rummin,trumming9@adobe.com,Agender,129.154.117.52
587,Rea,Velez,rvelezga@ameblo.jp,Non-binary,12.193.6.242
588,Carolin,Inde,cindegb@tinyurl.com,Genderfluid,175.105.108.214
589,Berget,Snyder,bsnydergc@tripadvisor.com,Polygender,5.113.118.227
590,Georgeanne,Stanyon,gstanyongd@weebly.com,Genderfluid,38.114.122.211
591,Herve,Burdoun,hburdounge@digg.com,Female,190.182.180.155
592,Alaster,Yukhnev,ayukhnevgf@mashable.com,Polygender,243.98.245.114
593,Roma,Sich,rsichgg@marriott.com,Female,198.136.93.111
594,Jackelyn,O'Sharkey,josharkeygh@tinyurl.com,Genderqueer,95.191.181.82
595,Carlie,Howsden,chowsdengi@huffingtonpost.com,Male,192.85.56.103
596,Ladonna,O'Brian,lobriangj@de.vu,Male,189.183.21.231
597,Ephraim,Wathen,ewathengk@discovery.com,Genderfluid,112.204.87.26
598,Ruy,Patrie,rpatriegl@bravesites.com,Genderfluid,39.237.185.195
599,Georgetta,Emons,gemonsgm@skyrock.com,Agender,77.178.161.116
600,Travis,Borg-Bartolo,tborgbartologn@cbc.ca,Genderfluid,71.86.7.49
601,Ebenezer,Kenefick,ekenefickgo@icq.com,Polygender,136.71.69.14
602,Phaidra,Berkelay,pberkelaygp@uiuc.edu,Genderqueer,131.132.134.172
603,Kristine,Tyas,ktyasgq@reddit.com,Genderqueer,55.34.85.5
604,Reinaldos,Dragoe,rdragoegr@nhs.uk,Male,45.185.34.92
605,Frans,Doxsey,fdoxseygs@joomla.org,Female,57.89.84.229
606,Coletta,Lyles,clylesgt@patch.com,Male,42.32.158.92
607,Pascal,Ragless,praglessgu@abc.net.au,Genderfluid,40.184.114.117
608,Ludvig,Bolte,lboltegv@accuweather.com,Non-binary,137.154.130.245
609,Grace,Kaman,gkamangw@mozilla.com,Genderqueer,131.39.40.15
610,Alwin,De Pietri,adepietrigx@booking.com,Genderqueer,143.38.69.194
611,Jasmin,Caccavari,jcaccavarigy@forbes.com,Male,25.62.202.194
612,Kelcey,Shoulders,kshouldersgz@instagram.com,Genderqueer,39.169.167.48
613,Dewitt,Sefton,dseftonh0@mayoclinic.com,Polygender,78.179.115.174
614,Ketti,Halladey,khalladeyh1@elegantthemes.com,Male,69.122.117.173
615,Gusti,Nisen,gnisenh2@barnesandnoble.com,Agender,115.70.13.248
616,Hi,Flag,hflagh3@answers.com,Genderqueer,69.182.239.210
617,Chantalle,Jeannenet,cjeanneneth4@smugmug.com,Bigender,102.107.223.173
618,Stoddard,Tatnell,statnellh5@fda.gov,Non-binary,214.90.233.48
619,Dag,Callery,dcalleryh6@boston.com,Agender,41.103.35.129
620,Horatio,Mundle,hmundleh7@discuz.net,Female,131.189.152.222
621,Rayshell,Camidge,rcamidgeh8@nytimes.com,Polygender,111.166.242.167
622,Thayne,Thurner,tthurnerh9@europa.eu,Non-binary,98.188.118.75
623,Gavin,Snelle,gsnelleha@businesswire.com,Bigender,27.247.91.49
624,Alia,Hurles,ahurleshb@live.com,Agender,152.48.55.25
625,Caspar,Cathel,ccathelhc@yandex.ru,Agender,123.208.245.102
626,Christoper,Amott,camotthd@wordpress.org,Polygender,51.128.202.195
627,Jacquelyn,Caplan,jcaplanhe@cdbaby.com,Genderqueer,130.174.31.93
628,Veronika,Eke,vekehf@illinois.edu,Female,58.218.30.66
629,Rancell,Chilles,rchilleshg@com.com,Non-binary,122.82.240.194
630,Hal,Danielis,hdanielishh@dagondesign.com,Genderfluid,247.35.162.79
631,Rudie,Sowle,rsowlehi@pcworld.com,Agender,128.11.226.1
632,Thorstein,Benstead,tbensteadhj@dagondesign.com,Female,190.28.56.21
633,Wynn,Enterlein,wenterleinhk@yolasite.com,Polygender,222.246.106.248
634,Putnam,Cranch,pcranchhl@last.fm,Agender,151.125.52.10
635,Dalis,Wedlake,dwedlakehm@samsung.com,Non-binary,103.18.231.249
636,Towny,Aikman,taikmanhn@woothemes.com,Genderqueer,74.24.159.49
637,Claretta,Kingcote,ckingcoteho@cmu.edu,Polygender,188.220.210.204
638,Sallyann,Attride,sattridehp@state.tx.us,Genderqueer,0.150.89.145
639,Ethelda,Forsyde,eforsydehq@cnn.com,Agender,29.210.122.129
640,Alessandra,Collihole,acolliholehr@pen.io,Genderqueer,29.70.41.184
641,Ginger,Stenet,gsteneths@mit.edu,Polygender,225.11.89.126
642,Sindee,Borgars,sborgarsht@unc.edu,Female,150.24.154.16
643,Chrissy,Piel,cpielhu@nature.com,Bigender,29.47.253.186
644,Blondie,Kastel,bkastelhv@printfriendly.com,Bigender,78.176.73.136
645,Mikol,Murcutt,mmurcutthw@instagram.com,Genderqueer,182.41.252.2
646,Denney,Denacamp,ddenacamphx@wordpress.com,Agender,134.88.145.188
647,Annmaria,Craft,acrafthy@godaddy.com,Genderqueer,42.122.145.98
648,Josie,Goering,jgoeringhz@reference.com,Genderqueer,212.171.127.37
649,Abagail,Godar,agodari0@baidu.com,Agender,219.7.13.183
650,Kristi,Hablet,khableti1@nytimes.com,Genderfluid,10.230.239.243
651,Marilee,Probbin,mprobbini2@chicagotribune.com,Male,46.238.248.126
652,Godfree,Mackin,gmackini3@senate.gov,Agender,222.207.75.101
653,Gil,Savin,gsavini4@sfgate.com,Genderqueer,110.116.147.171
654,Fawn,Beretta,fberettai5@addthis.com,Female,145.83.216.38
655,Yulma,Annandale,yannandalei6@kickstarter.com,Bigender,53.245.135.136
656,Farrand,Lalor,flalori7@businessweek.com,Polygender,55.44.17.20
657,Luce,Rosenstiel,lrosenstieli8@pbs.org,Genderqueer,137.30.113.89
658,Vivian,Jolliman,vjollimani9@cpanel.net,Agender,245.41.84.162
659,Boyce,Vautier,bvautieria@blinklist.com,Non-binary,27.91.252.147
660,Whitman,Blaxeland,wblaxelandib@lulu.com,Female,61.7.225.72
661,Ingar,Loseke,ilosekeic@mac.com,Female,188.213.206.75
662,Kerby,Soffe,ksoffeid@paypal.com,Polygender,19.231.138.108
663,Kristine,Stace,kstaceie@upenn.edu,Male,144.19.195.70
664,Jethro,Cresswell,jcresswellif@accuweather.com,Agender,219.187.238.242
665,Barclay,Sunter,bsunterig@wikispaces.com,Agender,21.85.149.248
666,Penelopa,Sandys,psandysih@chronoengine.com,Bigender,175.214.159.234
667,Othelia,Strass,ostrassii@cisco.com,Bigender,115.140.14.198
668,Brenda,Matten,bmattenij@smugmug.com,Non-binary,79.55.38.28
669,Sioux,Gerin,sgerinik@hubpages.com,Genderqueer,8.110.182.89
670,Becka,Shotboulte,bshotboulteil@latimes.com,Female,101.250.125.123
671,Milty,Twitching,mtwitchingim@hugedomains.com,Polygender,137.150.171.205
672,Myrlene,Kuhwald,mkuhwaldin@tinypic.com,Non-binary,38.39.232.65
673,Angelita,Draisey,adraiseyio@miitbeian.gov.cn,Female,61.49.240.210
674,Godfrey,Spawton,gspawtonip@sakura.ne.jp,Female,177.86.240.6
675,Say,Asbury,sasburyiq@123-reg.co.uk,Genderqueer,118.250.68.148
676,Terra,Thornton-Dewhirst,tthorntondewhirstir@rambler.ru,Bigender,240.194.19.255
677,Jelene,Grewes,jgrewesis@cnbc.com,Bigender,68.79.24.109
678,Ira,Wyant,iwyantit@alexa.com,Genderqueer,71.38.148.175
679,Lorry,Kemer,lkemeriu@mit.edu,Non-binary,219.47.155.125
680,Jeff,Seller,jselleriv@reuters.com,Agender,182.133.18.248
681,Kent,Renard,krenardiw@newsvine.com,Polygender,0.221.215.242
682,Jemimah,Sisselot,jsisselotix@telegraph.co.uk,Male,205.100.131.168
683,Martina,Oldacres,moldacresiy@sogou.com,Genderqueer,193.11.246.157
684,Gorden,Jacobson,gjacobsoniz@people.com.cn,Male,133.10.77.1
685,Gaylene,Ingyon,gingyonj0@timesonline.co.uk,Male,201.6.236.9
686,Anjanette,Etheredge,aetheredgej1@latimes.com,Genderfluid,233.38.253.68
687,Saree,Antrum,santrumj2@hao123.com,Male,150.39.16.47
688,Hadria,Murgatroyd,hmurgatroydj3@geocities.com,Bigender,189.247.12.57
689,Ber,Decker,bdeckerj4@fastcompany.com,Female,246.197.40.234
690,Catlee,Baudet,cbaudetj5@foxnews.com,Polygender,222.201.171.25
691,Ruthie,Simonelli,rsimonellij6@ovh.net,Male,6.245.79.28
692,Celie,McArt,cmcartj7@usnews.com,Genderfluid,31.228.244.0
693,Lucius,Heaton,lheatonj8@themeforest.net,Male,58.100.129.76
694,Jilly,Andrusov,jandrusovj9@51.la,Bigender,105.152.143.179
695,Ive,Georgeon,igeorgeonja@tiny.cc,Polygender,150.70.35.10
696,Tuck,Heggs,theggsjb@wikipedia.org,Male,222.161.106.149
697,Darb,Scudamore,dscudamorejc@angelfire.com,Non-binary,55.147.74.204
698,Simona,Tesauro,stesaurojd@indiatimes.com,Bigender,203.33.97.63
699,Florida,Deek,fdeekje@springer.com,Polygender,156.119.13.255
700,Olly,Croxford,ocroxfordjf@bing.com,Polygender,104.121.9.40
701,Brianna,MacMichael,bmacmichaeljg@ucoz.ru,Bigender,84.217.109.26
702,Herold,Stonebanks,hstonebanksjh@themeforest.net,Agender,58.61.64.173
703,Jone,Moorhead,jmoorheadji@squidoo.com,Agender,205.77.218.226
704,Lona,Thornebarrow,lthornebarrowjj@istockphoto.com,Polygender,28.238.91.22
705,Timofei,Jonuzi,tjonuzijk@netlog.com,Genderqueer,72.3.126.73
706,Shadow,Bonass,sbonassjl@imdb.com,Non-binary,163.169.130.234
707,Agna,Shewen,ashewenjm@bloglines.com,Female,167.199.87.168
708,Darbie,Clee,dcleejn@mail.ru,Genderfluid,20.44.211.213
709,Alfred,Matuskiewicz,amatuskiewiczjo@nymag.com,Bigender,102.97.17.5
710,Lezlie,Thynne,lthynnejp@joomla.org,Female,66.135.84.162
711,Tammie,Labroue,tlabrouejq@aol.com,Genderqueer,254.189.19.92
712,Lanna,Scarrisbrick,lscarrisbrickjr@bloomberg.com,Genderfluid,142.205.221.244
713,Darb,Leyban,dleybanjs@1und1.de,Bigender,189.205.104.232
714,Arlana,Grinnell,agrinnelljt@thetimes.co.uk,Male,125.6.47.50
715,Veronica,Burgise,vburgiseju@discuz.net,Genderfluid,56.78.103.196
716,Hastings,Humbatch,hhumbatchjv@tripadvisor.com,Non-binary,77.109.24.45
717,Cathy,Brussels,cbrusselsjw@github.io,Polygender,252.178.196.107
718,Jaclin,McCarroll,jmccarrolljx@theguardian.com,Genderfluid,0.227.101.50
719,Bernardina,Zoren,bzorenjy@independent.co.uk,Genderqueer,81.222.173.81
720,Blondell,Yukhnev,byukhnevjz@narod.ru,Polygender,151.21.69.95
721,Sibylle,Paolillo,spaolillok0@google.ca,Genderfluid,95.154.62.228
722,Fay,Ambrogelli,fambrogellik1@adobe.com,Polygender,174.152.238.110
723,Richart,Fort,rfortk2@army.mil,Genderfluid,236.248.116.37
724,Celeste,Vasyunkin,cvasyunkink3@cpanel.net,Male,113.73.107.56
725,Donnie,Graber,dgraberk4@yellowpages.com,Female,55.168.253.33
726,Hewitt,Peasegod,hpeasegodk5@jiathis.com,Bigender,216.46.215.130
727,Kassey,Leathlay,kleathlayk6@hibu.com,Non-binary,201.243.45.206
728,Ossie,Gilgryst,ogilgrystk7@cdc.gov,Non-binary,245.2.29.3
729,Bellina,Yanne,byannek8@cargocollective.com,Polygender,12.60.87.193
730,Horton,Androck,handrockk9@mediafire.com,Genderqueer,150.153.122.167
731,Carmelina,Norcott,cnorcottka@pagesperso-orange.fr,Male,18.50.85.142
732,Georgine,Littlefield,glittlefieldkb@cpanel.net,Genderqueer,134.169.68.120
733,Pandora,Anwell,panwellkc@sphinn.com,Agender,12.226.135.66
734,Whitaker,Sloane,wsloanekd@so-net.ne.jp,Polygender,166.97.11.169
735,Thaine,Ruffell,truffellke@vimeo.com,Agender,57.119.71.112
736,Bessie,Gurdon,bgurdonkf@rambler.ru,Agender,80.55.255.233
737,Brody,Withull,bwithullkg@slashdot.org,Non-binary,158.231.232.239
738,Moises,Petts,mpettskh@smh.com.au,Male,115.162.96.210
739,Chadd,McCoy,cmccoyki@sitemeter.com,Non-binary,33.59.34.38
740,Roby,Sidworth,rsidworthkj@de.vu,Genderqueer,54.19.176.169
741,Waly,Rutland,wrutlandkk@cam.ac.uk,Male,109.138.78.193
742,Odessa,Callaway,ocallawaykl@guardian.co.uk,Male,188.196.227.210
743,Arlene,Scarrisbrick,ascarrisbrickkm@ibm.com,Genderfluid,17.215.227.155
744,Davis,Taye,dtayekn@qq.com,Female,123.108.129.103
745,Yehudi,Beste,ybesteko@harvard.edu,Polygender,138.219.240.227
746,Faustine,Mateo,fmateokp@time.com,Non-binary,78.46.43.23
747,Carlynn,Brucker,cbruckerkq@ibm.com,Non-binary,62.140.205.24
748,Asia,Gorick,agorickkr@imageshack.us,Polygender,17.108.37.240
749,Bendix,Huskinson,bhuskinsonks@xing.com,Polygender,153.163.38.145
750,Charin,Florez,cflorezkt@infoseek.co.jp,Genderfluid,246.167.222.2
751,Torr,Conway,tconwayku@ucsd.edu,Genderqueer,168.231.221.230
752,Jacquie,Gibben,jgibbenkv@ycombinator.com,Female,170.147.175.32
753,Clair,Cawkwell,ccawkwellkw@cdc.gov,Non-binary,156.5.95.211
754,Celestina,Havercroft,chavercroftkx@thetimes.co.uk,Genderfluid,245.5.198.36
755,Ricca,Aizikovitz,raizikovitzky@washingtonpost.com,Polygender,208.81.26.165
756,Sibby,Falla,sfallakz@g.co,Bigender,210.72.142.211
757,Tye,Ickovits,tickovitsl0@irs.gov,Genderfluid,240.30.94.112
758,Gisele,Pauncefoot,gpauncefootl1@npr.org,Female,40.203.113.44
759,Hartley,Astill,hastilll2@usgs.gov,Agender,239.122.150.141
760,Thorn,Wharrier,twharrierl3@ted.com,Polygender,65.213.94.153
761,Kalie,Mallender,kmallenderl4@ucoz.ru,Male,205.234.247.155
762,Moira,Hearne,mhearnel5@networkadvertising.org,Female,150.21.103.136
763,Corene,Yanshonok,cyanshonokl6@nyu.edu,Genderqueer,226.146.78.105
764,Astrix,Towse,atowsel7@bbb.org,Agender,235.105.198.241
765,Fee,Goundry,fgoundryl8@harvard.edu,Non-binary,93.87.3.37
766,Rodie,Swannack,rswannackl9@ning.com,Genderqueer,92.241.208.50
767,Gawen,McDaid,gmcdaidla@microsoft.com,Bigender,13.112.49.128
768,Jillane,Bellay,jbellaylb@state.tx.us,Female,98.162.163.29
769,Crosby,Sleath,csleathlc@epa.gov,Genderfluid,29.36.41.132
770,Kerk,Trenholm,ktrenholmld@tinypic.com,Non-binary,6.233.145.115
771,Philbert,Westrey,pwestreyle@ustream.tv,Female,87.170.223.211
772,Melanie,Penna,mpennalf@soundcloud.com,Agender,228.163.173.186
773,Suellen,Middlemist,smiddlemistlg@storify.com,Bigender,17.240.239.124
774,Tabbi,Latore,tlatorelh@tiny.cc,Genderqueer,19.157.61.49
775,Nollie,Sallinger,nsallingerli@trellian.com,Female,232.236.42.66
776,Ambrosio,Brunker,abrunkerlj@angelfire.com,Polygender,47.208.32.174
777,Arch,Shwalbe,ashwalbelk@digg.com,Bigender,46.140.70.137
778,Vinnie,McGowing,vmcgowingll@bizjournals.com,Female,59.40.230.156
779,Elspeth,Dafter,edafterlm@live.com,Agender,93.21.47.160
780,Lutero,Kyngdon,lkyngdonln@pcworld.com,Polygender,149.190.159.43
781,Nadean,Hazzard,nhazzardlo@seattletimes.com,Genderqueer,130.168.44.77
782,Beryl,Cammocke,bcammockelp@simplemachines.org,Polygender,219.192.49.235
783,Markus,Laverenz,mlaverenzlq@utexas.edu,Agender,186.217.50.234
784,Bert,Ceeley,bceeleylr@wired.com,Genderfluid,31.9.163.222
785,Tori,Shillaker,tshillakerls@blogspot.com,Genderqueer,192.171.152.156
786,Debi,Gussie,dgussielt@wired.com,Genderqueer,8.175.215.60
787,Renard,Coch,rcochlu@miibeian.gov.cn,Agender,86.115.21.31
788,Ambrosio,Goodall,agoodalllv@cbc.ca,Agender,206.17.157.199
789,Hali,Bone,hbonelw@adobe.com,Genderfluid,33.70.112.97
790,Esra,Merrisson,emerrissonlx@washingtonpost.com,Non-binary,130.219.103.201
791,Kippy,Lukianovich,klukianovichly@newsvine.com,Polygender,28.142.27.99
792,Marieann,Offa,moffalz@twitpic.com,Female,19.222.25.189
793,Eddie,Hardwin,ehardwinm0@over-blog.com,Genderqueer,26.226.190.17
794,Bevon,Lutas,blutasm1@tmall.com,Non-binary,47.225.74.169
795,Aurthur,Gillet,agilletm2@indiegogo.com,Male,161.149.216.133
796,Gan,Eccleshall,geccleshallm3@reference.com,Genderqueer,52.68.56.171
797,Rafael,Fincher,rfincherm4@sakura.ne.jp,Agender,104.6.213.132
798,Leicester,Bruckman,lbruckmanm5@yahoo.co.jp,Polygender,75.188.25.208
799,Cole,Still,cstillm6@dot.gov,Male,5.237.250.196
800,Breena,Elias,beliasm7@over-blog.com,Bigender,224.44.26.251
801,Nonnah,Ranald,nranaldm8@apache.org,Genderfluid,7.219.84.157
802,April,Huddles,ahuddlesm9@unesco.org,Bigender,196.202.188.134
803,Wilmar,Verrell,wverrellma@nifty.com,Agender,89.82.230.96
804,Prudy,Runchman,prunchmanmb@jimdo.com,Non-binary,225.144.190.8
805,Romona,Marrison,rmarrisonmc@jimdo.com,Female,74.183.3.93
806,Aliza,Oventon,aoventonmd@about.me,Polygender,249.41.148.100
807,Prinz,Lafford,plaffordme@geocities.com,Bigender,247.163.157.66
808,Olive,Coburn,ocoburnmf@webeden.co.uk,Female,228.238.124.250
809,Jean,Rist,jristmg@hibu.com,Bigender,57.228.136.81
810,Chico,Munnion,cmunnionmh@cdbaby.com,Polygender,147.188.104.81
811,Drucie,Cominoli,dcominolimi@deviantart.com,Agender,227.68.106.181
812,Idalia,Whitsey,iwhitseymj@patch.com,Polygender,206.106.242.211
813,Melisent,Athelstan,mathelstanmk@digg.com,Non-binary,72.95.91.186
814,Kerianne,Linwood,klinwoodml@boston.com,Bigender,132.162.173.216
815,Jaine,Matysik,jmatysikmm@multiply.com,Male,62.222.75.82
816,Lucian,Leehane,lleehanemn@opera.com,Non-binary,35.44.76.131
817,Eda,Waliszek,ewaliszekmo@smugmug.com,Non-binary,151.134.245.116
818,Gregoire,Turbayne,gturbaynemp@java.com,Female,140.29.110.227
819,Margie,Kinnerk,mkinnerkmq@delicious.com,Female,9.27.165.74
820,Saraann,Shearmur,sshearmurmr@homestead.com,Female,42.176.223.31
821,Annamarie,Greatbanks,agreatbanksms@telegraph.co.uk,Non-binary,9.92.29.127
822,Andria,Bulloch,abullochmt@1688.com,Agender,150.175.152.14
823,Franky,MacTimpany,fmactimpanymu@goo.ne.jp,Male,41.126.92.184
824,Lilllie,Chessor,lchessormv@dmoz.org,Polygender,64.252.169.163
825,Shaine,Spyvye,sspyvyemw@bigcartel.com,Genderqueer,22.7.105.149
826,Clayton,Leipnik,cleipnikmx@nsw.gov.au,Genderqueer,243.212.126.192
827,Miriam,Kalinsky,mkalinskymy@studiopress.com,Polygender,234.118.235.230
828,Alleen,Seywood,aseywoodmz@epa.gov,Female,97.204.100.82
829,Pam,Kimbury,pkimburyn0@globo.com,Genderqueer,49.71.112.80
830,Gertrud,Dudgeon,gdudgeonn1@desdev.cn,Female,44.105.246.184
831,Alissa,Skotcher,askotchern2@statcounter.com,Female,243.191.72.74
832,Jere,Skerme,jskermen3@nymag.com,Agender,20.122.29.15
833,Morey,Wyant,mwyantn4@addtoany.com,Female,147.115.114.51
834,Sumner,Rangall,srangalln5@51.la,Non-binary,33.102.167.68
835,Henryetta,Ilyushkin,hilyushkinn6@lulu.com,Agender,104.16.34.71
836,Elle,Leng,elengn7@uol.com.br,Genderqueer,185.215.57.194
837,Oliy,Lowle,olowlen8@mac.com,Female,192.98.98.97
838,Huberto,Jollands,hjollandsn9@marriott.com,Genderfluid,45.149.164.104
839,Codi,Halhead,chalheadna@weather.com,Non-binary,26.103.9.114
840,Annelise,Brady,abradynb@dot.gov,Male,119.136.150.56
841,Mirabel,Skym,mskymnc@dell.com,Male,114.133.172.203
842,Kathi,Plante,kplantend@yandex.ru,Female,132.180.115.143
843,Tobie,Halburton,thalburtonne@forbes.com,Genderfluid,150.161.198.90
844,Ardeen,Habershon,ahabershonnf@statcounter.com,Bigender,111.35.13.47
845,Cathie,Crebo,ccrebong@people.com.cn,Male,82.241.135.50
846,Ellerey,Adamoli,eadamolinh@yellowbook.com,Agender,32.202.201.102
847,Wylma,Aslum,waslumni@dell.com,Female,185.87.60.213
848,Jarvis,D'Abbot-Doyle,jdabbotdoylenj@cocolog-nifty.com,Bigender,155.49.153.118
849,Finlay,MacRirie,fmacririenk@ebay.com,Polygender,12.115.72.55
850,Kaylil,Sore,ksorenl@columbia.edu,Male,70.195.193.187
851,Pammy,Francklin,pfrancklinnm@stanford.edu,Genderfluid,231.98.106.8
852,Gaile,Pinder,gpindernn@smh.com.au,Genderqueer,83.220.203.151
853,Ros,Sigward,rsigwardno@buzzfeed.com,Bigender,172.29.77.33
854,Karlik,Ends,kendsnp@cnbc.com,Female,248.155.85.96
855,Jessy,Bugden,jbugdennq@people.com.cn,Genderfluid,123.17.148.137
856,Abbie,Corona,acoronanr@ameblo.jp,Polygender,65.67.99.50
857,Wendel,Sparshatt,wsparshattns@shutterfly.com,Male,190.88.134.170
858,Ivor,Rudkin,irudkinnt@dell.com,Male,4.67.178.128
859,Dinnie,Hoffner,dhoffnernu@ycombinator.com,Agender,198.235.106.153
860,Dudley,Gillum,dgillumnv@miibeian.gov.cn,Bigender,80.234.210.163
861,Ravi,MacKellar,rmackellarnw@vimeo.com,Female,60.32.65.180
862,Miller,Readings,mreadingsnx@simplemachines.org,Female,170.202.23.248
863,Marty,Noone,mnooneny@deliciousdays.com,Genderfluid,245.180.208.15
864,Maritsa,Madders,mmaddersnz@slashdot.org,Genderfluid,172.36.206.129
865,Esme,Dorning,edorningo0@xrea.com,Polygender,23.52.83.202
866,Johannah,Vern,jverno1@amazonaws.com,Bigender,41.1.241.215
867,Drugi,Thornley,dthornleyo2@adobe.com,Polygender,53.242.158.130
868,Ulla,Di Angelo,udiangeloo3@mlb.com,Agender,173.169.69.249
869,Conroy,Lenham,clenhamo4@whitehouse.gov,Male,31.67.240.18
870,Anatollo,Huard,ahuardo5@about.com,Female,32.165.70.22
871,Alisun,Cargon,acargono6@mayoclinic.com,Genderqueer,221.177.219.7
872,Jerrome,Brewett,jbrewetto7@economist.com,Genderfluid,197.233.29.4
873,Neale,Novill,nnovillo8@tmall.com,Non-binary,83.26.188.82
874,Taddeo,Tixier,ttixiero9@ibm.com,Polygender,81.107.101.69
875,Danny,Chave,dchaveoa@shinystat.com,Bigender,65.124.185.177
876,Veradis,Merle,vmerleob@blog.com,Non-binary,54.133.56.211
877,Gavin,Lindeberg,glindebergoc@posterous.com,Agender,117.1.184.115
878,Theodor,Sleney,tsleneyod@sciencedirect.com,Agender,219.16.58.249
879,Georgianna,Streatfeild,gstreatfeildoe@studiopress.com,Agender,140.125.12.151
880,Frederique,Spino,fspinoof@bing.com,Genderfluid,195.176.134.85
881,Alberta,Molyneaux,amolyneauxog@hubpages.com,Agender,170.219.92.122
882,Ruby,Kilbey,rkilbeyoh@sciencedirect.com,Non-binary,167.127.104.104
883,Terese,Aylward,taylwardoi@wired.com,Agender,1.58.239.216
884,Tammy,Swatton,tswattonoj@loc.gov,Male,163.243.98.142
885,Ulberto,Plevey,upleveyok@utexas.edu,Agender,30.164.110.33
886,Margaret,Stitt,mstittol@pen.io,Polygender,61.191.215.205
887,Maiga,Layton,mlaytonom@cargocollective.com,Male,241.187.117.93
888,Susann,Zorn,szornon@squarespace.com,Polygender,42.22.5.191
889,Elonore,Mariotte,emariotteoo@flickr.com,Genderfluid,182.236.47.236
890,Elsy,Hovee,ehoveeop@spotify.com,Female,138.111.163.92
891,Mercie,Deniske,mdeniskeoq@delicious.com,Agender,19.96.253.148
892,Barton,Havick,bhavickor@merriam-webster.com,Genderqueer,220.143.6.0
893,Leonelle,Blencowe,lblencoweos@de.vu,Male,94.72.79.236
894,Kenon,Langforth,klangforthot@etsy.com,Female,56.173.153.182
895,Oliy,Warder,owarderou@i2i.jp,Genderqueer,68.79.3.130
896,Talya,Sweett,tsweettov@paypal.com,Genderfluid,169.87.213.154
897,Winifred,Briars,wbriarsow@hud.gov,Male,143.25.42.248
898,Brandice,Woollett,bwoollettox@yelp.com,Male,33.204.177.245
899,Cherey,Kattenhorn,ckattenhornoy@drupal.org,Male,26.216.223.80
900,Maryrose,Upstell,mupstelloz@msu.edu,Male,185.195.14.110
901,Flora,Gates,fgatesp0@shop-pro.jp,Female,203.124.79.45
902,Aurilia,Skally,askallyp1@va.gov,Female,94.81.177.39
903,Ermina,Haste,ehastep2@tiny.cc,Genderqueer,150.14.126.5
904,Max,Blondelle,mblondellep3@hc360.com,Male,125.43.157.220
905,Antonietta,McKeefry,amckeefryp4@e-recht24.de,Genderqueer,9.17.18.119
906,Tedd,Blais,tblaisp5@1688.com,Genderfluid,203.54.202.170
907,Rubina,Wiley,rwileyp6@uol.com.br,Agender,91.10.217.183
908,Barney,Hughill,bhughillp7@ocn.ne.jp,Agender,210.99.97.255
909,Eunice,Standeven,estandevenp8@europa.eu,Non-binary,85.42.3.52
910,Hillier,Topliss,htoplissp9@vkontakte.ru,Female,211.56.52.239
911,Bonnibelle,Mucklo,bmucklopa@google.com.au,Female,207.88.206.70
912,Julius,Tocher,jtocherpb@elpais.com,Non-binary,70.214.38.36
913,Cherish,Plenderleith,cplenderleithpc@seesaa.net,Non-binary,162.117.88.10
914,Eran,O'Lenechan,eolenechanpd@mit.edu,Male,169.186.53.61
915,Hester,Healks,hhealkspe@woothemes.com,Non-binary,77.12.175.146
916,Meg,Klyn,mklynpf@usnews.com,Polygender,182.181.70.71
917,Tova,Hallwell,thallwellpg@cnet.com,Female,132.185.244.232
918,Silvana,Jannex,sjannexph@economist.com,Genderfluid,139.203.34.130
919,Lettie,Mulrenan,lmulrenanpi@tiny.cc,Female,43.219.15.35
920,Adeline,Klementz,aklementzpj@live.com,Polygender,43.166.231.16
921,Irving,Ingilson,iingilsonpk@nih.gov,Agender,78.149.5.17
922,Mercy,Potapczuk,mpotapczukpl@stanford.edu,Bigender,42.13.51.181
923,Farrell,Van Oort,fvanoortpm@gmpg.org,Polygender,17.178.59.74
924,Bucky,Witcher,bwitcherpn@pcworld.com,Genderqueer,102.174.152.70
925,Adrien,Quernel,aquernelpo@blogspot.com,Female,175.225.66.255
926,Katherine,Burgwin,kburgwinpp@google.de,Female,96.177.240.248
927,Viole,Sleaford,vsleafordpq@disqus.com,Genderfluid,42.153.180.38
928,Horst,Haskett,hhaskettpr@goo.ne.jp,Non-binary,219.164.243.203
929,Marcella,Hollows,mhollowsps@amazon.de,Genderfluid,231.35.126.126
930,Hetty,Clancey,hclanceypt@disqus.com,Bigender,134.181.109.118
931,Lazarus,Boraston,lborastonpu@icio.us,Bigender,202.85.60.57
932,Alexia,Mesias,amesiaspv@google.nl,Female,144.27.248.146
933,Cornelia,Pipes,cpipespw@ucsd.edu,Genderqueer,124.94.178.146
934,Ward,Harvett,wharvettpx@studiopress.com,Genderfluid,7.160.154.168
935,Radcliffe,Ollett,rollettpy@foxnews.com,Bigender,113.6.27.91
936,Melicent,Poles,mpolespz@so-net.ne.jp,Genderqueer,127.239.118.211
937,Rivkah,Cardus,rcardusq0@sciencedaily.com,Male,114.228.255.112
938,Candace,Abrahamowitcz,cabrahamowitczq1@php.net,Non-binary,46.230.188.94
939,Lyon,Buddleigh,lbuddleighq2@tinyurl.com,Bigender,230.247.206.223
940,Blair,Caughey,bcaugheyq3@hao123.com,Polygender,119.89.223.170
941,Janene,Beran,jberanq4@feedburner.com,Non-binary,51.27.141.168
942,Rutger,Bridgement,rbridgementq5@usa.gov,Polygender,184.147.222.209
943,Domenico,Colbertson,dcolbertsonq6@stumbleupon.com,Polygender,208.215.229.35
944,Gregory,Fonzo,gfonzoq7@tiny.cc,Agender,215.146.100.154
945,Elroy,Le Clercq,eleclercqq8@csmonitor.com,Polygender,184.204.15.28
946,Chaddie,Bratten,cbrattenq9@washingtonpost.com,Agender,146.190.32.190
947,Thibaut,Kellitt,tkellittqa@usatoday.com,Genderfluid,156.98.217.159
948,Cristine,Faier,cfaierqb@taobao.com,Non-binary,78.192.187.189
949,Jasmine,Guierre,jguierreqc@dmoz.org,Polygender,52.179.90.91
950,Alex,Cherry Holme,acherryholmeqd@tumblr.com,Bigender,193.4.222.156
951,Malia,Rubinshtein,mrubinshteinqe@phpbb.com,Bigender,102.121.179.152
952,Matthew,Gilkes,mgilkesqf@cyberchimps.com,Bigender,157.137.123.11
953,Ives,Greated,igreatedqg@jiathis.com,Female,240.128.130.115
954,Drusilla,Abeau,dabeauqh@elpais.com,Genderfluid,19.208.45.12
955,Thalia,Tackett,ttackettqi@foxnews.com,Female,202.106.242.97
956,Ileana,Wellum,iwellumqj@shop-pro.jp,Agender,161.244.75.221
957,Rodolphe,Rubes,rrubesqk@sohu.com,Female,108.233.57.240
958,Herc,Sivior,hsiviorql@weather.com,Polygender,66.200.204.53
959,Raynard,McTear,rmctearqm@yandex.ru,Bigender,102.177.194.32
960,Curtice,Ladloe,cladloeqn@parallels.com,Genderfluid,205.254.165.166
961,Teresita,Van Waadenburg,tvanwaadenburgqo@patch.com,Polygender,52.162.98.254
962,Prescott,Machent,pmachentqp@loc.gov,Genderqueer,161.63.58.173
963,Guillema,Gordon-Giles,ggordongilesqq@scribd.com,Polygender,101.163.133.217
964,Allina,Allcoat,aallcoatqr@mysql.com,Male,81.244.25.250
965,Tiertza,Mackison,tmackisonqs@blogtalkradio.com,Genderqueer,218.230.101.102
966,Emilia,Ferreri,eferreriqt@ovh.net,Non-binary,16.97.185.168
967,Vasili,McComiskie,vmccomiskiequ@reddit.com,Polygender,223.56.48.55
968,Cleavland,Woolfenden,cwoolfendenqv@i2i.jp,Female,47.169.38.83
969,Rafaelita,Spinozzi,rspinozziqw@addtoany.com,Agender,64.167.229.158
970,Celka,Hiorn,chiornqx@posterous.com,Female,144.114.175.49
971,Joanie,Daines,jdainesqy@sourceforge.net,Non-binary,102.212.133.201
972,Maddy,Girke,mgirkeqz@alibaba.com,Genderfluid,181.154.172.230
973,Gordie,McKinless,gmckinlessr0@ameblo.jp,Polygender,246.69.206.178
974,Lind,Davids,ldavidsr1@dagondesign.com,Genderqueer,247.202.181.117
975,Dill,Aronovitz,daronovitzr2@plala.or.jp,Non-binary,121.44.214.38
976,Portie,Kulicke,pkulicker3@com.com,Genderqueer,9.98.78.186
977,Amery,Mitro,amitror4@360.cn,Polygender,131.90.230.15
978,Janifer,Haddington,jhaddingtonr5@sourceforge.net,Female,15.21.67.213
979,Granville,Viccars,gviccarsr6@shinystat.com,Genderqueer,29.187.118.58
980,Boyce,MacGiany,bmacgianyr7@biglobe.ne.jp,Genderqueer,195.157.89.200
981,Barnie,Davidov,bdavidovr8@bbb.org,Genderfluid,237.191.188.43
982,Meryl,Jeeks,mjeeksr9@squidoo.com,Female,68.3.45.14
983,Eli,Clayill,eclayillra@independent.co.uk,Bigender,1.124.61.45
984,Cyndia,Blainey,cblaineyrb@walmart.com,Polygender,182.64.96.102
985,Kym,Gilliland,kgillilandrc@jiathis.com,Bigender,142.152.73.153
986,Stanton,Boyat,sboyatrd@dyndns.org,Male,4.138.110.119
987,Shaylynn,Greenall,sgreenallre@creativecommons.org,Genderfluid,5.155.128.149
988,Tricia,Mayman,tmaymanrf@samsung.com,Genderqueer,206.101.0.114
989,Pate,Rodrigues,prodriguesrg@unc.edu,Non-binary,236.253.53.182
990,Merell,Edgeler,medgelerrh@google.com,Female,4.19.68.231
991,Chrotoem,Crang,ccrangri@de.vu,Male,237.126.163.125
992,Devland,O'Rudden,doruddenrj@nba.com,Polygender,248.72.68.12
993,Esther,Haymes,ehaymesrk@deviantart.com,Female,129.10.209.51
994,Romain,Sterman,rstermanrl@goodreads.com,Male,18.234.8.81
995,Renaud,Batistelli,rbatistellirm@parallels.com,Male,45.73.78.55
996,Agosto,Newband,anewbandrn@vkontakte.ru,Bigender,96.186.119.159
997,Willie,Ilbert,wilbertro@typepad.com,Female,128.180.112.217
998,Ervin,Ormiston,eormistonrp@tripod.com,Female,220.41.19.148
999,Jerrome,Kidby,jkidbyrq@statcounter.com,Agender,128.208.24.138
1000,Zachariah,Gummoe,zgummoerr@prlog.org,Female,136.143.64.85
