id,first_name,last_name,email,gender,ip_address
1,Durward,McCullagh,dmccullagh0@ft.com,Female,135.180.128.164
2,Trueman,Curphey,tcurphey1@ftc.gov,Male,20.125.14.23
3,Maggi,Malster,mmalster2@goo.ne.jp,Non-binary,196.42.105.204
4,Alec,Dami,adami3@unc.edu,Agender,149.66.178.143
5,Katy,Duckit,kduckit4@google.it,Genderqueer,150.65.166.80
6,Alfy,Ramshaw,aramshaw5@ucsd.edu,Polygender,24.144.236.152
7,Kingsley,Chalfont,kchalfont6@about.com,Genderqueer,206.188.154.168
8,Jehu,Cuff,jcuff7@slideshare.net,Non-binary,97.0.9.131
9,Aleta,Dwelley,adwelley8@dailymotion.com,Female,14.198.42.228
10,Gillan,Lisimore,glisimore9@accuweather.com,Genderqueer,137.183.156.105
11,Dalton,Gruszecki,dgruszeckia@huffingtonpost.com,Genderqueer,184.46.47.90
12,Randell,Seater,rseaterb@paginegialle.it,Agender,92.131.138.7
13,Reinhold,Kubecka,rkubeckac@google.com.au,Bigender,208.85.60.80
14,Travis,O'Flaverty,toflavertyd@paginegialle.it,Genderqueer,97.40.52.144
15,Muriel,Pardoe,mpardoee@cnet.com,Genderqueer,220.8.97.124
16,Galina,Baumadier,gbaumadierf@bloglovin.com,Female,110.64.72.191
17,Chariot,Honacker,chonackerg@ucoz.ru,Female,147.255.151.71
18,Pincas,Steeples,psteeplesh@gov.uk,Non-binary,198.216.154.50
19,Earle,Posse,epossei@google.es,Bigender,114.245.125.113
20,Tait,Tailour,ttailourj@etsy.com,Genderfluid,229.157.49.240
21,Zach,Weepers,zweepersk@cnet.com,Non-binary,255.238.182.226
22,Arliene,Gibling,agiblingl@cnbc.com,Genderfluid,161.34.73.5
23,Ailene,Roads,aroadsm@google.co.uk,Male,252.125.155.47
24,Allina,Mullin,amullinn@godaddy.com,Agender,165.45.46.91
25,Judah,Blunsum,jblunsumo@jimdo.com,Polygender,188.106.205.227
26,Malynda,Jurasz,mjuraszp@cafepress.com,Agender,141.37.139.59
27,Caro,Puttergill,cputtergillq@miitbeian.gov.cn,Agender,142.97.88.180
28,Merissa,Dedham,mdedhamr@uiuc.edu,Male,28.107.185.181
29,Cahra,Gask,cgasks@theglobeandmail.com,Female,230.118.87.106
30,Godiva,Chipman,gchipmant@bluehost.com,Genderqueer,214.64.34.82
31,Ruthi,Gue,rgueu@blogs.com,Genderfluid,24.40.227.59
32,Danyette,Napthine,dnapthinev@ebay.co.uk,Female,126.114.161.45
33,Alva,Menego,amenegow@behance.net,Male,172.81.190.58
34,Lennie,Epps,leppsx@nsw.gov.au,Non-binary,85.144.80.233
35,Franchot,Houseman,fhousemany@livejournal.com,Bigender,255.145.211.105
36,Don,Skelbeck,dskelbeckz@4shared.com,Polygender,193.178.137.78
37,Hanny,Mountstephen,hmountstephen10@cpanel.net,Non-binary,167.57.171.198
38,Miran,Finey,mfiney11@dot.gov,Genderfluid,236.97.147.185
39,Reggie,Yorkston,ryorkston12@geocities.com,Agender,69.247.175.237
40,Tish,Maffezzoli,tmaffezzoli13@webnode.com,Genderqueer,210.234.55.230
41,Hamil,Walsham,hwalsham14@xrea.com,Male,74.113.249.39
42,Shayne,Donisi,sdonisi15@fotki.com,Bigender,83.87.248.59
43,Dex,Durrad,ddurrad16@qq.com,Genderqueer,24.219.114.225
44,Hilton,Cowitz,hcowitz17@intel.com,Polygender,227.6.87.39
45,Sophey,Leete,sleete18@creativecommons.org,Non-binary,217.131.5.63
46,Eli,Bener,ebener19@icio.us,Non-binary,66.132.99.107
47,Estrella,Meenan,emeenan1a@unc.edu,Genderfluid,201.101.197.189
48,Kareem,Whordley,kwhordley1b@hud.gov,Genderqueer,30.193.154.175
49,Sloan,Muncer,smuncer1c@noaa.gov,Male,30.204.38.169
50,Filip,Ginner,fginner1d@examiner.com,Polygender,231.215.147.178
51,Angie,Bartosik,abartosik1e@liveinternet.ru,Genderqueer,42.183.240.248
52,Frankie,McDill,fmcdill1f@yandex.ru,Genderfluid,247.110.169.214
53,Gene,Heggs,gheggs1g@drupal.org,Polygender,210.87.104.11
54,Kass,Faye,kfaye1h@odnoklassniki.ru,Male,211.157.122.207
55,Annaliese,Carse,acarse1i@seesaa.net,Bigender,178.150.152.251
56,Rubina,Scole,rscole1j@si.edu,Polygender,127.186.95.160
57,Domingo,Ghelerdini,dghelerdini1k@cloudflare.com,Bigender,177.40.180.204
58,Wendall,Aicheson,waicheson1l@cbsnews.com,Bigender,123.226.58.153
59,Umberto,Kirwin,ukirwin1m@seesaa.net,Male,159.120.183.166
60,Nananne,Twiname,ntwiname1n@patch.com,Agender,30.155.133.14
61,Lucie,Davley,ldavley1o@canalblog.com,Non-binary,250.185.76.233
62,Chaddie,Thynn,cthynn1p@github.io,Male,27.89.166.117
63,Shelby,Sinney,ssinney1q@mapquest.com,Non-binary,11.146.34.137
64,Elyn,Iveans,eiveans1r@tinyurl.com,Genderfluid,100.98.166.119
65,Lydie,Vasilechko,lvasilechko1s@loc.gov,Genderqueer,44.80.143.241
66,Kelly,Lorraine,klorraine1t@creativecommons.org,Genderfluid,227.175.214.57
67,Remington,Escalero,rescalero1u@geocities.com,Non-binary,208.36.230.196
68,Jessy,Trevillion,jtrevillion1v@harvard.edu,Agender,218.43.197.188
69,Jarret,Glenn,jglenn1w@cbsnews.com,Female,86.224.5.233
70,Shawnee,Hylands,shylands1x@sciencedaily.com,Female,239.73.20.52
71,Fran,Ojeda,fojeda1y@nhs.uk,Genderfluid,113.136.87.231
72,Brant,Titterington,btitterington1z@virginia.edu,Bigender,87.66.252.219
73,Kipp,Lorne,klorne20@google.cn,Female,199.40.125.140
74,Kamilah,Tooher,ktooher21@whitehouse.gov,Genderfluid,245.6.246.109
75,Zsazsa,Wyborn,zwyborn22@merriam-webster.com,Bigender,148.224.121.182
76,Isidoro,Fullalove,ifullalove23@usatoday.com,Polygender,202.114.196.162
77,Clarence,Deshorts,cdeshorts24@usda.gov,Genderfluid,41.202.97.138
78,Dniren,Coviello,dcoviello25@networkadvertising.org,Genderqueer,161.113.61.230
79,Christean,Kerans,ckerans26@clickbank.net,Agender,53.114.17.199
80,Ellynn,Keneford,ekeneford27@craigslist.org,Genderfluid,201.230.75.118
81,Neila,Dyhouse,ndyhouse28@dell.com,Genderfluid,254.4.157.229
82,Pooh,Hounsom,phounsom29@google.com.au,Polygender,220.141.205.204
83,Kesley,Okker,kokker2a@google.ca,Bigender,194.113.234.3
84,Terrence,Pagen,tpagen2b@quantcast.com,Agender,26.190.116.16
85,Dorey,Churchlow,dchurchlow2c@si.edu,Polygender,154.59.208.63
86,Eve,Cayzer,ecayzer2d@independent.co.uk,Agender,242.147.132.161
87,Whittaker,Sadlier,wsadlier2e@odnoklassniki.ru,Genderfluid,97.249.29.186
88,Elka,Noni,enoni2f@prweb.com,Agender,29.44.18.77
89,Redford,Brailsford,rbrailsford2g@flavors.me,Non-binary,177.189.0.124
90,Rebecca,Sprules,rsprules2h@state.gov,Bigender,236.175.58.24
91,Morie,Alexsandrov,malexsandrov2i@altervista.org,Bigender,7.247.46.45
92,Sascha,Nayer,snayer2j@nyu.edu,Bigender,238.144.121.134
93,Kerrill,Scargle,kscargle2k@jalbum.net,Polygender,172.27.40.255
94,Maxy,Brimelow,mbrimelow2l@flickr.com,Genderfluid,144.136.75.143
95,Virginie,Mosley,vmosley2m@ebay.co.uk,Genderqueer,246.26.38.64
96,Maia,Mahaddy,mmahaddy2n@upenn.edu,Agender,252.240.61.196
97,Anica,Redgrove,aredgrove2o@xrea.com,Female,163.86.15.190
98,Melvin,Flecknoe,mflecknoe2p@howstuffworks.com,Non-binary,46.62.160.50
99,Reynold,Dark,rdark2q@google.co.jp,Agender,10.153.54.87
100,Charlean,Stanley,cstanley2r@microsoft.com,Bigender,217.65.44.231
101,Tomaso,Foystone,tfoystone2s@list-manage.com,Genderqueer,154.2.120.66
102,Sibyl,Kleinschmidt,skleinschmidt2t@technorati.com,Bigender,44.181.170.202
103,Waldon,Tyndall,wtyndall2u@weibo.com,Male,228.139.226.20
104,Jayme,Van Dijk,jvandijk2v@adobe.com,Non-binary,189.71.242.93
105,Orella,Baine,obaine2w@jimdo.com,Male,120.85.17.224
106,Marjory,Carnilian,mcarnilian2x@zdnet.com,Male,197.200.118.172
107,Walliw,Bremmell,wbremmell2y@blogtalkradio.com,Genderqueer,237.92.94.147
108,Ricca,Castree,rcastree2z@reddit.com,Male,130.130.89.56
109,Sigfrid,Pasticznyk,spasticznyk30@studiopress.com,Agender,78.28.46.94
110,Felicdad,Bleeze,fbleeze31@apache.org,Genderqueer,108.49.166.37
111,Gerty,Manna,gmanna32@infoseek.co.jp,Genderfluid,104.227.254.89
112,Woodman,Vanyushin,wvanyushin33@vistaprint.com,Male,174.91.126.206
113,Creigh,Graine,cgraine34@msu.edu,Genderqueer,15.158.104.155
114,Luelle,Felce,lfelce35@howstuffworks.com,Polygender,0.236.244.102
115,Doralynne,Cruce,dcruce36@gnu.org,Polygender,87.56.184.43
116,Packston,Rijkeseis,prijkeseis37@newyorker.com,Non-binary,75.203.46.105
117,Leland,Dawkes,ldawkes38@salon.com,Polygender,4.94.42.215
118,Gus,Samsin,gsamsin39@dedecms.com,Non-binary,158.195.31.251
119,Wilhelmine,Sadlier,wsadlier3a@thetimes.co.uk,Male,119.212.47.54
120,Charlean,Karpov,ckarpov3b@mapquest.com,Non-binary,112.189.228.20
121,Loren,Gellett,lgellett3c@drupal.org,Male,247.67.28.210
122,Ronnica,Clousley,rclousley3d@weebly.com,Polygender,224.48.91.200
123,Diandra,Chittleburgh,dchittleburgh3e@state.gov,Agender,85.157.82.65
124,Kris,Dericut,kdericut3f@marriott.com,Genderfluid,33.173.253.198
125,Merrilee,Gethyn,mgethyn3g@netvibes.com,Non-binary,99.128.85.255
126,Minta,Badder,mbadder3h@ibm.com,Genderfluid,31.129.51.160
127,Amby,Sent,asent3i@booking.com,Female,141.129.28.65
128,Brendis,Jancey,bjancey3j@accuweather.com,Polygender,45.32.51.72
129,Merrielle,Jewell,mjewell3k@i2i.jp,Polygender,155.48.39.200
130,Gifford,Shatliffe,gshatliffe3l@youtube.com,Polygender,155.225.185.209
131,Keven,Kelle,kkelle3m@woothemes.com,Female,213.208.33.184
132,Melody,Rysdale,mrysdale3n@economist.com,Polygender,230.77.179.0
133,Mikel,Hischke,mhischke3o@harvard.edu,Bigender,22.238.180.207
134,Merissa,Wellfare,mwellfare3p@arizona.edu,Genderqueer,13.254.173.192
135,Antoinette,Gibbie,agibbie3q@pen.io,Bigender,160.82.236.58
136,Beatriz,Woodroofe,bwoodroofe3r@cdc.gov,Genderfluid,91.192.184.110
137,Shelden,Goldes,sgoldes3s@elpais.com,Genderqueer,187.216.110.155
138,Shay,Maunder,smaunder3t@miibeian.gov.cn,Genderqueer,18.227.15.119
139,Sibeal,Sheldrake,ssheldrake3u@posterous.com,Agender,176.218.113.97
140,Nessa,Bulch,nbulch3v@booking.com,Genderqueer,75.121.254.81
141,Flore,Cino,fcino3w@over-blog.com,Agender,121.160.23.223
142,Charlotte,Rizzelli,crizzelli3x@usnews.com,Polygender,185.44.26.236
143,Rad,Custance,rcustance3y@cnbc.com,Female,129.69.0.185
144,Rona,Fouracres,rfouracres3z@tuttocitta.it,Genderfluid,23.36.17.163
145,Claus,Burleigh,cburleigh40@omniture.com,Agender,212.169.166.140
146,Charil,Wainscot,cwainscot41@globo.com,Genderqueer,167.220.98.81
147,Denni,Miroy,dmiroy42@princeton.edu,Genderqueer,252.94.125.184
148,Beau,Aldington,baldington43@netscape.com,Male,37.13.7.101
149,Frederik,Dobbs,fdobbs44@whitehouse.gov,Non-binary,121.221.11.67
150,Alonzo,Dragonette,adragonette45@google.cn,Male,102.16.2.102
151,Muriel,Bradie,mbradie46@diigo.com,Bigender,100.33.96.220
152,Emanuel,Noonan,enoonan47@google.com,Polygender,248.31.70.153
153,Hanny,Chapellow,hchapellow48@engadget.com,Agender,82.145.232.72
154,Sheppard,Naismith,snaismith49@livejournal.com,Genderfluid,131.12.5.187
155,Sheffield,Canada,scanada4a@shinystat.com,Bigender,228.226.66.250
156,Pyotr,Cogger,pcogger4b@patch.com,Male,39.103.34.56
157,Zachary,Forbes,zforbes4c@desdev.cn,Genderfluid,205.254.42.68
158,Vince,Eaglen,veaglen4d@reuters.com,Polygender,249.65.170.54
159,Renato,Van Der Vlies,rvandervlies4e@ameblo.jp,Male,55.205.126.30
160,Izaak,Spur,ispur4f@dion.ne.jp,Genderfluid,34.135.117.124
161,Reinwald,Wickett,rwickett4g@icq.com,Female,219.180.71.239
162,Stesha,Spatarul,sspatarul4h@vimeo.com,Bigender,197.6.210.192
163,Hersh,Gookes,hgookes4i@twitpic.com,Agender,19.153.138.12
164,Belva,Eberle,beberle4j@tuttocitta.it,Bigender,234.52.238.252
165,Kale,Cruddace,kcruddace4k@cisco.com,Male,42.248.86.126
166,Adel,Biddwell,abiddwell4l@google.cn,Non-binary,15.240.148.23
167,Conni,Elcoat,celcoat4m@arstechnica.com,Genderqueer,75.10.68.123
168,Claus,Pren,cpren4n@elegantthemes.com,Non-binary,59.233.27.191
169,Dyan,Reach,dreach4o@abc.net.au,Agender,82.30.94.29
170,Ninnette,Robertazzi,nrobertazzi4p@sun.com,Female,243.31.18.239
171,Ruddy,Beaze,rbeaze4q@miibeian.gov.cn,Male,152.125.239.168
172,Moshe,Muffett,mmuffett4r@taobao.com,Female,77.209.208.95
173,Philbert,Dahler,pdahler4s@desdev.cn,Male,162.205.18.236
174,Cull,Jachtym,cjachtym4t@g.co,Non-binary,219.73.194.23
175,Kristal,Titchen,ktitchen4u@i2i.jp,Non-binary,165.245.185.211
176,Deck,Lindores,dlindores4v@imgur.com,Agender,82.15.89.191
177,Klement,Tullis,ktullis4w@go.com,Non-binary,53.103.116.199
178,Florella,Staniforth,fstaniforth4x@prlog.org,Genderqueer,85.207.71.151
179,Dawna,Perceval,dperceval4y@theguardian.com,Genderfluid,29.221.57.98
180,Antonie,Casbolt,acasbolt4z@archive.org,Bigender,120.114.253.26
181,Minni,Wilkisson,mwilkisson50@nhs.uk,Bigender,185.61.30.7
182,Marcelline,Smaile,msmaile51@networkadvertising.org,Non-binary,98.188.207.213
183,Didi,Londer,dlonder52@sourceforge.net,Bigender,99.159.7.49
184,Shelba,Barhems,sbarhems53@nih.gov,Bigender,224.208.82.191
185,Licha,Lincey,llincey54@woothemes.com,Female,188.124.226.250
186,Madge,Cissell,mcissell55@va.gov,Female,249.122.206.175
187,Ashia,Bartoszewski,abartoszewski56@cloudflare.com,Polygender,101.220.229.19
188,Chris,Bytheway,cbytheway57@boston.com,Non-binary,224.116.110.10
189,Thorin,Cruxton,tcruxton58@twitpic.com,Bigender,36.128.142.69
190,Fairfax,Poyntz,fpoyntz59@mac.com,Female,31.9.55.91
191,Mignon,Navein,mnavein5a@multiply.com,Polygender,206.206.197.238
192,Gretal,Vernau,gvernau5b@cdbaby.com,Non-binary,59.80.98.145
193,Amie,Huett,ahuett5c@netlog.com,Male,14.61.152.98
194,Lara,Maddams,lmaddams5d@instagram.com,Female,170.191.44.249
195,Elsbeth,Rizon,erizon5e@yellowbook.com,Non-binary,129.50.246.193
196,Debora,Wildin,dwildin5f@slate.com,Bigender,169.92.65.140
197,Clareta,Cudihy,ccudihy5g@wp.com,Polygender,112.105.97.164
198,Agnella,Yakob,ayakob5h@reddit.com,Female,103.6.232.4
199,Hiram,Wynett,hwynett5i@multiply.com,Male,3.219.165.173
200,Jodee,Nelm,jnelm5j@bloomberg.com,Female,13.112.153.147
201,Mahalia,Morphew,mmorphew5k@opera.com,Non-binary,34.164.134.237
202,Eleni,Winsbury,ewinsbury5l@newyorker.com,Bigender,237.4.194.160
203,Gerek,Torald,gtorald5m@geocities.com,Non-binary,92.23.240.11
204,Tandie,Ferrea,tferrea5n@mapquest.com,Genderfluid,31.15.139.192
205,Alfy,Penhalewick,apenhalewick5o@twitpic.com,Agender,141.192.39.222
206,Celinda,Gaskins,cgaskins5p@soup.io,Female,148.213.228.42
207,Saw,Baford,sbaford5q@gizmodo.com,Male,1.199.21.244
208,Almeta,Brien,abrien5r@salon.com,Agender,65.120.85.162
209,Mandi,Medd,mmedd5s@ucsd.edu,Non-binary,108.121.70.193
210,Juanita,Graveson,jgraveson5t@cafepress.com,Agender,119.15.59.20
211,Elwira,Shapcote,eshapcote5u@ebay.com,Genderqueer,10.52.39.168
212,Horst,Binne,hbinne5v@time.com,Non-binary,255.38.99.81
213,Dee dee,Pashley,dpashley5w@angelfire.com,Bigender,78.22.24.76
214,Collete,Kelemen,ckelemen5x@networkadvertising.org,Genderfluid,89.214.178.12
215,Dorita,Dickons,ddickons5y@independent.co.uk,Bigender,221.152.130.223
216,Jemmy,Lago,jlago5z@bloglines.com,Agender,59.222.85.53
217,Nonna,Cavill,ncavill60@deliciousdays.com,Bigender,138.66.161.126
218,Merissa,Pratley,mpratley61@tuttocitta.it,Agender,36.218.161.46
219,Rutter,Chiverstone,rchiverstone62@cdc.gov,Non-binary,38.197.148.68
220,Ivonne,O'Leagham,ioleagham63@mail.ru,Genderfluid,156.141.10.244
221,Noella,Howett,nhowett64@flickr.com,Genderqueer,81.79.75.15
222,Charlotte,McKeaney,cmckeaney65@disqus.com,Non-binary,128.124.170.68
223,Bartholomeo,Tonn,btonn66@mayoclinic.com,Female,175.41.250.101
224,Arden,Mattea,amattea67@last.fm,Genderfluid,182.5.105.50
225,Damon,Cutmere,dcutmere68@narod.ru,Genderfluid,186.128.120.185
226,Lemar,Eke,leke69@msn.com,Bigender,73.25.212.161
227,Roby,Newby,rnewby6a@japanpost.jp,Bigender,11.190.85.239
228,Libbie,Hollibone,lhollibone6b@webeden.co.uk,Agender,30.129.80.131
229,Milicent,Golsthorp,mgolsthorp6c@woothemes.com,Male,146.9.193.114
230,Nanni,Trotton,ntrotton6d@gov.uk,Male,250.147.45.105
231,Gilbert,Honack,ghonack6e@gov.uk,Agender,168.211.42.35
232,Percival,Longrigg,plongrigg6f@hp.com,Polygender,82.249.4.109
233,Dari,Sandison,dsandison6g@businessweek.com,Non-binary,215.91.196.161
234,Olimpia,Stollenbecker,ostollenbecker6h@bloglines.com,Bigender,30.197.55.101
235,Timofei,Wyldes,twyldes6i@webnode.com,Male,199.58.170.131
236,Florian,Moryson,fmoryson6j@google.es,Bigender,104.138.216.127
237,Mandel,Lewins,mlewins6k@webnode.com,Male,227.196.56.149
238,Carena,Calderhead,ccalderhead6l@hao123.com,Female,64.36.39.218
239,Michaelina,Glowacz,mglowacz6m@bloomberg.com,Polygender,190.229.210.37
240,Earl,Cumbers,ecumbers6n@timesonline.co.uk,Female,78.251.212.174
241,Lonee,Grimbaldeston,lgrimbaldeston6o@marketwatch.com,Polygender,141.168.205.227
242,Adelaide,Davson,adavson6p@booking.com,Non-binary,75.30.193.91
243,Lori,Yosifov,lyosifov6q@businesswire.com,Genderqueer,130.155.163.80
244,Kelley,Narrie,knarrie6r@bloglovin.com,Genderqueer,41.4.195.21
245,Lexine,McDarmid,lmcdarmid6s@alibaba.com,Polygender,5.246.24.255
246,Mariel,Petrovsky,mpetrovsky6t@techcrunch.com,Non-binary,52.193.175.108
247,Thomasina,Studeart,tstudeart6u@huffingtonpost.com,Non-binary,57.155.86.213
248,Gwenny,Elvidge,gelvidge6v@nasa.gov,Non-binary,69.49.178.147
249,Jandy,Demer,jdemer6w@mtv.com,Agender,167.148.161.44
250,Britni,Freemantle,bfreemantle6x@feedburner.com,Non-binary,124.47.233.182
251,Zacherie,Gardiner,zgardiner6y@cnet.com,Female,141.213.238.110
252,Idette,Sloey,isloey6z@intel.com,Agender,238.24.252.132
253,Jarrett,Wandrey,jwandrey70@storify.com,Male,44.167.137.59
254,Rhea,McManus,rmcmanus71@amazonaws.com,Non-binary,250.44.154.61
255,Jaquelyn,Roma,jroma72@cyberchimps.com,Agender,99.222.164.203
256,Shandy,Otto,sotto73@ted.com,Non-binary,89.180.218.6
257,Ernest,Enderlein,eenderlein74@rambler.ru,Non-binary,111.17.7.41
258,Prentice,Petrolli,ppetrolli75@vimeo.com,Bigender,5.143.113.99
259,Adrian,Goulden,agoulden76@examiner.com,Polygender,234.32.233.31
260,Ingamar,Belbin,ibelbin77@google.fr,Non-binary,190.117.111.5
261,Rosalind,Odney,rodney78@discuz.net,Non-binary,76.223.8.209
262,Burr,Hellwing,bhellwing79@pinterest.com,Bigender,100.143.37.145
263,Harriott,Lammin,hlammin7a@acquirethisname.com,Bigender,122.162.172.229
264,Sybyl,Yoodall,syoodall7b@digg.com,Non-binary,183.83.253.2
265,Lynda,Howen,lhowen7c@cocolog-nifty.com,Female,85.167.90.83
266,Xenia,Argile,xargile7d@go.com,Male,61.234.203.82
267,Carlyle,Compson,ccompson7e@youku.com,Genderfluid,199.53.155.14
268,Benetta,Geaney,bgeaney7f@simplemachines.org,Genderfluid,181.93.206.249
269,Yetty,Mitford,ymitford7g@theguardian.com,Genderqueer,71.209.175.49
270,Cointon,Coot,ccoot7h@skyrock.com,Polygender,104.235.145.90
271,Sara-ann,Woolnough,swoolnough7i@indiegogo.com,Genderfluid,196.46.162.92
272,Hollyanne,Cutts,hcutts7j@wisc.edu,Agender,106.22.14.182
273,Nero,Barriball,nbarriball7k@google.fr,Agender,132.133.171.40
274,Elga,Lunk,elunk7l@technorati.com,Non-binary,247.16.10.216
275,Roderic,Souch,rsouch7m@rediff.com,Genderfluid,62.72.27.250
276,Barnett,Tippler,btippler7n@mit.edu,Polygender,216.130.78.96
277,Saba,Skym,sskym7o@slate.com,Female,90.248.191.148
278,Rory,Reap,rreap7p@photobucket.com,Non-binary,168.57.74.205
279,Bord,Girardet,bgirardet7q@so-net.ne.jp,Genderfluid,71.29.236.58
280,Noel,Klampt,nklampt7r@seattletimes.com,Non-binary,160.110.85.158
281,Esra,Hussy,ehussy7s@wired.com,Non-binary,16.166.6.246
282,Horatius,Minter,hminter7t@webeden.co.uk,Agender,33.115.107.242
283,Ilyssa,Curragh,icurragh7u@bbb.org,Non-binary,91.7.60.240
284,Glenna,Ferier,gferier7v@meetup.com,Polygender,94.94.35.207
285,Krishnah,Threadkell,kthreadkell7w@seesaa.net,Agender,39.167.141.208
286,Reagan,Messer,rmesser7x@discovery.com,Genderfluid,180.56.167.182
287,Lyda,McGlone,lmcglone7y@businesswire.com,Female,19.173.19.135
288,Amaleta,Bemrose,abemrose7z@1und1.de,Male,6.57.70.104
289,Ethe,L'Archer,elarcher80@canalblog.com,Non-binary,101.131.233.158
290,Suzanna,Hanbury-Brown,shanburybrown81@paginegialle.it,Agender,22.45.165.63
291,Shadow,Scane,sscane82@bloglines.com,Genderqueer,162.58.69.113
292,Estevan,Bausor,ebausor83@va.gov,Agender,73.28.132.234
293,Scarlet,House,shouse84@opera.com,Agender,140.148.84.18
294,Delaney,Vaulkhard,dvaulkhard85@webs.com,Non-binary,167.192.177.114
295,Tedie,Succamore,tsuccamore86@flickr.com,Bigender,159.210.157.16
296,Broderick,Shewon,bshewon87@engadget.com,Non-binary,44.143.114.76
297,Vita,Abbs,vabbs88@altervista.org,Genderqueer,123.64.225.136
298,Vin,Quilliam,vquilliam89@alibaba.com,Female,251.211.92.82
299,Isaak,Roiz,iroiz8a@umn.edu,Non-binary,64.155.154.102
300,Karlis,Dollin,kdollin8b@chicagotribune.com,Polygender,115.37.198.213
301,Florencia,Braiden,fbraiden8c@forbes.com,Agender,11.141.80.69
302,Vidovik,Mapples,vmapples8d@newsvine.com,Polygender,220.137.183.46
303,Teddi,Jewar,tjewar8e@nhs.uk,Agender,249.160.129.121
304,Gilberte,Greatbank,ggreatbank8f@cafepress.com,Male,39.131.11.102
305,Tracey,Hartly,thartly8g@geocities.com,Female,66.72.133.128
306,Rich,Howlin,rhowlin8h@digg.com,Polygender,92.155.160.98
307,Geoffry,Steynor,gsteynor8i@cnbc.com,Genderqueer,159.225.29.117
308,Donny,Larmuth,dlarmuth8j@apache.org,Agender,117.250.143.159
309,Leigha,Bendall,lbendall8k@blogger.com,Polygender,136.159.200.48
310,Ambrosius,McGonigle,amcgonigle8l@washington.edu,Genderqueer,32.60.165.14
311,Pierson,Aughton,paughton8m@dell.com,Genderqueer,215.184.137.173
312,Cherilyn,Tesyro,ctesyro8n@livejournal.com,Female,149.60.32.81
313,Eberto,Milnes,emilnes8o@techcrunch.com,Polygender,245.217.64.172
314,Trev,Courtliff,tcourtliff8p@hao123.com,Genderfluid,167.19.142.134
315,Annaliese,Joye,ajoye8q@tuttocitta.it,Male,249.50.166.149
316,Torey,Uden,tuden8r@reddit.com,Polygender,46.72.2.130
317,Othelia,Pizey,opizey8s@gravatar.com,Agender,142.170.23.249
318,Nickolas,Lapides,nlapides8t@last.fm,Genderqueer,11.96.142.96
319,Marijo,Giovannacci,mgiovannacci8u@cocolog-nifty.com,Genderqueer,238.135.53.73
320,Raye,Fogel,rfogel8v@si.edu,Female,137.12.209.3
321,Trever,Ashcroft,tashcroft8w@miibeian.gov.cn,Genderqueer,46.199.75.248
322,Mata,Maccaddie,mmaccaddie8x@cocolog-nifty.com,Polygender,57.39.222.140
323,Sorcha,Iacovucci,siacovucci8y@epa.gov,Genderfluid,158.171.222.135
324,Archibold,Bradtke,abradtke8z@yandex.ru,Male,143.59.78.59
325,Rhoda,Shoebotham,rshoebotham90@edublogs.org,Bigender,153.190.71.9
326,Miranda,Bryan,mbryan91@ucla.edu,Female,16.151.106.107
327,Trudy,Corday,tcorday92@sciencedirect.com,Non-binary,237.158.49.127
328,Goldy,Camis,gcamis93@toplist.cz,Male,141.34.127.34
329,Tate,Fettis,tfettis94@networksolutions.com,Female,48.167.149.67
330,Sansone,Tzarkov,stzarkov95@smugmug.com,Polygender,68.5.79.59
331,Deny,Hollingby,dhollingby96@shutterfly.com,Genderqueer,171.129.19.118
332,Blondelle,Huchot,bhuchot97@meetup.com,Genderqueer,56.181.212.129
333,Piggy,Grgic,pgrgic98@google.co.jp,Polygender,200.118.43.34
334,Stafani,Pontin,spontin99@pinterest.com,Polygender,76.153.193.179
335,Hewe,Ebbs,hebbs9a@github.io,Genderqueer,167.107.229.209
336,Simeon,Thormwell,sthormwell9b@theguardian.com,Non-binary,198.205.205.241
337,Heriberto,Maffini,hmaffini9c@weibo.com,Non-binary,67.191.49.54
338,Melloney,Belle,mbelle9d@newyorker.com,Male,33.55.111.212
339,Erika,Coale,ecoale9e@ca.gov,Agender,175.167.155.227
340,Eachelle,Saulter,esaulter9f@histats.com,Non-binary,9.204.128.56
341,Raimundo,Trout,rtrout9g@reference.com,Polygender,165.167.218.110
342,Ada,Lapthorn,alapthorn9h@washington.edu,Genderfluid,254.58.16.39
343,Cicely,Dwelly,cdwelly9i@amazon.com,Non-binary,207.104.146.83
344,Dina,Amar,damar9j@oaic.gov.au,Male,242.207.37.60
345,Hali,Denge,hdenge9k@github.io,Polygender,237.26.77.137
346,Hamlin,Manz,hmanz9l@sciencedaily.com,Genderfluid,244.150.241.37
347,Sly,McTavy,smctavy9m@usa.gov,Genderqueer,245.52.108.0
348,Graeme,Guillond,gguillond9n@multiply.com,Female,87.230.169.159
349,Jule,Eberle,jeberle9o@themeforest.net,Bigender,243.207.182.26
350,Frayda,Lidgerton,flidgerton9p@jimdo.com,Male,73.175.136.156
351,Sherilyn,Palffy,spalffy9q@nytimes.com,Non-binary,198.132.137.255
352,Gardie,Perrie,gperrie9r@bandcamp.com,Female,2.104.151.12
353,Sebastien,Caldeiro,scaldeiro9s@fotki.com,Female,129.220.227.11
354,Gregorius,Stickels,gstickels9t@unblog.fr,Male,215.249.34.211
355,Brock,Macrae,bmacrae9u@samsung.com,Bigender,69.207.115.154
356,Carmine,Choake,cchoake9v@mysql.com,Bigender,162.249.253.165
357,Ramsay,Hallum,rhallum9w@studiopress.com,Female,25.36.78.87
358,Carmella,Perryn,cperryn9x@unblog.fr,Female,174.159.80.108
359,Kirbee,Matitiaho,kmatitiaho9y@weather.com,Polygender,166.107.51.51
360,Marmaduke,Alderwick,malderwick9z@tmall.com,Polygender,203.238.231.221
361,Brena,Corbally,bcorballya0@cnbc.com,Agender,66.37.249.48
362,Alexio,Climpson,aclimpsona1@youtube.com,Bigender,117.73.225.251
363,Blondell,Tregunnah,btregunnaha2@google.co.uk,Bigender,145.239.217.87
364,Lowrance,Weins,lweinsa3@privacy.gov.au,Genderfluid,166.43.105.46
365,Kort,Tiddy,ktiddya4@gmpg.org,Genderqueer,52.206.104.179
366,Cirillo,Carpmile,ccarpmilea5@tinypic.com,Non-binary,196.59.32.31
367,Lorin,Hundall,lhundalla6@wikimedia.org,Polygender,12.144.239.160
368,Cleon,Briskey,cbriskeya7@foxnews.com,Non-binary,93.16.129.52
369,Ches,Greatbach,cgreatbacha8@blogs.com,Genderfluid,185.28.81.103
370,Niels,Arnaudot,narnaudota9@eepurl.com,Non-binary,215.121.55.213
371,Abra,McIlwraith,amcilwraithaa@walmart.com,Genderqueer,21.220.26.168
372,Leonora,Droghan,ldroghanab@photobucket.com,Agender,154.188.128.120
373,Maddy,Silkstone,msilkstoneac@shareasale.com,Genderfluid,227.244.211.129
374,Tallou,Liepina,tliepinaad@slate.com,Female,207.218.84.56
375,Astra,Jandac,ajandacae@yolasite.com,Genderqueer,207.161.32.203
376,Tybi,Patton,tpattonaf@latimes.com,Non-binary,129.202.166.100
377,Rad,Matley,rmatleyag@macromedia.com,Genderfluid,243.0.119.217
378,Gilli,Crawshay,gcrawshayah@go.com,Polygender,186.5.103.205
379,Tiler,Mulvaney,tmulvaneyai@themeforest.net,Genderqueer,119.128.80.227
380,Dew,Eagers,deagersaj@plala.or.jp,Genderqueer,206.198.244.94
381,Reid,Bysshe,rbyssheak@t-online.de,Genderqueer,48.242.161.23
382,Prinz,Yoxall,pyoxallal@arizona.edu,Non-binary,48.229.83.129
383,Tammi,Edgerley,tedgerleyam@blogtalkradio.com,Polygender,152.157.59.17
384,Emilee,Robecon,erobeconan@marriott.com,Agender,204.70.93.39
385,Mason,Forsaith,mforsaithao@blinklist.com,Genderqueer,179.70.44.102
386,Henrieta,Cree,hcreeap@wufoo.com,Female,240.50.20.233
387,Matthiew,Weldrake,mweldrakeaq@gizmodo.com,Male,52.105.144.194
388,Audra,Starkie,astarkiear@microsoft.com,Male,149.233.99.221
389,Jessalyn,Wagenen,jwagenenas@blogger.com,Female,147.122.41.130
390,Rochester,Theseira,rtheseiraat@ebay.co.uk,Male,167.115.151.74
391,Adela,Jeacocke,ajeacockeau@europa.eu,Female,167.197.255.181
392,Kaia,Nunan,knunanav@yahoo.com,Male,120.172.167.95
393,Gray,Morin,gmorinaw@bizjournals.com,Genderqueer,43.43.174.130
394,Angie,Freiberg,afreibergax@wunderground.com,Male,145.155.137.156
395,Vivianna,Rosoni,vrosoniay@scientificamerican.com,Genderqueer,255.161.65.163
396,Tiphanie,Cassy,tcassyaz@amazon.co.jp,Genderqueer,238.40.215.102
397,Querida,Giannassi,qgiannassib0@reddit.com,Genderqueer,2.169.191.0
398,Maurits,Borel,mborelb1@yahoo.com,Female,146.250.113.215
399,Deerdre,Scoggans,dscoggansb2@bandcamp.com,Non-binary,98.2.218.116
400,Spike,Frigout,sfrigoutb3@jugem.jp,Genderqueer,93.139.170.158
401,Eldridge,Scamerdine,escamerdineb4@cloudflare.com,Male,31.170.202.153
402,Greer,Pearmain,gpearmainb5@last.fm,Female,220.75.82.28
403,Joel,Arnull,jarnullb6@eventbrite.com,Non-binary,217.159.185.75
404,Verine,Oliphard,voliphardb7@ucoz.ru,Genderfluid,238.56.235.228
405,Eda,Polhill,epolhillb8@twitpic.com,Bigender,118.70.84.38
406,Shepard,Temblett,stemblettb9@w3.org,Bigender,228.251.82.161
407,Jeramie,Willmetts,jwillmettsba@shinystat.com,Male,90.212.235.46
408,Tait,McKeighan,tmckeighanbb@bloglines.com,Genderfluid,154.127.41.59
409,Hazel,Castanone,hcastanonebc@dedecms.com,Bigender,143.162.150.82
410,Silvester,Erlam,serlambd@google.cn,Male,207.217.245.22
411,Jeni,Rumin,jruminbe@paginegialle.it,Agender,49.44.48.153
412,Chevalier,Daber,cdaberbf@nba.com,Male,32.104.241.153
413,Diandra,Berford,dberfordbg@msn.com,Agender,247.223.164.197
414,Fredek,Puvia,fpuviabh@mozilla.com,Female,189.141.146.141
415,Hortensia,Banting,hbantingbi@google.nl,Female,193.41.242.125
416,Fabian,Jarnell,fjarnellbj@ibm.com,Polygender,186.55.203.24
417,Lynnea,Tutchings,ltutchingsbk@geocities.com,Polygender,128.77.219.232
418,Marylin,Kitteringham,mkitteringhambl@oakley.com,Genderfluid,77.9.23.91
419,Leisha,Syddie,lsyddiebm@adobe.com,Agender,172.250.154.129
420,Jerry,McIan,jmcianbn@fda.gov,Agender,8.4.244.183
421,Ardene,Lathwood,alathwoodbo@rakuten.co.jp,Genderfluid,170.241.35.184
422,Nappie,Firk,nfirkbp@scribd.com,Bigender,71.155.211.160
423,Dudley,Casaletto,dcasalettobq@newyorker.com,Genderfluid,68.59.20.207
424,Adler,Caveney,acaveneybr@yellowbook.com,Genderqueer,246.157.95.123
425,Rhea,Stickland,rsticklandbs@sakura.ne.jp,Genderfluid,248.66.135.119
426,Ronnica,Falkinder,rfalkinderbt@wordpress.com,Agender,47.199.10.65
427,Brandtr,Sapena,bsapenabu@bluehost.com,Non-binary,31.247.243.152
428,Jacob,Chadwick,jchadwickbv@gravatar.com,Female,158.172.254.178
429,Fowler,Richemont,frichemontbw@skype.com,Female,147.73.98.173
430,Issiah,Rudgley,irudgleybx@tinypic.com,Bigender,217.123.42.109
431,Mannie,Spread,mspreadby@cornell.edu,Genderfluid,63.63.178.40
432,Murielle,Eldin,meldinbz@exblog.jp,Genderqueer,159.140.142.30
433,Gun,Trafford,gtraffordc0@upenn.edu,Agender,24.150.68.55
434,Brit,Pudding,bpuddingc1@github.com,Agender,58.21.236.1
435,Ronda,Battell,rbattellc2@ask.com,Agender,60.187.53.49
436,Davidson,Dundendale,ddundendalec3@people.com.cn,Polygender,3.66.3.216
437,Cass,Andryushchenko,candryushchenkoc4@cnbc.com,Non-binary,144.231.145.29
438,Nissie,Aldins,naldinsc5@abc.net.au,Genderqueer,15.142.77.201
439,Franny,Chicchetto,fchicchettoc6@ed.gov,Genderqueer,117.124.195.144
440,Sophey,Duckitt,sduckittc7@ox.ac.uk,Agender,207.231.204.198
441,Lock,Echallier,lechallierc8@imdb.com,Non-binary,151.249.79.157
442,Mag,Burkart,mburkartc9@lulu.com,Genderfluid,137.137.207.167
443,Lind,Rewan,lrewanca@soup.io,Genderqueer,68.205.216.181
444,Catie,Yarnall,cyarnallcb@ebay.com,Bigender,93.20.148.247
445,Waring,Peppard,wpeppardcc@jimdo.com,Agender,174.175.129.48
446,Natty,Klulicek,nklulicekcd@digg.com,Agender,69.60.190.19
447,Janessa,McCleod,jmccleodce@e-recht24.de,Bigender,142.30.233.155
448,Fawn,Schimek,fschimekcf@howstuffworks.com,Female,170.159.5.83
449,Marcelo,Callum,mcallumcg@patch.com,Bigender,161.220.4.131
450,Stefa,Gabites,sgabitesch@dailymail.co.uk,Genderfluid,208.120.57.46
451,Doralia,Ivanin,divaninci@nytimes.com,Genderqueer,115.67.108.105
452,Hobey,Ciraldo,hciraldocj@scientificamerican.com,Agender,2.189.133.87
453,Judd,Ebertz,jebertzck@hugedomains.com,Female,252.114.222.112
454,Giuseppe,Schafer,gschafercl@usa.gov,Genderfluid,2.161.179.140
455,Ana,Tippett,atippettcm@mysql.com,Genderfluid,250.248.145.25
456,Estel,Doherty,edohertycn@archive.org,Female,155.78.93.219
457,Brady,Tupper,btupperco@fda.gov,Non-binary,223.153.80.204
458,Mickie,Hartzogs,mhartzogscp@bravesites.com,Agender,25.228.176.89
459,Zachary,Paramore,zparamorecq@guardian.co.uk,Genderfluid,59.93.72.161
460,Anne,Bowmen,abowmencr@godaddy.com,Bigender,97.1.223.203
461,Merry,Litherland,mlitherlandcs@soundcloud.com,Genderfluid,25.54.85.135
462,Gabbie,Bugge,gbuggect@adobe.com,Bigender,52.27.36.237
463,Kendal,Blasius,kblasiuscu@nature.com,Polygender,126.86.53.142
464,Flory,Blankenship,fblankenshipcv@163.com,Male,17.49.4.67
465,Velvet,Coutts,vcouttscw@washington.edu,Male,224.90.239.11
466,Adelaida,Sisey,asiseycx@nyu.edu,Polygender,187.88.248.9
467,Zackariah,Whitington,zwhitingtoncy@dagondesign.com,Agender,36.84.69.196
468,Othelia,Tilzey,otilzeycz@nasa.gov,Genderfluid,12.113.28.201
469,Ursa,Rickman,urickmand0@hc360.com,Polygender,66.95.156.5
470,Corrianne,McTeggart,cmcteggartd1@dion.ne.jp,Female,117.186.92.117
471,Reuven,Ozelton,rozeltond2@wisc.edu,Genderfluid,223.85.188.92
472,Chrysa,Gitthouse,cgitthoused3@pagesperso-orange.fr,Genderfluid,55.127.74.183
473,Alf,Blethyn,ablethynd4@github.io,Female,142.229.209.128
474,Ximenes,Biddiss,xbiddissd5@macromedia.com,Genderfluid,59.172.153.140
475,Hollyanne,Ruthven,hruthvend6@nbcnews.com,Non-binary,98.211.12.11
476,Nicol,Arrington,narringtond7@sitemeter.com,Female,130.101.212.189
477,Nessi,McKerton,nmckertond8@craigslist.org,Non-binary,119.39.127.200
478,Dulcine,Machon,dmachond9@yahoo.co.jp,Genderqueer,80.222.76.223
479,Serge,Cowen,scowenda@yellowpages.com,Polygender,38.159.63.229
480,Ruby,Hynard,rhynarddb@deliciousdays.com,Non-binary,108.81.108.72
481,Mariejeanne,Schule,mschuledc@prnewswire.com,Bigender,126.139.209.63
482,Fifine,Kinchlea,fkinchleadd@xing.com,Bigender,151.196.246.177
483,Bronnie,Trevers,btreversde@berkeley.edu,Genderfluid,196.135.237.113
484,Bambi,Hinrichs,bhinrichsdf@scribd.com,Non-binary,244.253.70.64
485,Penrod,Cullabine,pcullabinedg@umn.edu,Male,153.32.98.8
486,Carly,Graffham,cgraffhamdh@symantec.com,Genderfluid,161.44.139.237
487,Kaylil,Gerber,kgerberdi@microsoft.com,Male,233.149.155.116
488,Joyous,Veare,jvearedj@weather.com,Polygender,247.31.227.92
489,Windy,Cattel,wcatteldk@mail.ru,Bigender,62.59.254.106
490,Harp,Roels,hroelsdl@toplist.cz,Male,205.188.87.47
491,Pete,Ridolfo,pridolfodm@miibeian.gov.cn,Polygender,239.215.179.20
492,Tannie,Day,tdaydn@nature.com,Polygender,12.89.25.215
493,Prudy,Nevison,pnevisondo@free.fr,Genderfluid,68.137.75.125
494,Edan,Pawley,epawleydp@ezinearticles.com,Agender,75.36.236.53
495,Maggy,Lathe,mlathedq@domainmarket.com,Polygender,63.96.71.112
496,Berkie,Levay,blevaydr@w3.org,Bigender,91.141.238.60
497,Lotte,Roelvink,lroelvinkds@hexun.com,Genderfluid,198.86.75.74
498,Arman,Kieran,akierandt@nationalgeographic.com,Genderfluid,134.186.119.125
499,Faber,Bernaldo,fbernaldodu@japanpost.jp,Polygender,114.169.175.98
500,Aleksandr,Tongue,atonguedv@live.com,Female,195.202.90.185
501,Osbourn,Deaconson,odeaconsondw@paypal.com,Agender,223.188.171.135
502,Vivianne,Normandale,vnormandaledx@tripadvisor.com,Agender,148.107.213.252
503,Bili,Daveren,bdaverendy@bizjournals.com,Genderfluid,112.81.175.214
504,Kissee,Murrish,kmurrishdz@forbes.com,Non-binary,161.247.177.233
505,Abbott,Spread,aspreade0@youtu.be,Male,155.210.231.185
506,Phillipe,Dalgetty,pdalgettye1@amazon.com,Agender,252.220.24.147
507,Cooper,Andriss,candrisse2@dot.gov,Male,102.120.1.44
508,Danya,Ablewhite,dablewhitee3@phpbb.com,Non-binary,232.125.132.243
509,Lanni,Spellard,lspellarde4@altervista.org,Agender,120.174.230.20
510,Maryrose,Veale,mvealee5@simplemachines.org,Non-binary,231.85.155.37
511,James,Aitcheson,jaitchesone6@state.tx.us,Non-binary,131.233.122.156
512,Lonee,Grzelak,lgrzelake7@sogou.com,Polygender,122.245.50.166
513,Brok,Constant,bconstante8@digg.com,Bigender,179.19.99.232
514,Ileana,Philpot,iphilpote9@networksolutions.com,Female,223.49.213.53
515,Dasha,Ilyunin,dilyuninea@slashdot.org,Male,49.67.41.5
516,Renata,Woodberry,rwoodberryeb@walmart.com,Agender,17.236.236.56
517,Carmel,Doberer,cdobererec@salon.com,Genderqueer,4.214.216.7
518,Bertrando,Crellin,bcrellined@berkeley.edu,Genderqueer,15.241.9.191
519,Penelope,Willgress,pwillgressee@google.es,Male,141.47.75.179
520,Delphine,Lodge,dlodgeef@cdc.gov,Non-binary,98.6.182.169
521,Greta,Dunnet,gdunneteg@barnesandnoble.com,Genderqueer,161.209.246.137
522,Abigael,Dunford,adunfordeh@hexun.com,Non-binary,221.174.1.207
523,Martynne,Klaggeman,mklaggemanei@joomla.org,Polygender,211.203.33.72
524,Deena,Levet,dlevetej@gmpg.org,Non-binary,67.168.72.148
525,Kelly,Fridaye,kfridayeek@opensource.org,Polygender,80.177.122.17
526,Briggs,Dedrick,bdedrickel@imdb.com,Female,239.132.138.248
527,Belinda,Dauney,bdauneyem@nydailynews.com,Agender,152.137.52.116
528,Forester,Flaherty,fflahertyen@globo.com,Agender,192.132.200.170
529,Judon,Buckoke,jbuckokeeo@jugem.jp,Agender,197.114.227.226
530,Jimmie,Mullenger,jmullengerep@acquirethisname.com,Polygender,176.243.155.24
531,Randall,Knightsbridge,rknightsbridgeeq@angelfire.com,Agender,193.37.155.86
532,Ozzie,Brunelli,obrunellier@patch.com,Agender,65.83.240.67
533,Alfi,Tremayle,atremaylees@webmd.com,Male,252.18.84.115
534,Maye,Duffin,mduffinet@ucla.edu,Genderfluid,184.94.138.6
535,Daryl,Marsham,dmarshameu@cnbc.com,Agender,193.54.47.250
536,Kameko,Roach,kroachev@arizona.edu,Agender,38.237.50.7
537,Rube,Benner,rbennerew@spotify.com,Bigender,127.216.142.42
538,Nikolaus,Fernyhough,nfernyhoughex@sfgate.com,Polygender,179.179.123.81
539,Tammie,Isaq,tisaqey@ihg.com,Polygender,40.8.123.207
540,Amalle,Larkings,alarkingsez@senate.gov,Genderqueer,165.6.180.231
541,Melisande,Darrell,mdarrellf0@psu.edu,Polygender,8.53.243.207
542,Violante,Ladel,vladelf1@si.edu,Genderfluid,160.249.250.150
543,Pavlov,Whyler,pwhylerf2@privacy.gov.au,Male,23.33.248.71
544,Prisca,Francescotti,pfrancescottif3@opera.com,Female,60.97.175.127
545,Herbert,Stearne,hstearnef4@slideshare.net,Female,251.245.87.38
546,Alf,Voak,avoakf5@nationalgeographic.com,Genderqueer,173.247.66.107
547,Rudolph,Beggini,rbegginif6@github.com,Polygender,227.1.241.21
548,Maynord,L'Hommeau,mlhommeauf7@friendfeed.com,Non-binary,102.12.147.207
549,Allx,Brentnall,abrentnallf8@privacy.gov.au,Genderqueer,230.17.192.148
550,Xenia,Bursnell,xbursnellf9@nbcnews.com,Agender,162.6.64.163
551,Cal,Kildea,ckildeafa@hud.gov,Polygender,89.108.134.73
552,Lorri,Dilkes,ldilkesfb@jimdo.com,Agender,114.157.114.223
553,Jeff,Overell,joverellfc@google.de,Genderfluid,145.204.146.229
554,Rog,Pattinson,rpattinsonfd@networksolutions.com,Genderfluid,254.232.66.172
555,Benni,Ardling,bardlingfe@twitpic.com,Bigender,253.41.183.227
556,Alaine,Nichol,anicholff@psu.edu,Non-binary,12.211.52.210
557,Nicoline,Ebi,nebifg@usda.gov,Polygender,215.64.122.254
558,Hester,Titt,htittfh@so-net.ne.jp,Agender,156.111.102.236
559,Bryanty,Pryde,bprydefi@amazon.co.uk,Polygender,239.158.200.76
560,Mariana,Chasson,mchassonfj@flickr.com,Genderqueer,197.87.223.250
561,Corry,Sharvill,csharvillfk@timesonline.co.uk,Genderfluid,208.20.34.192
562,Borg,Hupe,bhupefl@bluehost.com,Agender,225.130.55.1
563,Claudius,Loren,clorenfm@imdb.com,Female,60.182.208.198
564,Mildrid,Corradeschi,mcorradeschifn@nature.com,Non-binary,64.43.12.8
565,Nolie,Cutmere,ncutmerefo@yale.edu,Genderfluid,135.167.202.163
566,Shaun,Rawlin,srawlinfp@diigo.com,Agender,170.91.169.19
567,Fidelio,Lewsy,flewsyfq@odnoklassniki.ru,Polygender,212.101.183.112
568,Rog,Hayman,rhaymanfr@senate.gov,Male,133.105.110.59
569,Forster,Paddeley,fpaddeleyfs@reuters.com,Agender,74.46.9.20
570,Melodie,Sollitt,msollittft@jigsy.com,Non-binary,101.137.42.170
571,Niko,Seivwright,nseivwrightfu@printfriendly.com,Genderfluid,183.40.32.255
572,Harmon,Huffer,hhufferfv@telegraph.co.uk,Genderqueer,73.61.90.126
573,Melisande,Beveredge,mbeveredgefw@smh.com.au,Female,27.9.75.92
574,Gunner,Thor,gthorfx@wix.com,Genderqueer,36.75.166.221
575,Brewster,Gillinghams,bgillinghamsfy@storify.com,Genderfluid,38.180.15.77
576,Raynor,Pirot,rpirotfz@mtv.com,Bigender,59.235.76.148
577,Gigi,Draude,gdraudeg0@umich.edu,Male,183.206.237.225
578,Noby,Fass,nfassg1@si.edu,Agender,153.149.118.252
579,Poppy,Schorah,pschorahg2@jimdo.com,Non-binary,99.87.112.119
580,Aymer,Sexti,asextig3@ftc.gov,Male,208.218.245.186
581,Penelopa,Lowson,plowsong4@bbb.org,Female,234.124.43.86
582,Danya,Ullock,dullockg5@hibu.com,Polygender,172.228.253.50
583,Sydney,Fibbings,sfibbingsg6@un.org,Non-binary,150.158.138.74
584,Donnajean,Wheelan,dwheelang7@unblog.fr,Polygender,173.117.89.8
585,Tildi,Sealey,tsealeyg8@mail.ru,Genderfluid,62.36.208.98
586,Eloise,Bottrell,ebottrellg9@ft.com,Genderqueer,15.202.122.66
587,Christoffer,Herkess,cherkessga@ezinearticles.com,Genderqueer,251.84.159.58
588,Piotr,McGavin,pmcgavingb@dot.gov,Female,104.70.166.198
589,Heddi,Wimmers,hwimmersgc@posterous.com,Female,248.144.29.168
590,Blair,Finden,bfindengd@istockphoto.com,Agender,184.95.242.241
591,Llywellyn,Anstead,lansteadge@over-blog.com,Genderqueer,144.153.100.183
592,Wait,Ralling,wrallinggf@freewebs.com,Agender,1.180.127.190
593,Stanley,Pechold,specholdgg@homestead.com,Female,46.129.102.142
594,Gard,Marlen,gmarlengh@aol.com,Genderfluid,140.149.161.71
595,Franny,McCartan,fmccartangi@loc.gov,Agender,171.93.121.232
596,Zondra,Nutley,znutleygj@cocolog-nifty.com,Female,106.236.114.104
597,Kittie,Gentil,kgentilgk@ox.ac.uk,Polygender,168.45.57.113
598,Herold,Conkling,hconklinggl@toplist.cz,Male,46.69.83.53
599,Eulalie,Sallter,esalltergm@who.int,Polygender,103.159.245.149
600,Milly,Foro,mforogn@china.com.cn,Female,109.48.25.246
601,Mada,Hastwall,mhastwallgo@dion.ne.jp,Genderqueer,117.166.2.179
602,Grannie,Dando,gdandogp@imageshack.us,Male,30.224.21.240
603,Nicolette,Cains,ncainsgq@ycombinator.com,Female,93.150.237.186
604,Howie,Casacchia,hcasacchiagr@senate.gov,Female,164.237.122.241
605,Tate,Smithyman,tsmithymangs@salon.com,Male,121.203.160.254
606,Nicola,Mouse,nmousegt@pcworld.com,Agender,239.170.208.189
607,Elly,Boxill,eboxillgu@umn.edu,Genderqueer,81.221.27.121
608,Sheilakathryn,Frostdyke,sfrostdykegv@nba.com,Genderqueer,182.253.80.11
609,Tim,Ebenezer,tebenezergw@live.com,Genderfluid,148.28.243.40
610,Kirsteni,Thaxter,kthaxtergx@fotki.com,Agender,137.217.210.113
611,Margie,Egginson,megginsongy@alexa.com,Non-binary,237.91.194.9
612,Ned,Rief,nriefgz@senate.gov,Female,139.212.119.27
613,Marline,Magner,mmagnerh0@digg.com,Genderqueer,154.110.225.79
614,Antonia,Mouget,amougeth1@technorati.com,Female,33.247.22.86
615,Albina,Jinks,ajinksh2@umich.edu,Non-binary,215.50.182.62
616,Jaquelyn,Ryton,jrytonh3@ucla.edu,Genderqueer,35.147.95.172
617,Randy,Rylstone,rrylstoneh4@nsw.gov.au,Genderfluid,103.113.114.24
618,Marys,O'Neil,moneilh5@dell.com,Genderfluid,44.93.132.165
619,Davidson,McMahon,dmcmahonh6@goo.gl,Genderfluid,241.98.187.134
620,Vikki,Josovitz,vjosovitzh7@skyrock.com,Agender,6.146.175.97
621,Ephrem,Breston,ebrestonh8@wiley.com,Non-binary,165.231.206.97
622,Nady,Gonzalo,ngonzaloh9@ning.com,Genderqueer,159.80.60.155
623,Jenna,Purcell,jpurcellha@npr.org,Non-binary,234.79.49.219
624,Adora,Ditchfield,aditchfieldhb@bizjournals.com,Male,247.117.244.142
625,Dael,Baybutt,dbaybutthc@mtv.com,Agender,205.18.65.91
626,Amber,Stanyon,astanyonhd@mysql.com,Non-binary,147.119.160.74
627,Candida,Bruce,cbrucehe@harvard.edu,Agender,201.52.165.93
628,Maje,Yeld,myeldhf@aboutads.info,Polygender,162.215.175.229
629,Bethina,Paprotny,bpaprotnyhg@cnbc.com,Bigender,78.61.100.177
630,Cele,Bruyntjes,cbruyntjeshh@uol.com.br,Genderqueer,253.76.246.87
631,Maura,Ludlam,mludlamhi@who.int,Male,56.221.71.201
632,Frannie,Fiddy,ffiddyhj@imgur.com,Bigender,41.94.181.17
633,Terry,Hawthorne,thawthornehk@is.gd,Non-binary,140.252.185.100
634,Bibbye,Humphery,bhumpheryhl@fc2.com,Genderfluid,181.112.204.68
635,Remington,Hofer,rhoferhm@sciencedirect.com,Bigender,174.224.5.75
636,Amandy,Billingsly,abillingslyhn@zdnet.com,Genderfluid,68.155.77.137
637,Hilliary,Carbett,hcarbettho@baidu.com,Polygender,244.232.65.202
638,Patrick,Meindl,pmeindlhp@businessweek.com,Agender,36.80.46.54
639,Any,Ducker,aduckerhq@over-blog.com,Genderqueer,68.209.179.158
640,Marcelo,Blenkiron,mblenkironhr@flickr.com,Non-binary,162.144.124.181
641,Art,Beagin,abeaginhs@blog.com,Non-binary,1.176.91.40
642,Tremaine,Whall,twhallht@flickr.com,Female,155.67.193.224
643,Laurie,Maliffe,lmaliffehu@bizjournals.com,Non-binary,226.179.133.187
644,Devy,Dinse,ddinsehv@dagondesign.com,Male,64.135.27.17
645,Jakie,O' Quirk,joquirkhw@xrea.com,Polygender,106.207.177.48
646,Haily,O'Carroll,hocarrollhx@phoca.cz,Female,130.195.177.56
647,Zorana,Elletson,zelletsonhy@state.tx.us,Genderqueer,180.214.71.235
648,Keenan,Fuente,kfuentehz@edublogs.org,Genderqueer,14.166.163.138
649,Carrie,Olivari,colivarii0@youtube.com,Female,252.192.99.169
650,Kandy,Kocher,kkocheri1@jiathis.com,Polygender,29.138.153.216
651,Jessee,Pepis,jpepisi2@istockphoto.com,Bigender,175.171.171.166
652,Amelie,Tollow,atollowi3@wsj.com,Male,19.115.111.10
653,Vikky,Knevet,vkneveti4@cdc.gov,Genderfluid,132.154.191.53
654,Torey,Fennell,tfennelli5@artisteer.com,Bigender,5.53.12.155
655,Tammy,Kretschmer,tkretschmeri6@bigcartel.com,Polygender,176.131.44.91
656,Terry,Redhole,tredholei7@adobe.com,Bigender,136.100.162.141
657,Brianna,Maskelyne,bmaskelynei8@toplist.cz,Agender,178.12.206.14
658,Abbye,Snaith,asnaithi9@nasa.gov,Genderfluid,67.152.68.26
659,Nev,Justham,njusthamia@cafepress.com,Female,184.123.207.253
660,Flss,Duckerin,fduckerinib@wikispaces.com,Genderfluid,53.180.72.78
661,Eartha,Checo,echecoic@nature.com,Bigender,12.9.176.94
662,Delbert,Bingall,dbingallid@angelfire.com,Agender,109.4.165.174
663,Deerdre,Lorkins,dlorkinsie@chicagotribune.com,Bigender,224.228.122.63
664,Ellery,Moppett,emoppettif@nps.gov,Polygender,66.42.12.154
665,Susette,Leamon,sleamonig@microsoft.com,Non-binary,237.83.42.143
666,Edithe,Wisedale,ewisedaleih@ezinearticles.com,Genderfluid,31.6.104.236
667,Cosimo,Scoyne,cscoyneii@ft.com,Polygender,176.251.139.160
668,Larina,Storry,lstorryij@biglobe.ne.jp,Non-binary,66.94.38.1
669,Kiley,Alwood,kalwoodik@ftc.gov,Female,48.37.194.129
670,Dael,Tudbald,dtudbaldil@dyndns.org,Genderqueer,183.190.93.194
671,Luz,Pickerill,lpickerillim@prnewswire.com,Male,93.252.214.119
672,Zachary,Champagne,zchampagnein@usda.gov,Agender,161.148.191.215
673,Kay,Cheltnam,kcheltnamio@weebly.com,Non-binary,228.191.249.242
674,Welbie,Bridle,wbridleip@amazon.com,Genderqueer,2.244.123.9
675,Jessie,Raith,jraithiq@wunderground.com,Female,63.71.1.51
676,Lilith,Hinners,lhinnersir@yellowbook.com,Bigender,142.228.174.85
677,Chrysler,Enders,cendersis@microsoft.com,Non-binary,72.177.232.127
678,Maximilianus,Skirrow,mskirrowit@g.co,Polygender,25.183.102.189
679,Tamara,Lamminam,tlamminamiu@free.fr,Male,228.106.170.23
680,Wendy,Torrent,wtorrentiv@jimdo.com,Male,86.57.140.14
681,Herbie,De Mitris,hdemitrisiw@home.pl,Bigender,89.179.120.239
682,Andriette,Isselee,aisseleeix@purevolume.com,Male,126.141.82.59
683,Cordey,Petticrow,cpetticrowiy@fc2.com,Agender,185.191.73.242
684,Sashenka,Menure,smenureiz@surveymonkey.com,Agender,170.8.173.103
685,Launce,Kirwin,lkirwinj0@sphinn.com,Polygender,29.45.110.118
686,Hermann,Bascombe,hbascombej1@scientificamerican.com,Polygender,208.53.88.89
687,Veronike,Graundisson,vgraundissonj2@mac.com,Polygender,213.253.121.0
688,Nevsa,Gerardet,ngerardetj3@wix.com,Polygender,119.204.63.192
689,Yuri,Baddiley,ybaddileyj4@macromedia.com,Bigender,171.45.229.107
690,Gabriela,Uzelli,guzellij5@umn.edu,Genderfluid,51.171.52.210
691,Halli,Bart,hbartj6@dell.com,Agender,13.182.246.109
692,Des,Bugdale,dbugdalej7@globo.com,Agender,246.205.28.137
693,Kerr,Degoey,kdegoeyj8@cafepress.com,Genderqueer,192.186.105.141
694,Briant,Collabine,bcollabinej9@usatoday.com,Non-binary,209.30.37.1
695,Aviva,Harner,aharnerja@tamu.edu,Agender,183.52.112.138
696,Olly,Rove,orovejb@wikia.com,Polygender,237.170.31.23
697,Cosetta,Tomicki,ctomickijc@webmd.com,Genderqueer,242.5.185.25
698,Myrle,Lawrenz,mlawrenzjd@senate.gov,Female,60.229.206.58
699,Leshia,Estcot,lestcotje@ycombinator.com,Non-binary,115.78.200.198
700,Conrad,Charnick,ccharnickjf@goo.ne.jp,Polygender,123.139.47.106
701,Thomasin,Dulieu,tdulieujg@geocities.jp,Polygender,141.119.83.159
702,Willard,Petschel,wpetscheljh@jalbum.net,Polygender,82.255.127.155
703,Stuart,Dessaur,sdessaurji@va.gov,Male,160.106.234.55
704,Nikkie,Venables,nvenablesjj@ed.gov,Non-binary,87.222.219.241
705,Neddy,Hedlestone,nhedlestonejk@biblegateway.com,Bigender,141.82.90.158
706,Gabriello,Grebner,ggrebnerjl@paginegialle.it,Genderqueer,219.29.4.126
707,Greggory,Alchin,galchinjm@shinystat.com,Female,20.4.36.3
708,Herve,Escale,hescalejn@blogs.com,Polygender,16.173.239.3
709,Damaris,Vogeller,dvogellerjo@washington.edu,Polygender,81.37.118.137
710,Serene,Wetherick,swetherickjp@ocn.ne.jp,Genderqueer,117.138.173.89
711,Keir,Veillard,kveillardjq@t.co,Genderfluid,40.91.143.23
712,Nollie,Casarili,ncasarilijr@people.com.cn,Non-binary,193.28.225.43
713,Demott,Spaight,dspaightjs@ted.com,Polygender,210.92.120.208
714,Todd,Hurkett,thurkettjt@domainmarket.com,Male,42.141.166.1
715,Nolie,Tupp,ntuppju@independent.co.uk,Genderqueer,81.151.95.101
716,Alyce,Bickardike,abickardikejv@howstuffworks.com,Non-binary,107.146.108.105
717,Lauren,Chester,lchesterjw@usda.gov,Female,197.160.238.95
718,Ludwig,Rolin,lrolinjx@ebay.com,Non-binary,118.30.52.65
719,Matty,Hars,mharsjy@opensource.org,Female,100.161.138.72
720,Averell,Beardsley,abeardsleyjz@amazon.de,Genderqueer,250.119.89.236
721,Adolph,Cahill,acahillk0@angelfire.com,Agender,18.237.228.39
722,Robbie,Le Count,rlecountk1@ning.com,Bigender,61.132.174.101
723,Flo,Vidler,fvidlerk2@123-reg.co.uk,Genderfluid,41.121.70.212
724,Jillene,Boteman,jbotemank3@census.gov,Female,252.67.136.59
725,Janifer,Tourry,jtourryk4@trellian.com,Non-binary,210.15.142.216
726,Brooke,Kneaphsey,bkneaphseyk5@slideshare.net,Genderfluid,177.198.12.166
727,Hadria,Scolts,hscoltsk6@hostgator.com,Genderqueer,106.84.19.196
728,Karly,Antoniottii,kantoniottiik7@ning.com,Bigender,248.56.118.13
729,Kennett,Incogna,kincognak8@patch.com,Male,240.167.174.218
730,Chuck,Batrop,cbatropk9@exblog.jp,Male,216.249.197.25
731,Alicia,Burtenshaw,aburtenshawka@senate.gov,Genderfluid,238.159.209.47
732,Lari,Tapenden,ltapendenkb@europa.eu,Male,99.167.61.114
733,Anjanette,Brasse,abrassekc@pbs.org,Female,171.147.163.74
734,Aubrie,Wartonby,awartonbykd@ehow.com,Male,219.246.247.213
735,Zedekiah,Krishtopaittis,zkrishtopaittiske@cornell.edu,Male,230.162.30.226
736,Burtie,Chrismas,bchrismaskf@msu.edu,Genderqueer,92.59.155.152
737,Jennica,Hackey,jhackeykg@reference.com,Male,151.223.232.235
738,Josephine,Kaley,jkaleykh@twitter.com,Agender,113.254.18.98
739,Kelly,Demogeot,kdemogeotki@shareasale.com,Polygender,206.38.112.44
740,Brunhilda,Beden,bbedenkj@behance.net,Genderqueer,33.233.207.136
741,Josias,Shovlin,jshovlinkk@ucsd.edu,Polygender,162.42.30.15
742,Marti,Ottery,motterykl@ustream.tv,Male,66.157.33.219
743,Tricia,Drohan,tdrohankm@loc.gov,Bigender,121.143.139.206
744,Hilde,Ruos,hruoskn@g.co,Non-binary,128.53.14.102
745,Michal,Stanning,mstanningko@nydailynews.com,Female,8.224.188.54
746,Guenevere,Krook,gkrookkp@twitpic.com,Genderfluid,87.59.12.70
747,Letisha,Dobrovolski,ldobrovolskikq@blogtalkradio.com,Bigender,236.238.151.36
748,Julita,Tuite,jtuitekr@alexa.com,Bigender,175.136.248.209
749,Grange,Bradburn,gbradburnks@t-online.de,Bigender,19.108.215.87
750,Darcie,Elsmor,delsmorkt@wired.com,Polygender,95.181.234.110
751,Leigh,Bearward,lbearwardku@go.com,Male,79.138.130.17
752,Kelci,Giovanni,kgiovannikv@eventbrite.com,Genderfluid,218.109.136.139
753,Kimball,Kinkead,kkinkeadkw@amazon.co.jp,Male,145.233.47.204
754,Kareem,Reuter,kreuterkx@wordpress.com,Male,169.234.223.93
755,Diandra,Faux,dfauxky@sohu.com,Polygender,43.191.75.76
756,Amii,Domonkos,adomonkoskz@wikia.com,Male,132.143.254.107
757,Quintilla,Showler,qshowlerl0@nps.gov,Agender,213.246.238.226
758,Bernice,Fasse,bfassel1@addthis.com,Genderqueer,196.25.76.24
759,Antonina,Costelloe,acostelloel2@zdnet.com,Non-binary,60.56.151.15
760,Layton,Stiven,lstivenl3@adobe.com,Non-binary,12.85.82.18
761,Currey,Beadnell,cbeadnelll4@dedecms.com,Genderfluid,244.237.38.41
762,Ivie,Roblou,irobloul5@msn.com,Female,8.212.239.80
763,Farris,Briffett,fbriffettl6@163.com,Female,32.64.40.91
764,Essie,Deeney,edeeneyl7@lycos.com,Agender,221.210.137.149
765,Freddie,Langland,flanglandl8@jugem.jp,Male,117.53.224.154
766,Baillie,Gurley,bgurleyl9@gizmodo.com,Genderfluid,90.138.179.192
767,Tanhya,Sproson,tsprosonla@techcrunch.com,Male,40.224.16.176
768,Korrie,Richmond,krichmondlb@opensource.org,Genderqueer,170.49.138.96
769,Tomasina,Kaser,tkaserlc@google.com,Non-binary,230.23.225.35
770,Chad,Snookes,csnookesld@walmart.com,Male,100.9.226.221
771,Oran,Elstub,oelstuble@cam.ac.uk,Bigender,152.229.15.70
772,Cherry,Salkeld,csalkeldlf@amazon.de,Male,53.110.153.216
773,Tad,Coneybeare,tconeybearelg@dagondesign.com,Polygender,204.255.155.96
774,Gonzales,Orry,gorrylh@hud.gov,Male,27.225.87.14
775,Ddene,Gaudon,dgaudonli@craigslist.org,Non-binary,201.149.77.230
776,Terrijo,Chsteney,tchsteneylj@skyrock.com,Non-binary,100.109.96.164
777,Jillane,McDonald,jmcdonaldlk@sun.com,Male,58.246.161.171
778,Freeman,Vinter,fvinterll@blinklist.com,Male,120.160.18.161
779,Juliette,Laux,jlauxlm@opensource.org,Polygender,248.11.21.87
780,Trenna,Marklew,tmarklewln@over-blog.com,Non-binary,14.63.126.44
781,Rose,Gertray,rgertraylo@sbwire.com,Female,194.130.243.222
782,Catlee,Brundale,cbrundalelp@apple.com,Bigender,147.65.17.107
783,Petr,Raison,praisonlq@hhs.gov,Bigender,91.227.197.252
784,Emelyne,Beedom,ebeedomlr@hatena.ne.jp,Agender,136.131.0.186
785,Kyle,Elks,kelksls@goo.ne.jp,Non-binary,174.4.58.63
786,Brittney,Windham,bwindhamlt@networksolutions.com,Non-binary,104.8.147.9
787,Rosette,Volkers,rvolkerslu@hatena.ne.jp,Agender,178.74.208.3
788,Jimmy,Sansam,jsansamlv@qq.com,Bigender,205.206.6.245
789,Ivonne,Collcott,icollcottlw@blogger.com,Bigender,95.45.44.251
790,Chaim,Tideswell,ctideswelllx@patch.com,Agender,159.65.187.229
791,Filippo,Skates,fskatesly@squarespace.com,Agender,251.251.139.125
792,Alex,Mitroshinov,amitroshinovlz@people.com.cn,Non-binary,92.176.233.195
793,Bel,Caswell,bcaswellm0@free.fr,Male,211.218.81.136
794,Raff,Cornick,rcornickm1@edublogs.org,Genderqueer,154.194.156.131
795,Glori,Calladine,gcalladinem2@marriott.com,Bigender,232.103.95.13
796,Giustino,Dymocke,gdymockem3@washington.edu,Agender,248.86.248.3
797,Arlen,Twiddy,atwiddym4@europa.eu,Female,54.221.138.224
798,Carlin,Lumby,clumbym5@seesaa.net,Male,220.4.233.243
799,Arlana,Wreath,awreathm6@ucoz.com,Polygender,168.239.95.140
800,Daphna,Gibbin,dgibbinm7@goo.ne.jp,Bigender,224.170.25.231
801,Ernaline,Seymour,eseymourm8@google.cn,Polygender,225.106.237.102
802,Viki,Lowten,vlowtenm9@freewebs.com,Polygender,71.89.58.45
803,Stefania,Catlin,scatlinma@weibo.com,Female,127.10.129.50
804,Liz,Starmont,lstarmontmb@privacy.gov.au,Polygender,52.200.2.5
805,Vivian,Silkstone,vsilkstonemc@mail.ru,Non-binary,216.243.12.35
806,Brooke,Kaesmakers,bkaesmakersmd@smugmug.com,Polygender,42.84.82.144
807,Bellanca,Coonihan,bcoonihanme@kickstarter.com,Genderqueer,104.146.54.208
808,Axel,Cullagh,acullaghmf@eepurl.com,Female,113.231.105.63
809,Cindie,Govett,cgovettmg@comcast.net,Female,10.90.207.26
810,Tuesday,Scollan,tscollanmh@admin.ch,Genderfluid,27.41.81.119
811,Suzanne,MacKintosh,smackintoshmi@photobucket.com,Genderfluid,13.244.29.144
812,Dayle,Yesipov,dyesipovmj@msu.edu,Genderqueer,164.236.203.214
813,Nealon,Woolaghan,nwoolaghanmk@ameblo.jp,Genderqueer,175.162.34.18
814,Grove,Tarpey,gtarpeyml@miibeian.gov.cn,Female,93.207.210.181
815,Ad,Morrall,amorrallmm@nbcnews.com,Genderfluid,138.11.17.81
816,Doralin,Furzer,dfurzermn@bbb.org,Bigender,245.102.235.188
817,Jodie,Blaby,jblabymo@opensource.org,Polygender,120.85.103.55
818,Alanah,Purviss,apurvissmp@bbc.co.uk,Non-binary,71.241.29.111
819,Harry,MacLaughlin,hmaclaughlinmq@oaic.gov.au,Bigender,216.217.24.162
820,Linn,Marl,lmarlmr@bizjournals.com,Polygender,70.242.62.161
821,Ozzie,Whiteoak,owhiteoakms@vinaora.com,Male,163.68.140.46
822,Gloria,Daintry,gdaintrymt@imdb.com,Genderfluid,10.42.139.189
823,Adela,Ryson,arysonmu@si.edu,Female,204.113.217.255
824,Shelbi,Feldstein,sfeldsteinmv@salon.com,Female,187.133.53.89
825,Stafford,Camp,scampmw@geocities.jp,Genderqueer,10.69.25.196
826,Emili,Mc Kellen,emckellenmx@barnesandnoble.com,Female,153.38.253.146
827,Cristal,Arden,cardenmy@skyrock.com,Female,14.1.115.90
828,Jaquenette,Stanmore,jstanmoremz@sun.com,Male,34.242.189.190
829,Bealle,Scrimgeour,bscrimgeourn0@ezinearticles.com,Agender,165.179.181.216
830,Calla,Ickovitz,cickovitzn1@paypal.com,Female,64.67.226.140
831,Raquela,Boothman,rboothmann2@rakuten.co.jp,Bigender,74.196.226.193
832,Dorelia,Carnall,dcarnalln3@google.com.hk,Genderqueer,208.169.118.68
833,Winna,Vallens,wvallensn4@youku.com,Agender,203.85.145.69
834,Geraldine,Gonnel,ggonneln5@dailymotion.com,Agender,47.142.89.144
835,Terri-jo,Ivasyushkin,tivasyushkinn6@amazon.co.jp,Agender,245.41.204.162
836,Feodor,Bachnic,fbachnicn7@stumbleupon.com,Genderqueer,22.109.82.189
837,Duane,Chicco,dchiccon8@slideshare.net,Genderqueer,252.203.91.136
838,Tomas,Dennitts,tdennittsn9@pinterest.com,Non-binary,77.55.24.229
839,Fredrick,Hayden,fhaydenna@imageshack.us,Genderqueer,14.53.28.6
840,Kellby,Aleksic,kaleksicnb@prweb.com,Genderqueer,219.215.194.52
841,Ashia,Rockhall,arockhallnc@boston.com,Male,98.254.189.225
842,Krystal,Girardet,kgirardetnd@ask.com,Polygender,38.69.221.251
843,Katrinka,Pering,kperingne@oakley.com,Non-binary,248.122.50.149
844,Helyn,Nequest,hnequestnf@ox.ac.uk,Genderqueer,231.12.44.225
845,Husain,Ferrettino,hferrettinong@ycombinator.com,Genderqueer,103.222.168.225
846,Galen,Hamsley,ghamsleynh@surveymonkey.com,Male,56.112.188.107
847,Ray,Handke,rhandkeni@vistaprint.com,Agender,172.198.216.167
848,Phillie,Scripps,pscrippsnj@cargocollective.com,Genderqueer,189.149.210.224
849,Lisbeth,McElrath,lmcelrathnk@tmall.com,Bigender,253.75.223.157
850,Prissie,Ciric,pciricnl@opensource.org,Genderfluid,248.1.135.82
851,Hobard,Avard,havardnm@constantcontact.com,Agender,163.110.251.53
852,Brenn,Stimson,bstimsonnn@unicef.org,Genderfluid,137.198.153.215
853,Marline,MacGahy,mmacgahyno@economist.com,Polygender,226.66.32.64
854,Giffard,McMurdo,gmcmurdonp@nationalgeographic.com,Agender,7.43.43.150
855,Culley,Zottoli,czottolinq@loc.gov,Agender,228.207.202.160
856,Ninon,Blannin,nblanninnr@blogspot.com,Male,19.120.230.42
857,Gretal,Lovelace,glovelacens@cam.ac.uk,Bigender,98.46.214.153
858,Charin,Duny,cdunynt@accuweather.com,Male,21.14.164.123
859,Frasier,Cessford,fcessfordnu@photobucket.com,Female,212.65.105.126
860,Ferrel,Garnam,fgarnamnv@w3.org,Non-binary,102.207.197.217
861,Judy,Courtliff,jcourtliffnw@miitbeian.gov.cn,Polygender,163.1.249.2
862,Henriette,Rhubottom,hrhubottomnx@quantcast.com,Non-binary,71.225.55.126
863,Darby,Davidi,ddavidiny@yellowbook.com,Agender,43.48.150.122
864,Flinn,Montilla,fmontillanz@merriam-webster.com,Male,252.56.111.243
865,Octavia,Fetterplace,ofetterplaceo0@mac.com,Genderfluid,64.235.205.108
866,Worden,Gotfrey,wgotfreyo1@omniture.com,Polygender,169.49.126.107
867,Kirbee,Raeside,kraesideo2@google.de,Genderfluid,232.150.48.180
868,Tades,Thirlaway,tthirlawayo3@ucsd.edu,Female,65.177.102.210
869,Ulrike,Floris,ufloriso4@japanpost.jp,Non-binary,4.32.33.142
870,Duff,Licciardo,dlicciardoo5@qq.com,Genderqueer,217.194.16.52
871,Babbette,Cattlemull,bcattlemullo6@google.com.hk,Bigender,213.69.22.251
872,Woody,Bamlett,wbamletto7@sogou.com,Female,175.158.183.27
873,Alard,Turmall,aturmallo8@amazon.com,Non-binary,237.216.247.1
874,Jaquith,Toon,jtoono9@smh.com.au,Female,156.239.219.143
875,Manon,Gyorgy,mgyorgyoa@domainmarket.com,Male,178.207.85.234
876,Dulsea,Gimert,dgimertob@webs.com,Polygender,92.0.105.6
877,Brad,Fahey,bfaheyoc@reuters.com,Genderqueer,232.184.209.112
878,Shirl,Hirschmann,shirschmannod@rediff.com,Genderqueer,150.12.25.191
879,Tadd,Nertney,tnertneyoe@123-reg.co.uk,Female,111.151.184.46
880,Orelie,Rizzelli,orizzelliof@privacy.gov.au,Genderqueer,58.243.242.194
881,Renell,Pinshon,rpinshonog@tripadvisor.com,Polygender,191.130.10.148
882,Morgen,Martinez,mmartinezoh@newsvine.com,Agender,189.178.222.82
883,Bartholemy,Lombard,blombardoi@usatoday.com,Genderfluid,193.54.139.197
884,Curtice,Canfer,ccanferoj@ameblo.jp,Bigender,140.49.8.22
885,Meara,Bernini,mberniniok@prnewswire.com,Genderqueer,56.7.246.127
886,Elliott,Swinerd,eswinerdol@howstuffworks.com,Bigender,238.119.166.138
887,Rafi,Russe,rrusseom@senate.gov,Non-binary,80.73.229.207
888,Lek,Pirozzi,lpirozzion@wired.com,Female,221.164.196.18
889,Emile,Mattea,ematteaoo@amazon.de,Non-binary,47.2.22.221
890,Jodee,Caldron,jcaldronop@wikispaces.com,Male,95.81.250.184
891,Simona,Pietersen,spietersenoq@dyndns.org,Polygender,133.44.70.13
892,Vilhelmina,Allsup,vallsupor@w3.org,Male,67.99.92.68
893,Goldi,Glynn,gglynnos@jimdo.com,Genderfluid,252.34.53.158
894,Kanya,Jzak,kjzakot@ow.ly,Genderfluid,135.141.252.53
895,Merwyn,Bache,mbacheou@hubpages.com,Bigender,65.12.199.141
896,Edee,Eytel,eeytelov@globo.com,Female,76.22.47.22
897,Hanni,D'Orsay,hdorsayow@tripadvisor.com,Genderqueer,198.44.250.61
898,Valene,Laborda,vlabordaox@dailymail.co.uk,Male,108.56.229.32
899,Xever,Panting,xpantingoy@bizjournals.com,Female,123.130.72.60
900,Berti,Bartomeu,bbartomeuoz@prweb.com,Genderqueer,82.132.228.16
901,Imojean,Skillett,iskillettp0@storify.com,Genderfluid,143.177.91.186
902,Nessa,Orrow,norrowp1@liveinternet.ru,Agender,230.191.99.129
903,Anne-corinne,De Few,adefewp2@shutterfly.com,Genderqueer,139.199.242.165
904,Debi,Skeleton,dskeletonp3@rediff.com,Female,79.186.30.166
905,Vladimir,Piccard,vpiccardp4@rakuten.co.jp,Agender,251.77.138.52
906,Mackenzie,Trudgeon,mtrudgeonp5@about.com,Agender,233.174.232.26
907,Ewart,Blooman,ebloomanp6@alibaba.com,Genderqueer,158.113.130.114
908,Byron,Halle,bhallep7@seesaa.net,Polygender,92.109.166.187
909,Bret,Oen,boenp8@infoseek.co.jp,Polygender,156.103.214.101
910,Erika,Labrow,elabrowp9@nps.gov,Female,126.251.100.0
911,Lola,Greystoke,lgreystokepa@mit.edu,Female,16.71.192.227
912,Clementius,McFie,cmcfiepb@wp.com,Male,177.63.233.237
913,Deedee,Houseman,dhousemanpc@mapy.cz,Genderfluid,121.159.135.30
914,Bridget,Linstead,blinsteadpd@printfriendly.com,Bigender,248.255.54.56
915,Margarethe,Edlyne,medlynepe@zdnet.com,Male,236.84.234.78
916,Carmel,Brenstuhl,cbrenstuhlpf@loc.gov,Genderfluid,238.239.94.24
917,Henderson,Benez,hbenezpg@artisteer.com,Genderqueer,23.1.128.161
918,Lannie,Willmott,lwillmottph@mozilla.org,Polygender,178.81.92.2
919,Gui,Pinwell,gpinwellpi@reddit.com,Non-binary,67.5.72.69
920,Samuel,Henker,shenkerpj@com.com,Polygender,190.1.109.14
921,Sheelah,Dunckley,sdunckleypk@com.com,Genderqueer,92.135.156.77
922,Janel,Gotts,jgottspl@goo.gl,Non-binary,175.113.230.57
923,Herc,Huelin,hhuelinpm@discovery.com,Non-binary,89.66.102.37
924,Riobard,Worham,rworhampn@yale.edu,Genderfluid,169.235.157.45
925,Vidovik,Dubble,vdubblepo@meetup.com,Genderqueer,91.127.71.153
926,Randolph,Graundisson,rgraundissonpp@wikipedia.org,Genderfluid,252.61.181.175
927,Rich,Betancourt,rbetancourtpq@amazon.com,Agender,94.181.53.215
928,Darrel,Eliez,deliezpr@devhub.com,Agender,46.63.118.31
929,Farleigh,Purrier,fpurrierps@geocities.com,Female,26.121.89.83
930,Margaux,Bockett,mbockettpt@joomla.org,Genderqueer,119.91.54.88
931,Hesther,Winward,hwinwardpu@nature.com,Bigender,57.74.46.96
932,Sarge,Godspeede,sgodspeedepv@java.com,Bigender,66.79.14.58
933,Kania,Rigler,kriglerpw@yellowpages.com,Female,148.247.129.74
934,Craggy,Ballinghall,cballinghallpx@ezinearticles.com,Polygender,16.238.91.113
935,Farrel,Gillow,fgillowpy@tripadvisor.com,Female,134.104.135.105
936,Boone,Domokos,bdomokospz@cyberchimps.com,Genderqueer,124.51.11.58
937,Cheston,Swinfen,cswinfenq0@auda.org.au,Non-binary,26.51.95.60
938,Valma,Sapir,vsapirq1@trellian.com,Non-binary,252.69.101.205
939,Rad,Newlin,rnewlinq2@php.net,Bigender,30.245.112.219
940,Bailie,Lathe,blatheq3@nhs.uk,Agender,117.128.198.106
941,Tessa,Aslott,taslottq4@privacy.gov.au,Non-binary,133.206.70.10
942,Philipa,Besson,pbessonq5@vimeo.com,Genderqueer,211.184.44.102
943,Malory,Ashfull,mashfullq6@blogspot.com,Female,34.200.63.191
944,Kakalina,Colbertson,kcolbertsonq7@google.ca,Polygender,198.200.58.167
945,Gay,Douris,gdourisq8@seesaa.net,Non-binary,138.175.135.87
946,Lona,Catanheira,lcatanheiraq9@live.com,Polygender,81.212.169.159
947,Sean,Fenners,sfennersqa@gmpg.org,Agender,97.210.49.81
948,Trixi,Dibnah,tdibnahqb@yandex.ru,Male,218.117.210.160
949,Andria,Gooly,agoolyqc@de.vu,Polygender,119.137.234.239
950,Elfreda,Higgen,ehiggenqd@parallels.com,Agender,155.19.76.97
951,Blinnie,Elman,belmanqe@mozilla.com,Polygender,75.3.101.183
952,Adrianne,Illsley,aillsleyqf@cocolog-nifty.com,Female,229.93.198.201
953,Jesus,Poolman,jpoolmanqg@youku.com,Polygender,28.111.85.231
954,Johnathon,Hexam,jhexamqh@ustream.tv,Polygender,44.209.127.98
955,Sara,Gorman,sgormanqi@sogou.com,Bigender,230.151.93.221
956,Clayborn,Pagnin,cpagninqj@sfgate.com,Male,67.206.188.152
957,Erin,Thurbon,ethurbonqk@nifty.com,Male,127.24.249.126
958,Marylou,Plover,mploverql@studiopress.com,Bigender,239.11.53.159
959,Alastair,Coleshill,acoleshillqm@vistaprint.com,Genderqueer,225.40.221.29
960,Wit,Jeannin,wjeanninqn@boston.com,Non-binary,200.193.131.220
961,Kermy,Courtney,kcourtneyqo@whitehouse.gov,Non-binary,43.36.222.69
962,Saundra,Desaur,sdesaurqp@businesswire.com,Genderqueer,80.229.103.215
963,Thibaud,Bosson,tbossonqq@who.int,Genderfluid,136.213.136.2
964,Ahmed,Ellingham,aellinghamqr@ameblo.jp,Genderfluid,59.222.28.123
965,Harlene,Glanville,hglanvilleqs@about.com,Male,98.235.105.202
966,Upton,Steddall,usteddallqt@printfriendly.com,Female,207.83.47.143
967,Eveline,Collman,ecollmanqu@intel.com,Polygender,20.233.171.188
968,Mikael,Stych,mstychqv@nsw.gov.au,Bigender,209.83.112.233
969,Terry,Restorick,trestorickqw@mediafire.com,Polygender,37.156.231.33
970,Florencia,Brockett,fbrockettqx@google.com.au,Polygender,255.50.219.84
971,Enid,Pingstone,epingstoneqy@army.mil,Genderfluid,243.7.80.168
972,Micah,Shapera,mshaperaqz@china.com.cn,Polygender,186.176.165.2
973,Mathian,Dunlap,mdunlapr0@soup.io,Male,119.16.255.27
974,Shane,Lapthorne,slapthorner1@dot.gov,Non-binary,32.248.3.179
975,Margaretta,MacEllen,mmacellenr2@mayoclinic.com,Bigender,159.1.110.183
976,Eugenius,Donisthorpe,edonisthorper3@123-reg.co.uk,Non-binary,72.140.81.8
977,Freeman,McNickle,fmcnickler4@usda.gov,Genderqueer,66.66.206.222
978,Jillie,Hayes,jhayesr5@51.la,Female,243.154.163.87
979,Theressa,Baynom,tbaynomr6@free.fr,Female,177.77.132.28
980,Connie,Tomek,ctomekr7@census.gov,Non-binary,174.13.251.226
981,Alena,Loweth,alowethr8@ted.com,Male,150.17.102.109
982,Shel,Oty,sotyr9@go.com,Female,180.196.15.23
983,Iver,Kynastone,ikynastonera@jigsy.com,Bigender,247.110.176.231
984,Nevins,Smieton,nsmietonrb@mozilla.org,Male,227.35.204.222
985,Sydney,Matuschek,smatuschekrc@odnoklassniki.ru,Female,169.130.25.222
986,Ddene,Whillock,dwhillockrd@google.co.uk,Genderqueer,128.147.236.125
987,Mommy,Emanuelov,memanuelovre@newsvine.com,Genderqueer,83.103.3.99
988,Gene,Pykerman,gpykermanrf@vkontakte.ru,Genderfluid,38.218.157.161
989,Lucy,Myring,lmyringrg@xing.com,Genderfluid,175.123.108.173
990,Janet,Maggill'Andreis,jmaggillandreisrh@cdc.gov,Agender,29.119.172.246
991,Hurley,Cahill,hcahillri@dell.com,Genderqueer,55.251.238.107
992,Isidoro,Huby,ihubyrj@digg.com,Genderfluid,235.0.143.193
993,Doralia,Kerley,dkerleyrk@nps.gov,Bigender,225.94.153.79
994,Laurent,Leggis,lleggisrl@discovery.com,Genderfluid,187.154.68.83
995,Goldarina,Ness,gnessrm@paypal.com,Agender,248.253.253.16
996,Nappy,Littell,nlittellrn@merriam-webster.com,Polygender,232.178.166.110
997,Ferne,Westwood,fwestwoodro@jugem.jp,Non-binary,169.152.230.96
998,Katerina,Duddell,kduddellrp@e-recht24.de,Male,200.178.50.36
999,Mano,Deinhard,mdeinhardrq@wordpress.com,Genderfluid,184.83.104.152
1000,Ragnar,Piddington,rpiddingtonrr@devhub.com,Male,129.15.48.229
