id,first_name,last_name,email,gender,ip_address
1,Jan,Hurl,jhurl0@liveinternet.ru,Female,110.162.215.58
2,Janeczka,Imesson,jimesson1@wordpress.com,Polygender,100.167.153.109
3,Angel,Bernard,abernard2@ucoz.ru,Agender,226.18.68.181
4,Alysia,Minchinton,aminchinton3@vimeo.com,Bigender,37.238.210.183
5,Anestassia,Jakubowsky,ajakubowsky4@ibm.com,Polygender,118.169.124.60
6,Jean,Itscowicz,jitscowicz5@jiathis.com,Male,179.223.189.215
7,Ree,Sarchwell,rsarchwell6@google.pl,Genderqueer,192.14.174.232
8,Nelly,Chiplen,nchiplen7@seattletimes.com,Genderfluid,147.104.255.118
9,Ferris,Lukasik,flukasik8@newsvine.com,Genderqueer,64.5.1.178
10,Phil,Viegas,pviegas9@mozilla.org,Polygender,106.176.191.148
11,Arni,Adamthwaite,aadamthwaitea@edublogs.org,Polygender,205.21.231.249
12,Seana,Tompkiss,stompkissb@dell.com,Male,209.245.135.143
13,Jyoti,Laven,jlavenc@amazon.co.uk,Genderqueer,150.203.221.117
14,Alvin,Filoniere,afiloniered@plala.or.jp,Non-binary,127.101.131.83
15,Pennie,Sloegrave,psloegravee@desdev.cn,Female,219.242.153.210
16,Cassondra,Mulford,cmulfordf@miitbeian.gov.cn,Genderfluid,195.110.236.181
17,Evey,Ellwand,eellwandg@indiatimes.com,Genderqueer,103.185.222.207
18,Tabor,Grigsby,tgrigsbyh@wiley.com,Agender,73.255.98.35
19,Starla,Saker,ssakeri@engadget.com,Non-binary,193.138.106.242
20,Goddard,Moden,gmodenj@virginia.edu,Female,93.214.16.68
21,Cortney,Minter,cminterk@goo.gl,Agender,16.152.129.223
22,Konstantine,Strong,kstrongl@techcrunch.com,Non-binary,38.44.26.225
23,Tam,Scarr,tscarrm@nsw.gov.au,Male,34.57.152.70
24,Myrtie,Hucke,mhucken@businesswire.com,Genderqueer,173.130.149.20
25,Juliane,Ivanchikov,jivanchikovo@aboutads.info,Genderfluid,203.130.158.223
26,Diarmid,Mackelworth,dmackelworthp@baidu.com,Male,102.195.175.33
27,Lea,Sabben,lsabbenq@time.com,Genderfluid,135.8.202.114
28,Matilda,Granger,mgrangerr@histats.com,Genderqueer,147.48.198.213
29,Aluino,Rohloff,arohloffs@over-blog.com,Genderfluid,237.80.168.205
30,Benoit,Yves,byvest@fda.gov,Genderqueer,151.226.245.87
31,Mycah,Wasmer,mwasmeru@blogspot.com,Polygender,144.26.210.84
32,Rheta,Huffa,rhuffav@facebook.com,Non-binary,216.92.103.41
33,Mignon,Lessmare,mlessmarew@tumblr.com,Genderfluid,92.175.84.190
34,Lorilee,Ryley,lryleyx@bbc.co.uk,Female,101.13.100.25
35,Stephana,De Brett,sdebretty@skyrock.com,Genderqueer,239.183.229.61
36,Yolane,De Minico,ydeminicoz@thetimes.co.uk,Female,122.138.157.241
37,Ariana,Karolczyk,akarolczyk10@hubpages.com,Bigender,154.44.87.224
38,Ambrosio,Baroc,abaroc11@lulu.com,Male,162.80.82.129
39,Gradeigh,Gitsham,ggitsham12@icio.us,Female,8.187.186.101
40,Eziechiele,Gilfillan,egilfillan13@de.vu,Polygender,24.92.30.196
41,Andros,Haddleton,ahaddleton14@google.com.br,Genderfluid,179.174.92.211
42,Emilee,Shirlaw,eshirlaw15@yolasite.com,Bigender,74.208.243.15
43,Anallese,Magnus,amagnus16@accuweather.com,Genderqueer,32.81.106.13
44,Maren,Hoyer,mhoyer17@businessinsider.com,Polygender,228.32.26.237
45,Dulcea,Harmon,dharmon18@slashdot.org,Genderfluid,31.25.231.24
46,Merralee,Garms,mgarms19@creativecommons.org,Non-binary,20.29.89.160
47,Jerad,Mooreed,jmooreed1a@usgs.gov,Female,85.194.240.122
48,Fernandina,Juanes,fjuanes1b@hp.com,Bigender,218.181.176.226
49,Josiah,Lehr,jlehr1c@umn.edu,Agender,4.230.38.203
50,Abramo,Reasce,areasce1d@example.com,Male,3.203.163.20
51,Forster,Vowles,fvowles1e@photobucket.com,Agender,122.76.94.215
52,Merry,Schachter,mschachter1f@surveymonkey.com,Bigender,236.215.62.168
53,Keri,Rogerson,krogerson1g@bing.com,Polygender,251.125.11.222
54,Linn,Burfoot,lburfoot1h@aol.com,Genderfluid,196.119.7.28
55,Creigh,Lamming,clamming1i@g.co,Agender,17.159.165.5
56,Husein,Woolmington,hwoolmington1j@vimeo.com,Bigender,162.170.130.11
57,Ogdon,Manueau,omanueau1k@taobao.com,Female,152.82.238.67
58,Ora,Cerro,ocerro1l@paginegialle.it,Agender,146.88.109.38
59,Rebecca,Tudgay,rtudgay1m@webnode.com,Female,118.46.159.241
60,Elena,Heaney,eheaney1n@discovery.com,Male,26.214.78.111
61,Loree,O'Hickey,lohickey1o@cocolog-nifty.com,Agender,198.19.147.201
62,Alecia,Geeraert,ageeraert1p@hibu.com,Genderfluid,177.168.62.106
63,Osbourn,Ballendine,oballendine1q@issuu.com,Polygender,78.162.117.64
64,Janella,Fenelon,jfenelon1r@topsy.com,Female,114.202.32.237
65,Leland,Eiler,leiler1s@uiuc.edu,Male,74.215.142.223
66,Rowan,McBeth,rmcbeth1t@google.nl,Agender,70.218.140.91
67,Roby,Cristofvao,rcristofvao1u@independent.co.uk,Male,114.161.138.112
68,Phebe,Stonhouse,pstonhouse1v@last.fm,Male,191.249.161.55
69,Beverley,Layhe,blayhe1w@globo.com,Polygender,105.15.202.107
70,Cos,Nockolds,cnockolds1x@hc360.com,Genderqueer,134.121.255.111
71,Enos,Ferruzzi,eferruzzi1y@hibu.com,Genderqueer,106.228.140.100
72,Currie,Demchen,cdemchen1z@thetimes.co.uk,Non-binary,251.60.180.221
73,Glynn,Dizlie,gdizlie20@networksolutions.com,Polygender,167.41.128.239
74,Tabby,Churches,tchurches21@cnet.com,Bigender,106.243.205.146
75,Merrill,Tart,mtart22@yellowbook.com,Male,153.67.172.13
76,Odelle,Hallam,ohallam23@over-blog.com,Female,194.3.147.213
77,Gladi,Attoc,gattoc24@photobucket.com,Female,252.249.80.228
78,Kale,Petts,kpetts25@mozilla.com,Female,211.239.166.110
79,Joseph,Spurett,jspurett26@360.cn,Genderqueer,217.127.94.162
80,Fayth,Ruste,fruste27@sbwire.com,Agender,40.56.194.247
81,Harlene,Lamball,hlamball28@ca.gov,Genderfluid,219.61.144.54
82,Konstance,Surgey,ksurgey29@people.com.cn,Female,119.247.156.28
83,Jarrad,Elsmore,jelsmore2a@behance.net,Genderqueer,131.35.105.18
84,Janessa,De la Perrelle,jdelaperrelle2b@redcross.org,Genderfluid,37.88.51.170
85,Tris,Lowerson,tlowerson2c@ed.gov,Male,116.193.43.177
86,Conny,Lapley,clapley2d@google.it,Genderqueer,190.44.249.245
87,Chane,Hibling,chibling2e@intel.com,Male,16.35.93.193
88,Maressa,Londer,mlonder2f@mapquest.com,Bigender,25.49.60.144
89,Thekla,Spirit,tspirit2g@addthis.com,Bigender,78.158.112.233
90,Noach,Chaplyn,nchaplyn2h@shop-pro.jp,Male,5.23.150.27
91,Alfy,Sammon,asammon2i@dropbox.com,Male,221.37.93.43
92,Lorrie,Simony,lsimony2j@cbc.ca,Bigender,189.131.99.196
93,Gerik,Lagden,glagden2k@weibo.com,Agender,56.152.230.167
94,Ginevra,Dell Casa,gdellcasa2l@chron.com,Female,48.134.43.220
95,Orin,Rupel,orupel2m@miibeian.gov.cn,Agender,193.200.33.71
96,Amalita,Phare,aphare2n@chronoengine.com,Bigender,78.15.218.233
97,Jasmine,Tarry,jtarry2o@umn.edu,Agender,71.31.117.227
98,Rochelle,Littefair,rlittefair2p@moonfruit.com,Polygender,123.162.28.35
99,Peggy,Copin,pcopin2q@1688.com,Genderfluid,253.221.153.73
100,Sancho,Hagger,shagger2r@amazon.co.jp,Non-binary,175.54.159.178
101,Gamaliel,Medforth,gmedforth2s@jimdo.com,Genderqueer,162.96.89.50
102,Serena,Jenteau,sjenteau2t@nifty.com,Bigender,84.159.94.133
103,Chiarra,Ferrarello,cferrarello2u@wufoo.com,Polygender,164.114.205.201
104,Tova,Treadgall,ttreadgall2v@apple.com,Non-binary,49.178.183.57
105,Darrin,Heyns,dheyns2w@shinystat.com,Genderqueer,185.210.198.159
106,Neddy,Genever,ngenever2x@arizona.edu,Genderfluid,78.162.167.108
107,Annora,Joron,ajoron2y@ow.ly,Polygender,20.90.95.127
108,Tate,Dearn,tdearn2z@cafepress.com,Bigender,75.166.233.129
109,Elsbeth,Langmaid,elangmaid30@google.ca,Male,182.227.192.78
110,Yorke,Goad,ygoad31@deliciousdays.com,Genderqueer,104.171.53.93
111,Willamina,Sturrock,wsturrock32@upenn.edu,Bigender,28.56.136.185
112,Deck,Wilcott,dwilcott33@aboutads.info,Female,95.171.216.234
113,Benito,Cheese,bcheese34@goo.ne.jp,Non-binary,165.137.41.116
114,Maxie,Sutlieff,msutlieff35@sourceforge.net,Male,38.71.139.232
115,Raddy,McDuffie,rmcduffie36@wired.com,Bigender,212.214.8.81
116,Celina,Jopke,cjopke37@harvard.edu,Female,165.8.64.239
117,Emmalynn,Brewis,ebrewis38@dropbox.com,Agender,94.214.97.94
118,Valentia,Limeburner,vlimeburner39@businesswire.com,Polygender,160.247.178.88
119,Dianne,Samweyes,dsamweyes3a@tinyurl.com,Bigender,60.22.239.123
120,Conrado,Frostick,cfrostick3b@bloglines.com,Female,239.53.108.50
121,Gertrudis,Baiss,gbaiss3c@chron.com,Polygender,185.167.148.169
122,Farley,Pales,fpales3d@goodreads.com,Bigender,80.207.85.207
123,Brigitta,Scamerden,bscamerden3e@reference.com,Male,90.160.77.200
124,Leif,Bracknall,lbracknall3f@webs.com,Female,172.211.145.28
125,Corny,Rockhill,crockhill3g@businessinsider.com,Bigender,55.240.230.80
126,Chadd,Langley,clangley3h@uol.com.br,Agender,78.161.114.48
127,Nikita,Memmory,nmemmory3i@si.edu,Male,218.55.88.178
128,Amos,Cockayne,acockayne3j@yale.edu,Bigender,41.5.177.230
129,Richmond,Vicarey,rvicarey3k@samsung.com,Male,15.122.43.14
130,Claudianus,Peedell,cpeedell3l@alibaba.com,Non-binary,80.176.128.77
131,Heath,Whisson,hwhisson3m@ftc.gov,Genderqueer,88.47.74.84
132,Oliver,Lissett,olissett3n@networksolutions.com,Genderqueer,117.189.215.189
133,Harald,Pummell,hpummell3o@harvard.edu,Bigender,250.3.43.23
134,Barthel,Wheatland,bwheatland3p@meetup.com,Genderfluid,11.43.80.243
135,Kerrie,D'Elias,kdelias3q@oakley.com,Bigender,67.240.108.40
136,Aidan,Kerrane,akerrane3r@feedburner.com,Bigender,243.22.177.60
137,Maude,Goldsack,mgoldsack3s@zimbio.com,Non-binary,128.13.10.24
138,Vachel,Guiet,vguiet3t@springer.com,Non-binary,244.174.218.226
139,Wilow,Oughtright,woughtright3u@imgur.com,Male,159.111.44.28
140,Cesare,Rennels,crennels3v@yale.edu,Agender,105.240.207.127
141,Timmi,Bizley,tbizley3w@umich.edu,Genderfluid,181.160.191.104
142,Christan,Thomasset,cthomasset3x@discovery.com,Agender,192.236.107.206
143,Kelsey,Scrivin,kscrivin3y@chron.com,Male,121.14.71.219
144,Natalina,Pearlman,npearlman3z@ifeng.com,Bigender,69.215.19.197
145,Portia,Kahler,pkahler40@51.la,Male,153.52.154.206
146,Hugibert,Choules,hchoules41@domainmarket.com,Male,235.160.205.220
147,Minda,Kippax,mkippax42@geocities.com,Female,35.40.114.123
148,Saloma,Forsard,sforsard43@toplist.cz,Agender,248.243.59.206
149,Bernete,Vasiljevic,bvasiljevic44@canalblog.com,Non-binary,132.216.109.141
150,Stesha,Whiteway,swhiteway45@chron.com,Polygender,75.201.211.1
151,Randie,Wintle,rwintle46@soundcloud.com,Bigender,94.153.77.91
152,Beverly,Bloxsome,bbloxsome47@vimeo.com,Polygender,74.224.104.58
153,Gabie,Abramson,gabramson48@usa.gov,Female,204.23.76.248
154,Helaine,Gormley,hgormley49@cbsnews.com,Agender,239.184.235.94
155,Robbi,Benner,rbenner4a@geocities.jp,Genderfluid,190.225.58.85
156,Brennen,Robilliard,brobilliard4b@ycombinator.com,Bigender,113.1.206.244
157,Lynelle,Fitzsimons,lfitzsimons4c@twitter.com,Agender,60.5.244.16
158,Abra,Whittlesee,awhittlesee4d@bluehost.com,Female,223.136.174.219
159,Meagan,Sterte,msterte4e@dot.gov,Polygender,194.150.128.47
160,Donnie,Lauder,dlauder4f@rambler.ru,Female,194.230.23.21
161,Jo-ann,Collum,jcollum4g@scientificamerican.com,Non-binary,242.188.41.39
162,Tabbi,Buntine,tbuntine4h@vinaora.com,Female,217.7.183.167
163,Ken,Hartland,khartland4i@aboutads.info,Male,157.140.139.34
164,Faith,Ovenden,fovenden4j@phoca.cz,Polygender,40.240.186.142
165,Gusty,Corain,gcorain4k@forbes.com,Genderqueer,243.231.98.90
166,Hamil,Moorwood,hmoorwood4l@tripadvisor.com,Non-binary,96.198.1.158
167,Amalia,Huckle,ahuckle4m@t-online.de,Bigender,86.116.160.227
168,Brittaney,Batten,bbatten4n@4shared.com,Bigender,129.87.6.43
169,Ainsley,Kincade,akincade4o@usatoday.com,Female,207.198.187.54
170,Goran,Sutterby,gsutterby4p@howstuffworks.com,Polygender,22.179.246.60
171,Ella,Tallboy,etallboy4q@jugem.jp,Genderqueer,139.253.105.176
172,Harlan,Stutt,hstutt4r@digg.com,Bigender,133.117.188.125
173,Denny,Ranklin,dranklin4s@admin.ch,Non-binary,13.153.93.72
174,Reynard,McIntee,rmcintee4t@newsvine.com,Male,236.5.191.232
175,Rosita,Tromans,rtromans4u@huffingtonpost.com,Non-binary,195.145.241.130
176,Hendrik,Farres,hfarres4v@ucla.edu,Genderqueer,73.31.162.217
177,Poul,Krzysztof,pkrzysztof4w@newyorker.com,Male,136.202.103.80
178,Miof mela,Loalday,mloalday4x@wunderground.com,Female,26.172.21.53
179,Porty,Albasiny,palbasiny4y@ameblo.jp,Non-binary,92.93.26.227
180,Eugenie,Peck,epeck4z@wufoo.com,Female,218.38.132.83
181,Imogen,Scanes,iscanes50@de.vu,Genderqueer,173.113.165.243
182,Ilsa,Sheekey,isheekey51@omniture.com,Agender,190.31.91.153
183,Benyamin,Dalgarno,bdalgarno52@washington.edu,Bigender,126.107.164.221
184,Tam,Ennew,tennew53@parallels.com,Genderqueer,190.154.204.37
185,Sibyl,Watting,swatting54@joomla.org,Non-binary,217.246.68.61
186,Ethel,Vahl,evahl55@yale.edu,Genderfluid,84.36.69.150
187,Danna,Roumier,droumier56@theatlantic.com,Polygender,85.171.224.118
188,Dari,Mosco,dmosco57@goo.gl,Female,185.90.160.10
189,Janek,Resun,jresun58@1688.com,Polygender,242.109.187.163
190,Jazmin,Bagster,jbagster59@newyorker.com,Polygender,27.34.108.158
191,Hunter,Neeves,hneeves5a@washingtonpost.com,Agender,13.146.18.142
192,Creighton,Proby,cproby5b@woothemes.com,Female,140.111.217.223
193,Lexy,Daintrey,ldaintrey5c@usa.gov,Female,174.104.215.218
194,Hussein,Cabrales,hcabrales5d@home.pl,Genderfluid,127.105.70.46
195,Arlie,Limerick,alimerick5e@dailymotion.com,Bigender,155.68.202.15
196,Shoshanna,Rodenburg,srodenburg5f@nifty.com,Bigender,223.177.226.85
197,Zorah,Scamadin,zscamadin5g@adobe.com,Agender,75.93.252.205
198,Timmy,Dillinton,tdillinton5h@so-net.ne.jp,Bigender,200.204.170.231
199,Erhard,Lyver,elyver5i@furl.net,Female,26.153.137.202
200,Cammy,Lesmonde,clesmonde5j@over-blog.com,Agender,147.6.120.117
201,Quinton,Iacobini,qiacobini5k@dropbox.com,Polygender,162.207.200.43
202,Jerrie,Vicent,jvicent5l@discuz.net,Genderqueer,14.62.135.245
203,Zebadiah,Tupper,ztupper5m@sogou.com,Bigender,49.5.134.240
204,Peyton,Norkutt,pnorkutt5n@jigsy.com,Bigender,138.119.214.108
205,Trula,Mott,tmott5o@bravesites.com,Female,197.199.198.37
206,Stafani,Ivantsov,sivantsov5p@imageshack.us,Female,98.127.90.97
207,Pepito,Treace,ptreace5q@google.com.hk,Genderfluid,142.150.69.21
208,Fernande,Handscomb,fhandscomb5r@jigsy.com,Non-binary,239.49.75.111
209,Barbi,Vogel,bvogel5s@delicious.com,Polygender,35.94.212.27
210,Brandy,Westmerland,bwestmerland5t@pen.io,Female,214.206.86.216
211,Eleanor,Minico,eminico5u@senate.gov,Non-binary,5.193.40.102
212,Zed,Elgar,zelgar5v@vinaora.com,Agender,231.131.87.64
213,Ida,Norres,inorres5w@bloglovin.com,Male,231.44.124.242
214,Augustin,Murrthum,amurrthum5x@statcounter.com,Bigender,6.208.200.207
215,Jae,Peasnone,jpeasnone5y@google.nl,Genderqueer,136.106.192.129
216,Lyn,Jindrak,ljindrak5z@jugem.jp,Agender,35.124.179.206
217,Justis,Furmedge,jfurmedge60@hubpages.com,Male,170.180.33.97
218,Katharyn,Cuxson,kcuxson61@unesco.org,Agender,224.159.58.218
219,Rutherford,Blodgetts,rblodgetts62@weibo.com,Polygender,139.244.61.44
220,Lorine,Schubart,lschubart63@ox.ac.uk,Agender,193.241.157.233
221,Ellerey,Hinnerk,ehinnerk64@youtu.be,Male,122.10.222.9
222,Eduard,Antalffy,eantalffy65@squarespace.com,Bigender,114.121.138.70
223,Victoir,Rostern,vrostern66@opensource.org,Genderfluid,234.140.55.227
224,Misty,Sarney,msarney67@nsw.gov.au,Agender,54.186.221.165
225,Merna,Meakes,mmeakes68@newyorker.com,Non-binary,174.111.155.42
226,Sharla,Phebee,sphebee69@sphinn.com,Female,242.127.148.117
227,Doroteya,Cowmeadow,dcowmeadow6a@usgs.gov,Male,80.208.98.100
228,Elka,Sturgess,esturgess6b@irs.gov,Agender,19.6.9.47
229,Bruis,Newborn,bnewborn6c@hexun.com,Polygender,176.62.227.21
230,Shani,Sikorski,ssikorski6d@infoseek.co.jp,Female,4.166.174.40
231,Emelen,Hagston,ehagston6e@ft.com,Bigender,48.213.145.250
232,Dannie,Deedes,ddeedes6f@paginegialle.it,Genderfluid,137.231.243.64
233,Jon,Donett,jdonett6g@yale.edu,Agender,149.239.158.253
234,Denny,Gooderridge,dgooderridge6h@ftc.gov,Male,219.91.101.189
235,Selie,Deville,sdeville6i@smh.com.au,Female,31.139.93.190
236,Pauletta,Orae,porae6j@bbc.co.uk,Non-binary,154.203.92.111
237,Livvie,Fissenden,lfissenden6k@ibm.com,Female,171.116.40.66
238,Darsie,Yuille,dyuille6l@flavors.me,Agender,55.184.70.151
239,Emanuel,Karlmann,ekarlmann6m@uiuc.edu,Genderfluid,189.199.79.249
240,Jemima,Grishmanov,jgrishmanov6n@altervista.org,Genderqueer,91.217.162.32
241,Kim,Menci,kmenci6o@tamu.edu,Genderqueer,177.97.119.210
242,Serge,Bleesing,sbleesing6p@salon.com,Male,238.219.197.112
243,Angy,Dowsey,adowsey6q@amazon.co.uk,Bigender,145.136.27.206
244,Chrisse,Grumble,cgrumble6r@nih.gov,Agender,232.89.38.229
245,Tiff,Lissett,tlissett6s@jugem.jp,Male,194.182.136.35
246,Eugenius,Farington,efarington6t@google.com.au,Male,179.74.49.24
247,Abram,Blemings,ablemings6u@squidoo.com,Polygender,67.247.233.129
248,Valli,Maslin,vmaslin6v@ameblo.jp,Genderfluid,208.136.89.105
249,Seth,Geffcock,sgeffcock6w@uiuc.edu,Bigender,17.142.131.143
250,Nicholle,Aston,naston6x@mac.com,Bigender,130.217.72.105
251,Antin,Kruszelnicki,akruszelnicki6y@dell.com,Genderfluid,64.90.171.3
252,Kearney,Charlin,kcharlin6z@icio.us,Agender,151.148.231.228
253,Stace,Kimbrough,skimbrough70@hhs.gov,Bigender,80.245.114.151
254,Christi,Holstein,cholstein71@bloglovin.com,Genderfluid,96.122.213.20
255,Kath,Baldini,kbaldini72@berkeley.edu,Female,233.199.140.65
256,Jinny,Frost,jfrost73@jiathis.com,Genderqueer,19.26.64.148
257,Beltran,McCathay,bmccathay74@chron.com,Non-binary,4.164.92.16
258,Tobye,Heather,theather75@cnn.com,Genderfluid,61.109.75.30
259,Yolanda,Truett,ytruett76@elpais.com,Genderfluid,52.223.201.37
260,Celia,MacAdie,cmacadie77@smugmug.com,Non-binary,210.87.191.43
261,Emelina,Dowman,edowman78@artisteer.com,Polygender,70.88.159.194
262,Sky,Dory,sdory79@scribd.com,Male,80.145.252.198
263,Tull,Ewins,tewins7a@marketwatch.com,Genderqueer,106.8.192.180
264,Knox,Starsmeare,kstarsmeare7b@github.io,Non-binary,225.177.127.91
265,Wanda,Herrieven,wherrieven7c@hibu.com,Non-binary,170.214.31.233
266,Sandro,McKeran,smckeran7d@instagram.com,Female,47.125.83.206
267,Boothe,Chisolm,bchisolm7e@shinystat.com,Female,98.211.62.157
268,Sammy,McGaw,smcgaw7f@vk.com,Agender,163.199.105.149
269,Elga,Broxup,ebroxup7g@uiuc.edu,Agender,51.18.185.74
270,Jobye,Fyrth,jfyrth7h@redcross.org,Female,119.84.113.13
271,Herculie,Kenset,hkenset7i@ask.com,Genderfluid,18.11.254.16
272,Shannon,Twidle,stwidle7j@cyberchimps.com,Polygender,251.127.200.50
273,Elwood,Philips,ephilips7k@prnewswire.com,Bigender,110.253.193.84
274,Joseph,Pappin,jpappin7l@msn.com,Non-binary,99.46.224.194
275,Nev,Lintot,nlintot7m@pen.io,Agender,93.73.207.21
276,Inessa,Lockery,ilockery7n@apple.com,Genderfluid,147.248.194.170
277,Roseline,Gaskoin,rgaskoin7o@ihg.com,Bigender,237.229.47.222
278,Kylie,Mabbot,kmabbot7p@redcross.org,Agender,175.28.187.60
279,Abran,Waber,awaber7q@netscape.com,Female,29.138.149.149
280,Nevil,Illiston,nilliston7r@senate.gov,Genderfluid,200.175.188.227
281,Glenine,Godfery,ggodfery7s@huffingtonpost.com,Agender,83.212.172.41
282,Lorinda,Scrace,lscrace7t@answers.com,Polygender,127.52.137.98
283,Kim,Darington,kdarington7u@networksolutions.com,Genderfluid,158.154.109.71
284,Blake,Labro,blabro7v@aboutads.info,Male,179.17.209.92
285,Tuck,Marushak,tmarushak7w@wp.com,Polygender,19.181.99.172
286,Shalna,McGorman,smcgorman7x@cocolog-nifty.com,Male,41.162.179.181
287,Anni,Davidesco,adavidesco7y@unesco.org,Female,203.51.196.230
288,Bethanne,Kirman,bkirman7z@altervista.org,Genderqueer,13.40.72.190
289,Angel,Fernely,afernely80@economist.com,Male,85.223.189.237
290,Sapphire,Mansbridge,smansbridge81@ca.gov,Agender,90.113.17.122
291,Darrelle,Pursglove,dpursglove82@bloomberg.com,Male,210.144.15.239
292,Robin,Brydon,rbrydon83@google.com,Polygender,105.189.21.242
293,Sibeal,Ginni,sginni84@cisco.com,Polygender,150.159.201.118
294,Theressa,Caseley,tcaseley85@blogtalkradio.com,Genderfluid,242.149.234.241
295,Melamie,Bindley,mbindley86@wufoo.com,Agender,99.93.22.8
296,Lind,Coger,lcoger87@rambler.ru,Non-binary,39.153.134.90
297,Darill,Latore,dlatore88@facebook.com,Female,0.1.253.86
298,Idalina,Huebner,ihuebner89@chronoengine.com,Male,151.31.109.68
299,Jacenta,Syres,jsyres8a@washingtonpost.com,Non-binary,190.79.122.206
300,Lucais,Connaughton,lconnaughton8b@accuweather.com,Female,35.162.112.130
301,Daniela,Gannaway,dgannaway8c@cloudflare.com,Bigender,131.194.222.7
302,Gilbertine,Simmank,gsimmank8d@squarespace.com,Male,238.0.23.71
303,Ivor,Seckington,iseckington8e@blogs.com,Female,179.47.148.43
304,Orel,Skedgell,oskedgell8f@kickstarter.com,Polygender,101.37.247.140
305,Daffi,De Cleen,ddecleen8g@blog.com,Genderqueer,144.159.49.160
306,Issi,Jennrich,ijennrich8h@psu.edu,Genderqueer,252.46.105.214
307,Jill,Meagh,jmeagh8i@so-net.ne.jp,Bigender,160.229.57.109
308,Katey,Ruppert,kruppert8j@hc360.com,Male,178.200.123.222
309,Iosep,Lottrington,ilottrington8k@alibaba.com,Female,77.229.56.188
310,Felicdad,Lauridsen,flauridsen8l@ifeng.com,Male,81.36.179.128
311,Courtnay,Courtier,ccourtier8m@arstechnica.com,Genderfluid,218.66.104.58
312,Tedda,Yglesia,tyglesia8n@yellowpages.com,Polygender,239.38.149.202
313,Gav,Gabe,ggabe8o@abc.net.au,Genderfluid,148.198.201.149
314,Joby,Padly,jpadly8p@salon.com,Female,250.80.249.44
315,Prinz,Cancutt,pcancutt8q@cafepress.com,Genderfluid,49.242.230.81
316,Vina,Kellet,vkellet8r@wordpress.org,Polygender,193.200.147.138
317,Jan,Cray,jcray8s@cdbaby.com,Genderfluid,240.17.82.139
318,Sonny,Drewe,sdrewe8t@barnesandnoble.com,Female,95.106.146.190
319,Valera,Milburn,vmilburn8u@hexun.com,Bigender,10.126.231.225
320,Lusa,Reneke,lreneke8v@dot.gov,Polygender,246.211.32.127
321,Jeanine,Klambt,jklambt8w@home.pl,Male,146.135.150.193
322,Marya,Karpfen,mkarpfen8x@e-recht24.de,Genderfluid,142.31.107.64
323,Erny,Henricsson,ehenricsson8y@reverbnation.com,Genderfluid,120.149.246.181
324,Clerc,Offield,coffield8z@tumblr.com,Polygender,123.188.21.86
325,Hillel,Leisman,hleisman90@e-recht24.de,Genderqueer,198.52.112.172
326,Lyndsey,Wake,lwake91@hostgator.com,Non-binary,27.135.12.114
327,Matt,Downie,mdownie92@blog.com,Bigender,26.151.84.166
328,Eudora,Husby,ehusby93@nydailynews.com,Agender,182.102.106.210
329,Sidney,Larvent,slarvent94@xrea.com,Genderqueer,123.248.84.129
330,Gigi,Chaddock,gchaddock95@issuu.com,Female,131.67.108.209
331,Fawn,Karolewski,fkarolewski96@cpanel.net,Bigender,146.198.141.83
332,Emmeline,Westby,ewestby97@wikispaces.com,Female,8.152.97.158
333,Rhona,McKmurrie,rmckmurrie98@google.cn,Bigender,29.104.47.26
334,Murray,Fust,mfust99@icio.us,Genderfluid,212.126.59.211
335,Robers,Pass,rpass9a@list-manage.com,Polygender,64.176.154.2
336,Etheline,Gosenell,egosenell9b@studiopress.com,Genderqueer,11.210.32.16
337,Gavrielle,Jevon,gjevon9c@hibu.com,Genderfluid,58.224.227.135
338,Stearn,Dawnay,sdawnay9d@phoca.cz,Male,72.203.2.37
339,Gloriana,O'Dyvoie,godyvoie9e@gravatar.com,Polygender,81.239.20.225
340,Herman,Sodor,hsodor9f@so-net.ne.jp,Agender,151.121.80.193
341,Eb,Baigent,ebaigent9g@ehow.com,Female,94.187.29.89
342,Bone,Petry,bpetry9h@ifeng.com,Bigender,164.37.25.122
343,Anallise,Boughtflower,aboughtflower9i@ehow.com,Genderqueer,56.155.28.7
344,Cointon,Trollope,ctrollope9j@t.co,Genderqueer,192.178.217.76
345,Daniella,Jewks,djewks9k@discovery.com,Genderfluid,122.83.207.179
346,Carilyn,Medlicott,cmedlicott9l@cisco.com,Female,6.24.119.224
347,Beverlie,Olyff,bolyff9m@hexun.com,Male,211.121.48.61
348,Sonya,Olohan,solohan9n@bing.com,Bigender,222.130.254.93
349,Austina,Basnall,abasnall9o@businessweek.com,Genderfluid,208.47.245.89
350,Johanna,Dodshon,jdodshon9p@virginia.edu,Polygender,90.102.23.16
351,Hillel,Cauthra,hcauthra9q@bluehost.com,Female,175.44.103.45
352,Eziechiele,MacTrusty,emactrusty9r@moonfruit.com,Bigender,53.225.127.209
353,Egbert,Fidell,efidell9s@skype.com,Polygender,187.184.220.50
354,Barry,Jouaneton,bjouaneton9t@businesswire.com,Polygender,156.128.121.12
355,Carline,Ohrt,cohrt9u@slideshare.net,Bigender,251.227.23.188
356,Babs,Viall,bviall9v@blog.com,Genderqueer,152.253.226.135
357,Murry,Mantram,mmantram9w@plala.or.jp,Female,226.17.158.229
358,Gustie,Frarey,gfrarey9x@icio.us,Polygender,169.218.110.132
359,Dominique,Eble,deble9y@rakuten.co.jp,Bigender,40.143.180.166
360,Amelina,Noller,anoller9z@jugem.jp,Male,225.98.3.228
361,Olive,Abrahamsson,oabrahamssona0@lycos.com,Agender,203.159.36.225
362,Aline,Celes,acelesa1@jalbum.net,Non-binary,94.96.44.51
363,Faunie,Brecknall,fbrecknalla2@reuters.com,Genderqueer,220.87.166.90
364,Happy,Okell,hokella3@forbes.com,Agender,107.120.212.45
365,Dewitt,Calton,dcaltona4@163.com,Agender,4.97.94.195
366,Geno,Pott,gpotta5@oracle.com,Female,63.23.109.171
367,Willyt,Tague,wtaguea6@nbcnews.com,Genderqueer,146.71.25.175
368,Gale,Rainford,grainforda7@google.co.uk,Genderqueer,158.218.150.45
369,Valentijn,McCrachen,vmccrachena8@earthlink.net,Polygender,108.184.128.134
370,Gherardo,Trencher,gtrenchera9@hibu.com,Agender,57.32.117.46
371,Fawn,Strathern,fstrathernaa@instagram.com,Polygender,80.121.236.165
372,Joana,Linfitt,jlinfittab@aol.com,Genderfluid,63.78.168.60
373,Randie,Goldup,rgoldupac@soundcloud.com,Genderqueer,9.30.129.248
374,Daniela,Dowall,ddowallad@virginia.edu,Genderfluid,147.211.21.49
375,Carolyne,Hofler,choflerae@sfgate.com,Non-binary,177.142.255.180
376,Bobbie,Penberthy,bpenberthyaf@ucsd.edu,Polygender,1.74.192.120
377,Winni,Basler,wbaslerag@wikia.com,Polygender,80.127.240.158
378,Jehanna,Nares,jnaresah@printfriendly.com,Male,99.32.179.192
379,Eddi,Grimstead,egrimsteadai@google.com.hk,Genderqueer,129.7.118.132
380,Deerdre,Rait,draitaj@acquirethisname.com,Bigender,241.76.22.146
381,Hetty,Barling,hbarlingak@loc.gov,Non-binary,219.64.182.233
382,Johannah,Kuhlen,jkuhlenal@cbc.ca,Non-binary,132.219.73.43
383,Eduardo,Steely,esteelyam@altervista.org,Polygender,241.1.215.1
384,Ambur,Duggen,aduggenan@a8.net,Genderqueer,229.179.40.132
385,Arlinda,Stiant,astiantao@lycos.com,Polygender,83.241.172.40
386,Janean,Hotson,jhotsonap@friendfeed.com,Female,150.122.107.202
387,Obadias,Jindrich,ojindrichaq@360.cn,Polygender,218.65.45.43
388,Drucill,Woodcroft,dwoodcroftar@ebay.co.uk,Female,108.224.30.232
389,Lynnet,Handsheart,lhandsheartas@miitbeian.gov.cn,Female,174.155.50.209
390,Korey,Mogie,kmogieat@stanford.edu,Agender,141.121.134.232
391,Pandora,Pashe,ppasheau@parallels.com,Genderqueer,75.152.87.210
392,Sasha,Vasilenko,svasilenkoav@fda.gov,Bigender,119.107.254.175
393,Manfred,Powder,mpowderaw@aol.com,Polygender,29.147.99.199
394,Reeva,Minster,rminsterax@smh.com.au,Bigender,102.104.204.237
395,Karlene,Lamberth,klamberthay@omniture.com,Genderqueer,85.100.32.185
396,Gayelord,Dwelley,gdwelleyaz@geocities.jp,Non-binary,228.122.196.77
397,Hillary,Landsman,hlandsmanb0@shutterfly.com,Male,54.126.238.160
398,Norrie,Bohlje,nbohljeb1@360.cn,Agender,174.151.92.148
399,Isidoro,Lowne,ilowneb2@princeton.edu,Genderfluid,39.232.4.166
400,Gardy,Ehrat,gehratb3@google.ca,Bigender,61.70.163.25
401,Kristofer,Hablot,khablotb4@mlb.com,Genderfluid,152.162.54.181
402,Vittoria,Shakespeare,vshakespeareb5@intel.com,Male,43.71.221.127
403,Maryjane,Jeffryes,mjeffryesb6@gmpg.org,Genderfluid,44.60.95.103
404,Gussy,Rulton,grultonb7@etsy.com,Female,210.17.62.55
405,Marcellina,Sanday,msandayb8@sciencedirect.com,Genderqueer,81.100.231.133
406,Betti,Cutcliffe,bcutcliffeb9@webs.com,Agender,219.220.75.50
407,Nannie,Barthrup,nbarthrupba@house.gov,Non-binary,43.85.25.45
408,Florinda,Desouza,fdesouzabb@theglobeandmail.com,Agender,156.230.162.158
409,Rhody,Maybey,rmaybeybc@salon.com,Polygender,180.55.100.7
410,Nisse,Crankhorn,ncrankhornbd@e-recht24.de,Polygender,251.228.55.192
411,Isidora,Kinahan,ikinahanbe@arizona.edu,Bigender,196.33.243.120
412,Louise,Beachamp,lbeachampbf@jiathis.com,Bigender,7.225.219.120
413,Leann,Espadero,lespaderobg@sitemeter.com,Agender,7.146.228.36
414,Lucita,Castellanos,lcastellanosbh@vimeo.com,Agender,153.239.145.248
415,Lianna,Frostdick,lfrostdickbi@gizmodo.com,Polygender,105.194.197.170
416,Tory,Lorans,tloransbj@a8.net,Female,89.181.188.133
417,Eustace,Musso,emussobk@cocolog-nifty.com,Agender,125.195.145.132
418,Kaitlyn,Kinchington,kkinchingtonbl@ocn.ne.jp,Non-binary,155.155.116.199
419,Zebedee,Kenningley,zkenningleybm@csmonitor.com,Genderfluid,155.131.18.243
420,Fulvia,Wolton,fwoltonbn@vimeo.com,Bigender,212.233.182.17
421,Joy,Boyton,jboytonbo@issuu.com,Genderfluid,249.141.59.255
422,Zed,Weems,zweemsbp@newyorker.com,Female,150.117.155.100
423,Ernestus,Covil,ecovilbq@storify.com,Agender,208.12.90.29
424,Martguerita,Climar,mclimarbr@yale.edu,Non-binary,242.69.104.34
425,Nolana,Tither,ntitherbs@disqus.com,Male,233.203.153.109
426,Kayley,Henrych,khenrychbt@mtv.com,Female,237.247.80.147
427,Timothy,Thirwell,tthirwellbu@altervista.org,Bigender,141.0.189.117
428,Rosalind,Rimington,rrimingtonbv@furl.net,Polygender,182.199.100.78
429,Eddie,Isham,eishambw@1688.com,Bigender,211.236.126.204
430,Riva,Elia,reliabx@desdev.cn,Bigender,16.209.3.211
431,Frazer,Aglione,faglioneby@de.vu,Agender,216.23.191.152
432,Fallon,Huitson,fhuitsonbz@statcounter.com,Bigender,35.39.63.99
433,Rosetta,Warcop,rwarcopc0@dailymotion.com,Agender,57.8.63.238
434,Coraline,Billes,cbillesc1@clickbank.net,Genderfluid,144.17.75.40
435,Hubert,Pilger,hpilgerc2@indiegogo.com,Non-binary,178.41.193.194
436,Padget,Skiplorne,pskiplornec3@state.gov,Genderqueer,1.231.150.50
437,Aime,Meriet,amerietc4@prnewswire.com,Genderfluid,124.189.175.210
438,Matthew,Caghan,mcaghanc5@walmart.com,Female,140.221.234.185
439,Morley,Penticoot,mpenticootc6@ifeng.com,Female,164.223.37.240
440,Kyla,Kirkhouse,kkirkhousec7@disqus.com,Polygender,111.51.161.81
441,Morty,Proschek,mproschekc8@cdbaby.com,Genderqueer,90.115.67.223
442,Persis,Flahive,pflahivec9@engadget.com,Female,136.132.251.156
443,Barbette,Bazley,bbazleyca@businessweek.com,Genderfluid,185.206.212.198
444,Margi,Cypler,mcyplercb@vk.com,Genderfluid,113.38.155.140
445,Hyatt,Snoddy,hsnoddycc@guardian.co.uk,Male,75.92.211.202
446,Joanna,Falla,jfallacd@princeton.edu,Bigender,123.120.33.5
447,Ali,Wainer,awainerce@va.gov,Genderqueer,115.166.3.204
448,Cece,O'Hingerty,cohingertycf@etsy.com,Genderqueer,86.36.113.252
449,Malorie,McPhee,mmcpheecg@state.gov,Genderqueer,164.194.136.112
450,Aylmar,Eykel,aeykelch@opensource.org,Non-binary,164.25.78.227
451,Kay,Gater,kgaterci@rambler.ru,Female,169.213.65.234
452,Olympia,Pozzi,opozzicj@archive.org,Agender,220.164.239.157
453,Bax,Porritt,bporrittck@eepurl.com,Agender,8.204.159.176
454,Holly,Klas,hklascl@slashdot.org,Male,249.53.130.2
455,Zenia,Seak,zseakcm@geocities.jp,Polygender,37.209.254.15
456,Brig,Basil,bbasilcn@webeden.co.uk,Genderqueer,123.79.217.159
457,Gisela,Tee,gteeco@china.com.cn,Male,173.158.157.51
458,Lita,McGurgan,lmcgurgancp@vistaprint.com,Polygender,95.74.120.74
459,Tressa,Eldon,teldoncq@opera.com,Female,165.15.50.92
460,Benjamen,Bowden,bbowdencr@feedburner.com,Polygender,40.34.77.177
461,Celesta,Terzza,cterzzacs@cbc.ca,Female,130.253.2.85
462,Creigh,Haycox,chaycoxct@webeden.co.uk,Female,13.60.52.56
463,Laurie,Scaddon,lscaddoncu@comsenz.com,Polygender,115.138.84.98
464,Cyrillus,Connors,cconnorscv@themeforest.net,Female,75.105.212.48
465,Jeanine,Mellers,jmellerscw@about.com,Agender,12.192.160.124
466,Katee,Blanchard,kblanchardcx@dot.gov,Non-binary,19.190.194.195
467,Griz,Burdas,gburdascy@stanford.edu,Male,11.75.10.9
468,Christen,Lippi,clippicz@usgs.gov,Female,64.88.2.226
469,Wang,Arkley,warkleyd0@unblog.fr,Non-binary,239.117.22.218
470,Mikaela,Flux,mfluxd1@photobucket.com,Female,124.183.220.56
471,Evelin,Jaye,ejayed2@usnews.com,Agender,74.39.180.225
472,Katherine,Garrals,kgarralsd3@usda.gov,Genderqueer,182.111.229.7
473,Verna,Howood,vhowoodd4@geocities.com,Genderqueer,245.114.91.117
474,Mignon,Kopisch,mkopischd5@scribd.com,Genderfluid,3.31.248.35
475,Michel,Halcro,mhalcrod6@tuttocitta.it,Agender,83.57.89.97
476,Demetris,Jeanon,djeanond7@acquirethisname.com,Polygender,201.93.64.158
477,Ertha,Aloshkin,ealoshkind8@yellowbook.com,Bigender,181.0.61.108
478,Cornelius,McAleese,cmcaleesed9@chicagotribune.com,Genderqueer,59.118.126.254
479,Tabby,Dumbleton,tdumbletonda@cargocollective.com,Bigender,101.20.239.154
480,Gearard,Longstreet,glongstreetdb@ted.com,Polygender,166.91.201.103
481,Major,Watkiss,mwatkissdc@istockphoto.com,Non-binary,28.210.255.208
482,Willis,Garbett,wgarbettdd@tripod.com,Agender,176.48.247.162
483,Kendall,Iddison,kiddisonde@artisteer.com,Polygender,145.109.79.183
484,Dorelia,Maughan,dmaughandf@infoseek.co.jp,Genderqueer,198.149.150.147
485,Muffin,Mecco,mmeccodg@yolasite.com,Non-binary,133.27.35.23
486,Benjamen,McGlaud,bmcglauddh@bing.com,Polygender,194.139.237.83
487,Terrel,Crompton,tcromptondi@fema.gov,Male,132.22.192.159
488,Velma,Anker,vankerdj@deviantart.com,Polygender,169.37.213.238
489,Shay,Diemer,sdiemerdk@elegantthemes.com,Genderqueer,11.229.189.238
490,Milli,Witts,mwittsdl@nbcnews.com,Bigender,185.170.26.156
491,Thalia,Happer,thapperdm@nyu.edu,Genderqueer,112.33.219.86
492,Amalle,Cassin,acassindn@comcast.net,Polygender,255.125.143.162
493,Georas,Astbury,gastburydo@china.com.cn,Polygender,40.198.113.129
494,Patrica,Todd,ptodddp@irs.gov,Male,63.193.140.22
495,Celinda,De Normanville,cdenormanvilledq@ebay.com,Female,111.13.50.237
496,Tiler,Ties,ttiesdr@blogtalkradio.com,Female,238.21.141.13
497,Missy,Emmanueli,memmanuelids@mapy.cz,Agender,226.6.176.49
498,Nanci,Breach,nbreachdt@techcrunch.com,Bigender,45.58.140.152
499,Bailie,Abella,babelladu@imgur.com,Female,59.140.90.214
500,Court,Kemson,ckemsondv@goo.gl,Male,55.30.177.213
501,Gabbie,Marages,gmaragesdw@parallels.com,Agender,119.234.159.102
502,Fae,Whyteman,fwhytemandx@lulu.com,Agender,229.201.47.184
503,Butch,Sollars,bsollarsdy@example.com,Agender,29.83.169.194
504,Guglielmo,Cockin,gcockindz@alexa.com,Genderqueer,1.195.211.174
505,Jedidiah,Kamena,jkamenae0@drupal.org,Male,54.123.63.137
506,Wat,Cubitt,wcubitte1@comsenz.com,Non-binary,238.33.227.224
507,Tedra,Crinkley,tcrinkleye2@t-online.de,Genderfluid,207.31.46.141
508,Angela,Groombridge,agroombridgee3@t.co,Non-binary,127.169.212.200
509,Yvette,Jeness,yjenesse4@salon.com,Polygender,237.50.178.64
510,Aurore,Daout,adaoute5@shinystat.com,Polygender,124.84.91.44
511,Gareth,Troop,gtroope6@devhub.com,Genderqueer,2.170.36.162
512,Norton,Rylance,nrylancee7@ox.ac.uk,Female,29.158.132.249
513,Heddie,Tanser,htansere8@foxnews.com,Polygender,84.192.31.52
514,Wenda,Bosley,wbosleye9@baidu.com,Genderfluid,11.179.250.66
515,Osmond,Couldwell,ocouldwellea@usda.gov,Agender,89.104.122.42
516,Joeann,Carville,jcarvilleeb@163.com,Female,104.41.194.241
517,Candice,Josum,cjosumec@yale.edu,Genderqueer,12.251.23.46
518,Cristine,Franke,cfrankeed@ted.com,Female,227.249.203.255
519,Bone,Armfield,barmfieldee@cdbaby.com,Genderqueer,133.53.153.41
520,Rube,Dacombe,rdacombeef@marketwatch.com,Genderfluid,2.190.90.109
521,Burk,Kondratovich,bkondratovicheg@pen.io,Genderfluid,95.137.4.147
522,Diahann,Langelay,dlangelayeh@so-net.ne.jp,Genderqueer,221.182.43.23
523,Enrichetta,Wayman,ewaymanei@fema.gov,Polygender,129.107.63.104
524,Brent,Macourek,bmacourekej@china.com.cn,Male,123.9.179.146
525,Any,Benedtti,abenedttiek@bravesites.com,Genderqueer,247.153.112.65
526,Kelly,Woodruff,kwoodruffel@google.fr,Genderfluid,95.5.173.121
527,Shaylah,Medlicott,smedlicottem@princeton.edu,Male,102.113.65.64
528,Hans,Briddle,hbriddleen@4shared.com,Bigender,244.243.219.238
529,Dorothee,Leverett,dleveretteo@devhub.com,Male,202.216.204.90
530,Verine,Kindred,vkindredep@bbc.co.uk,Male,117.60.189.216
531,Hedwig,Cheke,hchekeeq@so-net.ne.jp,Polygender,209.201.46.164
532,Ann-marie,Mulvagh,amulvagher@washington.edu,Genderfluid,47.30.41.17
533,Constantine,Falks,cfalkses@slideshare.net,Male,173.226.250.39
534,Betsy,Wyborn,bwybornet@nifty.com,Female,227.78.245.240
535,Sharia,Gethings,sgethingseu@abc.net.au,Non-binary,16.29.18.67
536,Jamil,Warrior,jwarriorev@mtv.com,Genderqueer,232.98.212.240
537,Kylila,Devo,kdevoew@springer.com,Genderqueer,140.201.204.63
538,Bruno,Effnert,beffnertex@comsenz.com,Male,98.107.37.253
539,Teddie,Manning,tmanningey@freewebs.com,Bigender,133.149.127.164
540,Harmony,Pay,hpayez@chronoengine.com,Non-binary,183.3.180.183
541,Cristionna,Dewey,cdeweyf0@sciencedaily.com,Female,183.55.27.123
542,Perren,McGirr,pmcgirrf1@wordpress.org,Non-binary,104.125.185.7
543,Lynette,Nagle,lnaglef2@eepurl.com,Non-binary,147.188.167.59
544,Daveen,Hackford,dhackfordf3@wp.com,Genderqueer,243.160.126.15
545,Mattias,Klima,mklimaf4@marriott.com,Male,163.51.46.208
546,Dominick,Leatherland,dleatherlandf5@sogou.com,Agender,111.156.52.112
547,Mata,Strotton,mstrottonf6@trellian.com,Bigender,62.74.219.229
548,Elisabet,Lethcoe,elethcoef7@auda.org.au,Non-binary,58.108.148.19
549,Jorgan,Fogg,jfoggf8@msn.com,Agender,92.146.217.226
550,Sandro,Hocking,shockingf9@google.com.au,Polygender,148.229.36.58
551,Web,Marvelley,wmarvelleyfa@ycombinator.com,Polygender,38.208.26.16
552,Kellie,Pettegree,kpettegreefb@barnesandnoble.com,Bigender,224.231.16.216
553,Adriana,Crowest,acrowestfc@skyrock.com,Genderfluid,166.229.217.163
554,Conny,Methringham,cmethringhamfd@loc.gov,Agender,123.204.231.113
555,Rhonda,Strass,rstrassfe@nifty.com,Bigender,36.255.115.194
556,Lucy,Broszkiewicz,lbroszkiewiczff@sohu.com,Female,29.170.98.76
557,Arlina,Jackson,ajacksonfg@liveinternet.ru,Polygender,187.253.168.6
558,Natasha,Rebeiro,nrebeirofh@shinystat.com,Genderqueer,161.212.200.83
559,Alyosha,Jorio,ajoriofi@devhub.com,Female,116.101.28.161
560,Charmine,Lorking,clorkingfj@reuters.com,Agender,2.107.172.177
561,Clarinda,Forseith,cforseithfk@godaddy.com,Agender,24.3.173.213
562,Gilli,Skeemer,gskeemerfl@exblog.jp,Male,226.162.107.29
563,Joey,Scrowby,jscrowbyfm@histats.com,Polygender,145.145.186.188
564,Edyth,Amberson,eambersonfn@networkadvertising.org,Polygender,152.234.97.132
565,Roselia,Rothschild,rrothschildfo@hhs.gov,Female,5.66.91.158
566,Juliet,Cockayme,jcockaymefp@cbsnews.com,Agender,225.186.29.154
567,Joete,Thying,jthyingfq@toplist.cz,Bigender,185.255.167.228
568,Hadria,Willimott,hwillimottfr@mapy.cz,Female,69.50.104.240
569,Rubie,Bain,rbainfs@google.com.br,Non-binary,118.120.85.94
570,Helaina,Jackes,hjackesft@dell.com,Non-binary,160.161.105.218
571,Hoyt,Wreford,hwrefordfu@springer.com,Genderfluid,127.140.19.37
572,Pammi,Culshaw,pculshawfv@springer.com,Genderfluid,15.56.148.103
573,Victor,Stollhofer,vstollhoferfw@abc.net.au,Male,152.194.64.42
574,Claude,Peasegod,cpeasegodfx@nbcnews.com,Genderqueer,182.60.138.96
575,Werner,Dyter,wdyterfy@bloglovin.com,Non-binary,88.1.7.204
576,Charis,Gouldthorp,cgouldthorpfz@toplist.cz,Genderqueer,38.70.68.211
577,Silva,Robertelli,srobertellig0@cam.ac.uk,Non-binary,157.159.87.139
578,Candice,Vigneron,cvignerong1@weebly.com,Female,128.62.135.86
579,Frants,Richardson,frichardsong2@theatlantic.com,Male,45.186.202.226
580,Polly,Fraschini,pfraschinig3@ebay.co.uk,Non-binary,191.155.140.15
581,Shayne,Fryett,sfryettg4@washingtonpost.com,Bigender,244.254.148.23
582,Maxine,Jamieson,mjamiesong5@ebay.co.uk,Genderqueer,227.163.191.229
583,Marline,Brecknall,mbrecknallg6@sakura.ne.jp,Female,159.54.52.40
584,Demetris,Sansam,dsansamg7@uiuc.edu,Genderqueer,212.181.77.7
585,Tabbatha,Venus,tvenusg8@guardian.co.uk,Non-binary,130.56.56.157
586,Burnaby,Freathy,bfreathyg9@vk.com,Genderfluid,126.69.95.138
587,Corinne,Sharpling,csharplingga@upenn.edu,Agender,189.5.88.45
588,Farand,Daughton,fdaughtongb@fc2.com,Agender,224.107.89.56
589,Kellyann,Salters,ksaltersgc@xrea.com,Genderfluid,16.156.112.114
590,Krista,Rome,kromegd@state.tx.us,Polygender,242.191.213.74
591,Patten,Videler,pvidelerge@tinypic.com,Bigender,125.225.215.187
592,Keelia,Koche,kkochegf@dagondesign.com,Male,151.214.188.159
593,Raimondo,Staresmeare,rstaresmearegg@lycos.com,Bigender,181.5.171.199
594,Stillman,Charle,scharlegh@tmall.com,Bigender,231.132.43.75
595,Fraser,Haughton,fhaughtongi@dagondesign.com,Genderqueer,1.216.121.185
596,Merv,Bradford,mbradfordgj@senate.gov,Male,101.172.65.67
597,Wendall,Davidow,wdavidowgk@elegantthemes.com,Agender,132.77.16.253
598,Ilene,Bang,ibanggl@wikispaces.com,Male,158.172.234.143
599,Leela,Spondley,lspondleygm@google.es,Female,168.119.32.1
600,Engracia,Argontt,eargonttgn@biblegateway.com,Polygender,134.176.198.106
601,Willamina,Aldis,waldisgo@wsj.com,Non-binary,46.104.167.63
602,Gerti,Sall,gsallgp@github.io,Male,37.9.6.53
603,Charmine,Martell,cmartellgq@gnu.org,Male,194.72.191.2
604,Gene,Baude,gbaudegr@shinystat.com,Polygender,202.68.152.165
605,Alexis,Bolesworth,abolesworthgs@apache.org,Female,76.113.185.127
606,Kare,Sharvill,ksharvillgt@abc.net.au,Female,114.218.68.48
607,Gale,Cowlam,gcowlamgu@vkontakte.ru,Agender,224.196.86.37
608,Shaun,Gerrie,sgerriegv@free.fr,Genderqueer,4.138.230.99
609,Marietta,Vaudrey,mvaudreygw@yellowpages.com,Genderfluid,123.35.2.117
610,Teodoor,Rosenberg,trosenberggx@wordpress.com,Male,251.28.59.62
611,Tamera,Giabuzzi,tgiabuzzigy@sakura.ne.jp,Genderqueer,227.116.42.120
612,Tamqrah,Fawdrie,tfawdriegz@sakura.ne.jp,Male,14.103.103.178
613,Laird,Browett,lbrowetth0@canalblog.com,Bigender,181.169.123.237
614,Wilmette,Zannelli,wzannellih1@soup.io,Female,60.106.126.242
615,Thaine,Verbrugge,tverbruggeh2@xrea.com,Non-binary,182.14.88.11
616,Felix,MacFarlane,fmacfarlaneh3@businessweek.com,Polygender,130.2.91.54
617,Hagan,Waleworke,hwaleworkeh4@fastcompany.com,Agender,177.109.110.32
618,Letitia,Hartridge,lhartridgeh5@mashable.com,Genderqueer,15.141.192.218
619,Graham,Barbie,gbarbieh6@infoseek.co.jp,Polygender,120.193.154.168
620,Dasya,Galego,dgalegoh7@foxnews.com,Male,233.76.63.214
621,Salvador,Fishburn,sfishburnh8@time.com,Polygender,109.141.136.196
622,Broderic,Levings,blevingsh9@yahoo.co.jp,Non-binary,133.143.196.34
623,Ree,Scarasbrick,rscarasbrickha@tinyurl.com,Non-binary,249.94.191.62
624,Agna,McFeat,amcfeathb@privacy.gov.au,Genderqueer,66.196.194.169
625,Ransom,Mellody,rmellodyhc@fc2.com,Polygender,31.107.47.52
626,Kaine,Downton,kdowntonhd@mapquest.com,Bigender,203.51.213.198
627,Van,MacDwyer,vmacdwyerhe@netlog.com,Female,95.101.87.39
628,Tuesday,Pittet,tpittethf@eventbrite.com,Agender,65.232.188.115
629,Tabor,Wilderspoon,twilderspoonhg@ocn.ne.jp,Female,249.202.211.224
630,Allys,Bagguley,abagguleyhh@last.fm,Bigender,7.117.244.140
631,Petronella,Jarley,pjarleyhi@freewebs.com,Female,27.36.81.152
632,Kevin,MacRierie,kmacrieriehj@buzzfeed.com,Genderfluid,239.83.32.162
633,Rhodia,Tomaselli,rtomasellihk@imgur.com,Genderqueer,152.41.234.223
634,Cosimo,Porte,cportehl@timesonline.co.uk,Genderfluid,94.161.189.211
635,Kaja,Lesaunier,klesaunierhm@wp.com,Genderqueer,74.242.5.88
636,Caren,Vasyagin,cvasyaginhn@unicef.org,Female,15.175.86.163
637,Kania,Rickertsen,krickertsenho@princeton.edu,Non-binary,109.116.224.15
638,Conny,Skouling,cskoulinghp@lulu.com,Polygender,228.152.193.173
639,Jacqueline,Hurdidge,jhurdidgehq@msu.edu,Female,120.112.245.169
640,Janaye,Cessford,jcessfordhr@narod.ru,Bigender,15.45.193.199
641,Pavel,Trenbay,ptrenbayhs@cyberchimps.com,Polygender,129.65.207.89
642,Genvieve,Huncoot,ghuncootht@nba.com,Male,105.239.167.113
643,Chevy,Pabelik,cpabelikhu@businessinsider.com,Male,50.199.96.5
644,Josy,Crassweller,jcrasswellerhv@patch.com,Agender,129.176.21.197
645,Frederick,Ableson,fablesonhw@reuters.com,Agender,84.191.193.64
646,Dehlia,Hoofe,dhoofehx@examiner.com,Polygender,80.116.17.134
647,Aldridge,Whotton,awhottonhy@nymag.com,Polygender,112.104.211.170
648,Estell,Killshaw,ekillshawhz@npr.org,Agender,101.98.182.85
649,Bogey,Espine,bespinei0@bbb.org,Female,101.105.181.25
650,Stacey,Rennolds,srennoldsi1@bigcartel.com,Male,86.173.185.26
651,Isiahi,Simonetto,isimonettoi2@hhs.gov,Non-binary,45.115.12.105
652,Lilla,Parkey,lparkeyi3@nasa.gov,Non-binary,143.54.90.133
653,Moishe,Yeldon,myeldoni4@sourceforge.net,Polygender,109.155.137.27
654,Stacie,Syer,ssyeri5@friendfeed.com,Agender,84.229.203.92
655,Kareem,McIleen,kmcileeni6@nba.com,Non-binary,89.172.55.4
656,Kessiah,Lount,klounti7@wired.com,Bigender,118.93.251.91
657,Haven,Hockell,hhockelli8@hibu.com,Polygender,176.224.123.207
658,Nelli,Abazi,nabazii9@xinhuanet.com,Polygender,222.216.111.126
659,Marlie,Donohoe,mdonohoeia@booking.com,Bigender,206.52.21.45
660,Randolf,Bebb,rbebbib@tuttocitta.it,Non-binary,137.235.76.190
661,Tami,De Vile,tdevileic@who.int,Male,74.136.231.72
662,Orbadiah,Ferrick,oferrickid@about.com,Bigender,35.199.209.91
663,Rebecka,Roantree,rroantreeie@psu.edu,Non-binary,19.226.101.62
664,Estel,Kitchenham,ekitchenhamif@reference.com,Female,176.157.193.228
665,Joella,Trendle,jtrendleig@people.com.cn,Male,55.74.155.232
666,Mignon,Bott,mbottih@army.mil,Non-binary,61.37.120.218
667,Nikolas,Guiden,nguidenii@mozilla.org,Agender,21.41.125.144
668,Codi,Giacopini,cgiacopiniij@is.gd,Polygender,31.227.247.143
669,Heinrick,Affron,haffronik@nhs.uk,Non-binary,71.176.16.97
670,Park,Castro,pcastroil@lycos.com,Non-binary,111.27.202.97
671,Hadley,Gilbank,hgilbankim@myspace.com,Bigender,0.53.238.46
672,Elga,Rossbrook,erossbrookin@godaddy.com,Agender,92.117.185.127
673,Myrtice,Learoyde,mlearoydeio@yale.edu,Polygender,49.97.119.39
674,Gratiana,Jones,gjonesip@apache.org,Polygender,10.216.48.216
675,Lorry,Ferneley,lferneleyiq@miibeian.gov.cn,Polygender,92.168.231.60
676,Leicester,Orable,lorableir@dyndns.org,Polygender,172.138.104.89
677,Allan,Mallon,amallonis@nsw.gov.au,Genderfluid,87.117.140.164
678,Adora,Boutellier,aboutellierit@clickbank.net,Agender,234.181.191.61
679,Netty,Frazer,nfrazeriu@plala.or.jp,Non-binary,39.151.199.177
680,Say,Gaber,sgaberiv@canalblog.com,Male,70.167.23.237
681,Adelle,Cholwell,acholwelliw@cocolog-nifty.com,Genderfluid,50.110.40.253
682,Julita,Brenneke,jbrennekeix@1688.com,Male,105.167.70.122
683,Mickey,Woolfall,mwoolfalliy@bbc.co.uk,Non-binary,81.215.147.105
684,Elsy,Vowles,evowlesiz@mayoclinic.com,Bigender,233.253.63.214
685,Kilian,Cato,kcatoj0@fotki.com,Agender,55.200.202.223
686,Eveline,Beldham,ebeldhamj1@soup.io,Agender,241.185.165.33
687,Robin,Arnaudin,rarnaudinj2@earthlink.net,Non-binary,109.140.141.56
688,Mohammed,Barz,mbarzj3@phoca.cz,Polygender,55.165.56.205
689,Haroun,Zoppo,hzoppoj4@time.com,Male,118.180.177.202
690,Britni,Sinnott,bsinnottj5@aol.com,Agender,173.191.18.77
691,Ernst,Fraanchyonok,efraanchyonokj6@yelp.com,Male,242.24.255.231
692,Cissiee,Yuill,cyuillj7@microsoft.com,Female,18.126.0.250
693,Sandye,Liversedge,sliversedgej8@ihg.com,Female,13.20.39.135
694,Creighton,Weldrake,cweldrakej9@skyrock.com,Genderqueer,20.161.108.177
695,Wendell,Scoggin,wscogginja@wordpress.com,Genderfluid,146.172.140.120
696,Rey,Mayo,rmayojb@senate.gov,Genderqueer,219.34.18.180
697,Benni,Ventham,bventhamjc@harvard.edu,Male,14.176.235.202
698,Jarrid,Armit,jarmitjd@utexas.edu,Agender,95.186.91.173
699,Amelie,Lease,aleaseje@indiegogo.com,Polygender,104.157.148.127
700,Marsiella,Hawler,mhawlerjf@hao123.com,Bigender,23.240.228.40
701,Janka,Matys,jmatysjg@pinterest.com,Bigender,244.171.249.160
702,Bobine,Hought,bhoughtjh@ft.com,Genderqueer,173.27.17.175
703,Zorina,Morshead,zmorsheadji@de.vu,Genderqueer,79.207.160.115
704,Gavin,Stanlock,gstanlockjj@blinklist.com,Bigender,189.34.178.31
705,Shoshana,Runchman,srunchmanjk@booking.com,Polygender,163.63.132.59
706,Lucy,Escoffrey,lescoffreyjl@tuttocitta.it,Genderqueer,172.8.68.63
707,Donna,Darlasson,ddarlassonjm@arstechnica.com,Bigender,232.51.123.192
708,Allen,Barensen,abarensenjn@myspace.com,Bigender,57.104.41.79
709,Price,Allden,palldenjo@cmu.edu,Non-binary,182.75.106.198
710,Courtenay,Chastand,cchastandjp@acquirethisname.com,Female,49.120.247.227
711,Benton,Annesley,bannesleyjq@acquirethisname.com,Female,112.53.83.239
712,Myrwyn,Amerighi,mamerighijr@google.co.uk,Non-binary,38.118.111.24
713,Judy,Yewman,jyewmanjs@stumbleupon.com,Female,168.159.31.159
714,Gisele,Lowth,glowthjt@sitemeter.com,Genderfluid,144.213.114.4
715,Druci,Wroughton,dwroughtonju@vkontakte.ru,Female,34.80.100.173
716,Arvin,Vink,avinkjv@fotki.com,Genderqueer,79.151.154.44
717,Chan,Cantua,ccantuajw@cocolog-nifty.com,Agender,244.171.233.45
718,Grove,Raselles,grasellesjx@vkontakte.ru,Bigender,78.112.107.97
719,Karlee,Coneau,kconeaujy@google.pl,Male,210.179.139.8
720,Link,Phalip,lphalipjz@mit.edu,Genderqueer,248.138.43.61
721,Alisun,Manford,amanfordk0@usgs.gov,Female,199.202.113.179
722,Fernando,Blues,fbluesk1@wsj.com,Bigender,49.155.28.174
723,Marya,Stirgess,mstirgessk2@zdnet.com,Polygender,251.112.236.167
724,Janie,Matveiko,jmatveikok3@skype.com,Non-binary,220.214.102.18
725,Viviana,Dran,vdrank4@cafepress.com,Genderfluid,64.206.128.165
726,Erastus,Thorpe,ethorpek5@gravatar.com,Agender,190.132.6.40
727,Haley,Clues,hcluesk6@geocities.jp,Male,236.40.180.202
728,Lizbeth,Rachuig,lrachuigk7@odnoklassniki.ru,Agender,91.5.17.125
729,Helga,Louca,hloucak8@smugmug.com,Non-binary,46.136.203.250
730,Eloisa,Robardey,erobardeyk9@stumbleupon.com,Agender,8.85.235.47
731,Stacee,Hansod,shansodka@spotify.com,Bigender,229.84.1.234
732,Araldo,Condon,acondonkb@angelfire.com,Genderqueer,182.50.69.20
733,Arie,Di Lucia,adiluciakc@npr.org,Agender,12.147.166.86
734,Donelle,Hurry,dhurrykd@blogtalkradio.com,Non-binary,241.104.32.216
735,Xenia,Rowles,xrowleske@patch.com,Polygender,244.212.117.6
736,Annabella,Haps,ahapskf@fda.gov,Genderqueer,52.37.69.88
737,Tirrell,Blackader,tblackaderkg@paginegialle.it,Genderqueer,52.212.212.103
738,Gaye,Gussie,ggussiekh@t.co,Polygender,144.12.77.27
739,Garik,Bessant,gbessantki@ezinearticles.com,Genderqueer,250.65.189.128
740,Agneta,MacIntyre,amacintyrekj@google.com.au,Male,217.16.217.127
741,Tom,O'Mailey,tomaileykk@dailymotion.com,Genderfluid,193.201.154.141
742,Celle,Gunningham,cgunninghamkl@harvard.edu,Genderqueer,88.147.131.154
743,Wells,Winnard,wwinnardkm@usatoday.com,Agender,116.90.43.191
744,Nate,Bartkowiak,nbartkowiakkn@miitbeian.gov.cn,Male,15.129.64.79
745,Sargent,Greystoke,sgreystokeko@businesswire.com,Genderfluid,60.224.115.139
746,Licha,Koppeck,lkoppeckkp@ihg.com,Male,202.35.135.38
747,Rurik,Rikkard,rrikkardkq@nih.gov,Non-binary,124.251.3.155
748,Nerita,Dykins,ndykinskr@tuttocitta.it,Non-binary,54.77.88.128
749,Ianthe,Lavery,ilaveryks@go.com,Agender,16.30.241.149
750,Elroy,Browning,ebrowningkt@earthlink.net,Genderqueer,114.163.204.36
751,Sigismundo,Speer,sspeerku@elpais.com,Polygender,131.189.148.195
752,Tab,Marquis,tmarquiskv@wikimedia.org,Male,138.119.70.44
753,Dex,Gamwell,dgamwellkw@topsy.com,Genderqueer,33.169.107.93
754,Stephen,Dahlman,sdahlmankx@moonfruit.com,Male,157.167.134.79
755,Sonni,Parcall,sparcallky@livejournal.com,Genderqueer,195.232.240.83
756,Pam,Allaker,pallakerkz@multiply.com,Female,151.80.173.143
757,Katee,Lipscomb,klipscombl0@shareasale.com,Bigender,180.105.193.173
758,Wendel,Margrie,wmargriel1@yolasite.com,Genderfluid,169.238.148.56
759,Gav,Stracey,gstraceyl2@example.com,Male,148.71.248.98
760,Gilly,Crosston,gcrosstonl3@bing.com,Bigender,132.125.193.16
761,Vasili,Goundry,vgoundryl4@meetup.com,Genderfluid,87.246.7.178
762,Chrysler,Suddards,csuddardsl5@tumblr.com,Polygender,73.34.128.127
763,Pauletta,Ballantine,pballantinel6@irs.gov,Genderqueer,224.22.37.147
764,Linet,Kingcott,lkingcottl7@bigcartel.com,Polygender,173.242.149.46
765,Constantine,Cawood,ccawoodl8@google.com.hk,Non-binary,224.35.164.30
766,Bernadine,Eskrigge,beskriggel9@domainmarket.com,Agender,24.127.144.51
767,Richmond,Reggiani,rreggianila@alexa.com,Polygender,137.113.48.146
768,Nerty,Mordue,nmorduelb@parallels.com,Genderqueer,12.30.243.202
769,Nari,Dmitriev,ndmitrievlc@opensource.org,Male,75.186.155.13
770,Sherlock,Huleatt,shuleattld@nih.gov,Non-binary,214.137.40.222
771,Odette,Syms,osymsle@apache.org,Bigender,106.66.212.99
772,Nicko,Gillespie,ngillespielf@geocities.jp,Female,62.182.143.71
773,Lay,Wanstall,lwanstalllg@google.ru,Bigender,219.162.137.124
774,Siward,De Fries,sdefrieslh@people.com.cn,Genderfluid,18.45.138.19
775,Franklin,Kivell,fkivellli@washingtonpost.com,Genderqueer,5.185.98.65
776,Brooks,Beever,bbeeverlj@abc.net.au,Agender,29.68.15.21
777,Waly,McGrory,wmcgrorylk@addthis.com,Bigender,106.25.243.28
778,Gay,Archell,garchellll@google.com.hk,Female,21.65.250.105
779,Aprilette,Fisher,afisherlm@livejournal.com,Bigender,143.235.12.57
780,Selina,O'Scandall,soscandallln@bizjournals.com,Polygender,109.187.170.59
781,Rolland,Curle,rcurlelo@amazon.com,Female,91.147.93.224
782,Ronna,Densey,rdenseylp@adobe.com,Genderfluid,112.147.46.52
783,Kesley,London,klondonlq@hubpages.com,Female,64.87.132.170
784,Kellen,Trengove,ktrengovelr@google.com.br,Polygender,178.231.10.218
785,Mathe,Krout,mkroutls@scribd.com,Bigender,113.21.171.17
786,Ediva,Swett,eswettlt@symantec.com,Bigender,230.154.48.1
787,Sascha,Dunbar,sdunbarlu@plala.or.jp,Male,52.86.233.7
788,Osbourne,Lightbown,olightbownlv@unc.edu,Genderqueer,164.109.240.192
789,Lelah,Kidby,lkidbylw@shop-pro.jp,Genderfluid,172.142.125.91
790,Ansell,Chasle,achaslelx@oracle.com,Bigender,224.82.110.148
791,Chas,Civitillo,ccivitilloly@skype.com,Non-binary,98.145.192.30
792,Andriette,Arlott,aarlottlz@thetimes.co.uk,Non-binary,76.224.123.70
793,Jo-anne,Peasee,jpeaseem0@alexa.com,Genderfluid,68.241.228.39
794,Prudi,Crumby,pcrumbym1@canalblog.com,Bigender,104.116.244.36
795,Davon,Bourchier,dbourchierm2@icq.com,Genderqueer,96.56.113.8
796,Yves,Champion,ychampionm3@stumbleupon.com,Agender,244.61.245.160
797,Sande,Enefer,seneferm4@unicef.org,Genderqueer,54.1.25.169
798,Kailey,Peebles,kpeeblesm5@nymag.com,Agender,201.229.111.219
799,Selma,Fletham,sflethamm6@irs.gov,Female,196.15.34.40
800,Lothario,Malbon,lmalbonm7@tumblr.com,Non-binary,210.187.102.82
801,Sigismundo,Brimilcome,sbrimilcomem8@feedburner.com,Non-binary,125.19.201.254
802,Lethia,Johansen,ljohansenm9@google.pl,Agender,7.30.188.25
803,Amandy,Goldup,agoldupma@weebly.com,Genderqueer,105.10.241.163
804,Padriac,Bernadzki,pbernadzkimb@theatlantic.com,Non-binary,5.20.37.211
805,Ethel,Killick,ekillickmc@storify.com,Female,27.29.66.199
806,Duane,Denley,ddenleymd@economist.com,Female,63.54.228.8
807,Ahmed,Druce,adruceme@engadget.com,Female,52.77.181.116
808,Stanwood,Lettsom,slettsommf@intel.com,Genderfluid,35.123.70.169
809,Barton,Ealam,bealammg@sun.com,Non-binary,143.58.247.4
810,Verene,Batterton,vbattertonmh@ning.com,Genderfluid,187.229.203.212
811,Alic,Edmundson,aedmundsonmi@reddit.com,Male,27.58.236.186
812,Pier,Lisciardelli,plisciardellimj@quantcast.com,Agender,71.248.239.161
813,Walton,Wallsam,wwallsammk@sciencedirect.com,Male,143.221.249.102
814,Heath,Hazelhurst,hhazelhurstml@sciencedaily.com,Non-binary,103.203.121.21
815,Harley,Huglin,hhuglinmm@homestead.com,Bigender,132.138.49.167
816,Jeffry,Etteridge,jetteridgemn@merriam-webster.com,Genderqueer,197.72.244.92
817,Way,Aubray,waubraymo@dropbox.com,Non-binary,196.137.247.104
818,Carolann,Dunnett,cdunnettmp@phoca.cz,Female,225.187.234.246
819,Linnea,Pateman,lpatemanmq@amazonaws.com,Genderfluid,101.91.121.8
820,Jill,Hammant,jhammantmr@tiny.cc,Genderqueer,171.209.140.228
821,Vanya,Maberley,vmaberleyms@noaa.gov,Non-binary,14.182.6.37
822,Margie,Pedreschi,mpedreschimt@sun.com,Bigender,174.220.90.240
823,Hastie,Ulyatt,hulyattmu@cisco.com,Genderqueer,2.141.234.189
824,Conchita,Fluck,cfluckmv@addtoany.com,Non-binary,111.3.250.204
825,Stavro,Loffel,sloffelmw@xrea.com,Bigender,163.44.63.224
826,Chloette,Mc Ilory,cmcilorymx@discuz.net,Polygender,6.158.177.73
827,Marisa,Ruler,mrulermy@apple.com,Bigender,208.145.68.96
828,Evangeline,Gawthorp,egawthorpmz@studiopress.com,Non-binary,233.157.173.147
829,Thomasin,Life,tlifen0@chicagotribune.com,Agender,251.154.137.241
830,Jeremiah,Garthside,jgarthsiden1@harvard.edu,Genderqueer,124.60.212.241
831,Sally,Danels,sdanelsn2@drupal.org,Genderqueer,197.237.47.2
832,Hyacinthe,Garretts,hgarrettsn3@typepad.com,Bigender,230.136.41.52
833,Wendeline,Aynsley,waynsleyn4@stumbleupon.com,Polygender,92.146.176.198
834,Deena,Piscopello,dpiscopellon5@mapquest.com,Non-binary,84.138.85.75
835,Paula,Ryman,prymann6@slate.com,Non-binary,234.130.68.229
836,Dyna,Gricks,dgricksn7@telegraph.co.uk,Genderfluid,162.83.210.147
837,Starlin,Vido,svidon8@webmd.com,Agender,159.75.170.138
838,Nanette,Lynett,nlynettn9@netscape.com,Male,164.251.26.11
839,Blair,Wombwell,bwombwellna@theatlantic.com,Genderfluid,61.194.201.108
840,Kipp,Bruun,kbruunnb@ycombinator.com,Polygender,167.146.146.183
841,Sylvan,Wattinham,swattinhamnc@pbs.org,Genderfluid,218.73.99.185
842,Lyon,Pipping,lpippingnd@sina.com.cn,Agender,51.64.35.116
843,Debi,Proughten,dproughtenne@usatoday.com,Male,153.82.69.221
844,Timoteo,Leek,tleeknf@redcross.org,Bigender,45.81.51.182
845,Starr,Poulglais,spoulglaisng@pagesperso-orange.fr,Non-binary,145.53.171.104
846,Gaelan,Stallion,gstallionnh@bloglines.com,Female,204.81.59.70
847,Con,Oxshott,coxshottni@printfriendly.com,Genderqueer,84.33.34.174
848,Farrah,Kemme,fkemmenj@rambler.ru,Male,184.168.22.44
849,Lisa,Cassam,lcassamnk@yale.edu,Polygender,16.254.132.163
850,Nessy,Anstead,nansteadnl@epa.gov,Genderfluid,93.184.91.113
851,Dareen,Abramchik,dabramchiknm@comsenz.com,Male,117.98.75.179
852,Bernetta,McIlwraith,bmcilwraithnn@simplemachines.org,Genderqueer,12.195.125.40
853,Charleen,Bondar,cbondarno@surveymonkey.com,Polygender,50.77.88.12
854,Aldric,Persehouse,apersehousenp@reverbnation.com,Male,76.163.4.111
855,Shelley,Cubin,scubinnq@vimeo.com,Female,208.52.204.237
856,Cordelia,Brookzie,cbrookzienr@ovh.net,Non-binary,155.77.48.29
857,Giusto,Tomczynski,gtomczynskins@weebly.com,Male,18.54.121.111
858,Selie,Maslen,smaslennt@unc.edu,Genderqueer,21.219.229.32
859,Dacey,Aldington,daldingtonnu@forbes.com,Genderqueer,57.169.66.15
860,Lyndsay,Klulisek,lkluliseknv@acquirethisname.com,Genderqueer,184.36.7.227
861,Blondelle,Dorber,bdorbernw@foxnews.com,Agender,130.97.47.16
862,Julia,Buckell,jbuckellnx@barnesandnoble.com,Genderqueer,5.88.98.206
863,Hervey,MacEllen,hmacellenny@netlog.com,Non-binary,229.177.5.48
864,Ward,Brocklesby,wbrocklesbynz@bbc.co.uk,Polygender,31.204.107.203
865,Shep,Royse,sroyseo0@creativecommons.org,Genderfluid,41.144.108.106
866,Garreth,Chesshyre,gchesshyreo1@accuweather.com,Agender,14.44.165.21
867,Lindon,MacGrath,lmacgratho2@artisteer.com,Genderqueer,30.237.49.191
868,Rosie,Vanner,rvannero3@cmu.edu,Agender,59.47.233.125
869,Toddy,Mawhinney,tmawhinneyo4@foxnews.com,Polygender,37.71.70.102
870,Gerianna,Stormont,gstormonto5@123-reg.co.uk,Male,153.20.15.116
871,Farand,Iuorio,fiuorioo6@nytimes.com,Agender,29.79.80.232
872,Karalee,Kalb,kkalbo7@yellowbook.com,Non-binary,10.114.188.46
873,Mile,Broxton,mbroxtono8@myspace.com,Genderqueer,86.133.79.239
874,Reynard,Perview,rperviewo9@abc.net.au,Female,247.77.144.93
875,Tessi,Dermot,tdermotoa@jimdo.com,Bigender,44.97.109.239
876,Farah,Crosoer,fcrosoerob@gnu.org,Male,91.223.141.134
877,Katherine,MacGlory,kmacgloryoc@microsoft.com,Female,184.196.83.103
878,Madelene,McCarty,mmccartyod@chron.com,Genderfluid,67.232.87.62
879,Jessy,Fenning,jfenningoe@ebay.co.uk,Bigender,148.127.252.194
880,Drusy,Koene,dkoeneof@ucoz.com,Non-binary,97.97.140.145
881,Charisse,Jewes,cjewesog@imdb.com,Female,125.35.175.212
882,Hyacinthia,MacElroy,hmacelroyoh@rediff.com,Agender,44.42.221.140
883,Hermine,Dodwell,hdodwelloi@parallels.com,Polygender,95.63.233.54
884,Gideon,Pilpovic,gpilpovicoj@fastcompany.com,Agender,231.121.75.39
885,Loreen,Sarfatti,lsarfattiok@phoca.cz,Bigender,124.181.29.207
886,Janis,Jurges,jjurgesol@jugem.jp,Female,233.242.48.155
887,Ruthanne,Schiell,rschiellom@delicious.com,Agender,159.29.194.68
888,Ashil,Grisdale,agrisdaleon@webnode.com,Male,131.108.232.183
889,Iver,Dennison,idennisonoo@omniture.com,Non-binary,211.81.147.42
890,Christa,Whittock,cwhittockop@java.com,Bigender,124.9.177.85
891,Stillmann,Grunson,sgrunsonoq@cafepress.com,Genderfluid,183.7.4.99
892,Megen,Lapworth,mlapworthor@google.nl,Male,125.5.195.180
893,Eli,Kinner,ekinneros@technorati.com,Genderqueer,178.164.195.238
894,Bobina,Standon,bstandonot@tumblr.com,Bigender,108.39.195.133
895,Tallulah,Skade,tskadeou@tripod.com,Non-binary,57.191.239.129
896,Mart,Drewry,mdrewryov@edublogs.org,Non-binary,19.188.149.195
897,Perl,Simants,psimantsow@jugem.jp,Non-binary,158.66.229.163
898,Elnar,Martelet,emarteletox@netscape.com,Female,38.77.20.201
899,Shawnee,Maginot,smaginotoy@desdev.cn,Genderfluid,166.93.235.135
900,Edouard,Otterwell,eotterwelloz@blogspot.com,Male,171.158.57.214
901,Adelind,Boncore,aboncorep0@engadget.com,Female,53.41.123.167
902,Christi,Girton,cgirtonp1@opensource.org,Genderqueer,180.171.37.210
903,Cosmo,Alster,calsterp2@mac.com,Bigender,246.208.143.79
904,Iorgos,Healeas,ihealeasp3@angelfire.com,Non-binary,199.129.225.254
905,Timmy,Kiehl,tkiehlp4@com.com,Bigender,143.255.82.20
906,Marjy,Loveman,mlovemanp5@mail.ru,Polygender,110.140.175.57
907,Curry,Ithell,cithellp6@usatoday.com,Agender,134.59.167.151
908,Lynnell,Eddington,leddingtonp7@sphinn.com,Genderfluid,105.60.254.197
909,Jerald,Dikels,jdikelsp8@wikimedia.org,Genderqueer,207.124.25.97
910,Fletch,Lowcock,flowcockp9@bizjournals.com,Genderfluid,79.89.164.210
911,Luise,Roughley,lroughleypa@wisc.edu,Non-binary,145.64.171.248
912,Perry,Maric,pmaricpb@istockphoto.com,Agender,133.44.123.142
913,Emeline,Aveyard,eaveyardpc@comsenz.com,Female,169.169.39.35
914,Clarisse,Brandrick,cbrandrickpd@google.com.au,Genderqueer,0.150.142.151
915,Shermie,Kearney,skearneype@hc360.com,Bigender,37.237.77.216
916,Luce,Gillebert,lgillebertpf@pcworld.com,Male,1.136.147.22
917,Temp,Togher,ttogherpg@china.com.cn,Female,88.3.27.5
918,Emery,Androli,eandroliph@apache.org,Agender,94.154.60.227
919,Demetrius,Primarolo,dprimarolopi@naver.com,Male,155.178.97.154
920,Georgi,Lavery,glaverypj@nih.gov,Non-binary,129.191.229.140
921,Asher,Soonhouse,asoonhousepk@bloomberg.com,Agender,120.197.126.107
922,Mimi,Povlsen,mpovlsenpl@simplemachines.org,Genderfluid,212.62.17.13
923,Dulcea,La Torre,dlatorrepm@hud.gov,Female,102.231.198.93
924,Gerianne,Dana,gdanapn@facebook.com,Bigender,205.231.41.99
925,Reyna,Fawdry,rfawdrypo@tamu.edu,Genderfluid,194.57.161.207
926,Lynnette,Gilpin,lgilpinpp@discovery.com,Female,155.84.181.95
927,Arlee,Batrim,abatrimpq@dell.com,Genderfluid,51.251.111.84
928,Mackenzie,Roast,mroastpr@sciencedirect.com,Genderqueer,26.132.44.158
929,Cheston,World,cworldps@npr.org,Genderqueer,102.191.14.86
930,Channa,Keaveney,ckeaveneypt@washington.edu,Agender,51.195.153.153
931,Dallon,Guinery,dguinerypu@joomla.org,Polygender,37.205.89.192
932,Bogey,Huzzey,bhuzzeypv@storify.com,Male,28.11.207.186
933,Vic,Merioth,vmeriothpw@diigo.com,Bigender,181.37.18.81
934,Michelina,Libby,mlibbypx@prweb.com,Genderfluid,151.190.107.10
935,Tome,Jansema,tjansemapy@shareasale.com,Agender,49.1.40.233
936,Jayne,Southgate,jsouthgatepz@bloomberg.com,Genderqueer,251.116.53.28
937,Alene,Cauderlie,acauderlieq0@xrea.com,Genderqueer,154.226.17.231
938,Brook,Biagi,bbiagiq1@liveinternet.ru,Genderfluid,211.151.108.84
939,Enrique,Rowatt,erowattq2@unicef.org,Genderfluid,147.96.159.103
940,Nolana,MacGown,nmacgownq3@simplemachines.org,Genderqueer,99.44.159.231
941,Giulio,Kempshall,gkempshallq4@mashable.com,Bigender,84.163.171.82
942,Estrella,Collman,ecollmanq5@indiegogo.com,Genderfluid,182.186.216.112
943,Marlo,Geard,mgeardq6@deviantart.com,Agender,228.79.194.66
944,Irvine,Heeron,iheeronq7@jugem.jp,Non-binary,186.75.149.38
945,Patsy,Jobson,pjobsonq8@ning.com,Genderqueer,40.200.178.130
946,Susanetta,Lambkin,slambkinq9@vk.com,Polygender,95.174.62.200
947,Halimeda,Base,hbaseqa@ca.gov,Female,25.61.115.16
948,Annabel,McGebenay,amcgebenayqb@sogou.com,Genderfluid,196.116.214.143
949,Mei,Emptage,memptageqc@timesonline.co.uk,Non-binary,219.47.165.62
950,Darsey,Ringham,dringhamqd@nsw.gov.au,Polygender,133.53.221.68
951,Jasper,Leteurtre,jleteurtreqe@bravesites.com,Genderfluid,109.89.4.37
952,Nicoline,Gomar,ngomarqf@behance.net,Bigender,195.37.99.21
953,Dane,Chevins,dchevinsqg@i2i.jp,Male,40.205.63.171
954,Biron,Fountain,bfountainqh@youtube.com,Genderfluid,228.113.44.64
955,Ediva,O'Fogerty,eofogertyqi@blogs.com,Bigender,136.157.58.100
956,Taber,Pibworth,tpibworthqj@google.pl,Agender,108.46.223.151
957,Randi,Skeermer,rskeermerqk@redcross.org,Polygender,247.121.84.121
958,Laina,Bonwell,lbonwellql@devhub.com,Agender,210.96.219.158
959,Brear,Dreinan,bdreinanqm@printfriendly.com,Male,114.113.236.137
960,Terri,Thornborrow,tthornborrowqn@shinystat.com,Genderqueer,97.32.49.45
961,Henrik,Warne,hwarneqo@bing.com,Polygender,94.38.195.111
962,Devondra,Hallyburton,dhallyburtonqp@sogou.com,Bigender,249.67.220.238
963,Marietta,Cantor,mcantorqq@wikia.com,Non-binary,183.22.133.186
964,Sisile,Shugg,sshuggqr@accuweather.com,Genderfluid,29.32.165.203
965,Pippo,Buffery,pbufferyqs@sfgate.com,Genderqueer,132.7.26.59
966,Norbie,Shepton,nsheptonqt@aboutads.info,Non-binary,241.243.226.130
967,Randene,Voisey,rvoiseyqu@cbsnews.com,Non-binary,44.156.231.142
968,Tasha,Daniell,tdaniellqv@ezinearticles.com,Bigender,230.18.85.106
969,Abbe,Koubek,akoubekqw@1und1.de,Bigender,70.93.184.205
970,Roxie,Artz,rartzqx@opera.com,Genderqueer,158.38.241.166
971,Aaron,Bodemeaid,abodemeaidqy@arstechnica.com,Genderqueer,8.62.220.168
972,Lissy,Starsmore,lstarsmoreqz@usgs.gov,Genderqueer,189.92.88.133
973,Jilly,Wager,jwagerr0@dot.gov,Female,112.45.19.84
974,Karolina,Roze,krozer1@xrea.com,Bigender,197.108.186.132
975,Dunn,Mitro,dmitror2@deviantart.com,Genderqueer,114.56.207.0
976,Cherise,McDoual,cmcdoualr3@acquirethisname.com,Genderqueer,202.140.240.33
977,Traci,Janoch,tjanochr4@phpbb.com,Agender,212.94.198.254
978,Chris,Sanney,csanneyr5@dailymail.co.uk,Male,156.190.197.70
979,Boothe,Jendricke,bjendricker6@clickbank.net,Genderqueer,67.34.34.21
980,Jarad,Ferriere,jferrierer7@youku.com,Genderfluid,224.165.79.152
981,Noland,Iannelli,niannellir8@canalblog.com,Genderfluid,184.145.250.22
982,Carol,Voysey,cvoyseyr9@friendfeed.com,Agender,119.237.171.82
983,Zacharia,Lambin,zlambinra@soundcloud.com,Male,212.49.35.76
984,Marylynne,Hardiman,mhardimanrb@adobe.com,Female,80.177.78.237
985,Annora,Garbutt,agarbuttrc@about.me,Genderqueer,84.114.106.102
986,Elizabeth,Gumb,egumbrd@chron.com,Genderqueer,232.14.90.41
987,Lulita,Atkins,latkinsre@dell.com,Bigender,125.27.88.104
988,Hillier,Wileman,hwilemanrf@harvard.edu,Bigender,146.19.100.184
989,Jase,Webb-Bowen,jwebbbowenrg@dropbox.com,Bigender,227.117.239.45
990,Patricio,MacGiany,pmacgianyrh@ow.ly,Bigender,93.203.56.82
991,Erl,Keely,ekeelyri@elpais.com,Non-binary,213.56.115.76
992,Clotilda,Kelsey,ckelseyrj@imdb.com,Genderqueer,216.234.168.6
993,Abramo,Stacey,astaceyrk@wiley.com,Non-binary,35.171.94.80
994,Justinn,Romain,jromainrl@fda.gov,Genderfluid,126.210.206.199
995,Gwyneth,Figurski,gfigurskirm@nhs.uk,Genderqueer,159.255.247.178
996,Thoma,Batthew,tbatthewrn@newyorker.com,Genderfluid,49.62.13.76
997,Basia,Stait,bstaitro@sciencedaily.com,Agender,146.61.179.243
998,Tammi,Mc Caughan,tmccaughanrp@squidoo.com,Polygender,199.183.207.34
999,Cayla,Goodlad,cgoodladrq@google.nl,Polygender,124.81.112.92
1000,Cathyleen,Benzing,cbenzingrr@adobe.com,Female,126.137.0.10
